-- phpMyAdmin SQL Dump
-- version 5.2.1
-- https://www.phpmyadmin.net/
--
-- Host: localhost:3306
-- Generation Time: Mar 02, 2024 at 04:47 AM
-- Server version: 10.6.16-MariaDB-cll-lve-log
-- PHP Version: 7.4.27

SET SQL_MODE = "NO_AUTO_VALUE_ON_ZERO";
START TRANSACTION;
SET time_zone = "+00:00";


/*!40101 SET @OLD_CHARACTER_SET_CLIENT=@@CHARACTER_SET_CLIENT */;
/*!40101 SET @OLD_CHARACTER_SET_RESULTS=@@CHARACTER_SET_RESULTS */;
/*!40101 SET @OLD_COLLATION_CONNECTION=@@COLLATION_CONNECTION */;
/*!40101 SET NAMES utf8mb4 */;

--
-- Database: `nescggna_kaynat`
--

-- --------------------------------------------------------

--
-- Table structure for table `attribute_definition`
--

CREATE TABLE `attribute_definition` (
  `attribute_id` int(11) NOT NULL,
  `attribute_name` varchar(32) DEFAULT NULL,
  `attribute_type_id` int(11) DEFAULT NULL,
  `is_active` int(11) DEFAULT NULL
) ENGINE=InnoDB DEFAULT CHARSET=latin1 COLLATE=latin1_swedish_ci;

--
-- Dumping data for table `attribute_definition`
--

INSERT INTO `attribute_definition` (`attribute_id`, `attribute_name`, `attribute_type_id`, `is_active`) VALUES
(1, 'Color', 3, 1),
(2, 'Size', 3, 1),
(3, 'vat (%)', 1, 0),
(4, 'Tax (%)', 1, 0),
(5, 'Bonus Point', 1, 0),
(6, 'Discount', 12, 0),
(7, 'Brand', 1, 0),
(8, 'Product Details', 23, 0),
(10, 'Processor', 1, 0),
(11, 'Storage & RAM', 1, 0),
(12, 'Display', 1, 0),
(13, 'Camera', 1, 0),
(14, 'Charging & Battery', 1, 0),
(15, 'Size & Weight', 1, 0),
(16, 'Operating System', 1, 0),
(17, 'Warranty', 1, 1),
(18, 'Country', 1, 0),
(19, 'Kit Type', 1, 0),
(20, 'Bicycle Code', 1, 1),
(21, 'Frame Size', 1, 1),
(22, 'Material', 1, 1),
(23, 'Rim', 1, 1),
(24, 'Frame', 1, 1),
(25, 'Fork', 1, 1),
(26, 'Handlebar', 1, 1),
(27, 'Breakset', 1, 1),
(28, 'Brake lever', 1, 1),
(29, 'Crankset', 1, 1),
(30, 'Tire', 1, 1);

-- --------------------------------------------------------

--
-- Table structure for table `attribute_type_definition`
--

CREATE TABLE `attribute_type_definition` (
  `attribute_type_id` int(11) NOT NULL,
  `attribute_type_name` varchar(32) DEFAULT NULL,
  `is_active` int(11) DEFAULT 1
) ENGINE=InnoDB DEFAULT CHARSET=latin1 COLLATE=latin1_swedish_ci;

--
-- Dumping data for table `attribute_type_definition`
--

INSERT INTO `attribute_type_definition` (`attribute_type_id`, `attribute_type_name`, `is_active`) VALUES
(1, 'text', 1),
(2, 'button', 0),
(3, 'checkbox', 1),
(4, 'color', 0),
(5, 'date', 1),
(6, 'datetime-local', 0),
(7, 'email', 0),
(8, 'file', 1),
(9, 'hidden', 0),
(10, 'image', 0),
(11, 'month', 0),
(12, 'number', 1),
(13, 'password', 0),
(14, 'radio', 0),
(15, 'range', 0),
(16, 'reset', 0),
(17, 'search', 0),
(18, 'submit', 0),
(19, 'tel', 0),
(20, 'time', 0),
(21, 'url', 0),
(22, 'week', 0),
(23, 'textarea', 1);

-- --------------------------------------------------------

--
-- Table structure for table `backoffice_login`
--

CREATE TABLE `backoffice_login` (
  `login_id` int(11) NOT NULL,
  `office_user_id` int(11) NOT NULL,
  `full_name` varchar(256) DEFAULT NULL,
  `user_email` varchar(128) NOT NULL,
  `login_user_name` varchar(32) NOT NULL,
  `login_user_pass` varchar(512) NOT NULL,
  `user_image` varchar(32) DEFAULT NULL,
  `role_id` int(11) NOT NULL,
  `token` varchar(512) DEFAULT NULL,
  `last_login` date DEFAULT NULL,
  `is_active` int(11) NOT NULL
) ENGINE=InnoDB DEFAULT CHARSET=latin1 COLLATE=latin1_swedish_ci;

--
-- Dumping data for table `backoffice_login`
--

INSERT INTO `backoffice_login` (`login_id`, `office_user_id`, `full_name`, `user_email`, `login_user_name`, `login_user_pass`, `user_image`, `role_id`, `token`, `last_login`, `is_active`) VALUES
(1, 999, 'ABU BAKAR SIDDIQUE', 'abusid@gmail.com', 'admin', '$2y$10$GiWR74K2NwB/CvVkNM9NzOP4kYJPp2ziCMvLWSwG6Om0MOCKJvOBa', '202207240549face16.jpg', 1, 'ebeb491775e9505a01d18b3d732588a3d272aa21', NULL, 1),
(2, 1000, 'Moyuri', 'moyuri@kaynat.com', 'Moyuri', '$2y$10$.pynO24r7Gq08pOheRqPze5P8bik77qK6MZmgv8vW6wiUIneBNYIS', '202207231746face5.jpg', 1, NULL, NULL, 1),
(3, 1005, 'Kamrul Hasan', 'hasan@email.com', 'Rasel', '$2y$10$.pynO24r7Gq08pOheRqPze5P8bik77qK6MZmgv8vW6wiUIneBNYIS', '202207231733user.webp', 1, NULL, NULL, 1),
(8, 11, 'Rimi', 'rimi@kaynat.com', 'Rimi', '$2y$10$bNlmOetiDCzJ7gWv1vuVBOrjC43/d/9ptXvyX0QD0QV55jUA2yqK6', NULL, 3, NULL, NULL, 1),
(9, 12123, 'Administrator', 'admin@kaynat.com', 'sh8170468@gmail.com', '$2y$10$.K5l4vmqnQZzNvrbs38Jie/RrOmLytgKtg97UHySlfE7SwT5zycxK', NULL, 2, NULL, NULL, 1);

-- --------------------------------------------------------

--
-- Table structure for table `backoffice_role`
--

CREATE TABLE `backoffice_role` (
  `role_id` int(11) NOT NULL,
  `role_name` varchar(32) NOT NULL
) ENGINE=InnoDB DEFAULT CHARSET=latin1 COLLATE=latin1_swedish_ci;

--
-- Dumping data for table `backoffice_role`
--

INSERT INTO `backoffice_role` (`role_id`, `role_name`) VALUES
(1, 'Super Administrator'),
(2, 'Super_Administrator'),
(3, 'Salesman');

-- --------------------------------------------------------

--
-- Table structure for table `banner_information`
--

CREATE TABLE `banner_information` (
  `id` int(11) NOT NULL,
  `banner_url` varchar(32) NOT NULL,
  `banner_address` varchar(255) DEFAULT NULL,
  `banner_mobile` varchar(20) DEFAULT NULL,
  `banner_email` varchar(32) NOT NULL DEFAULT 'contact@yyooss.com',
  `banner_name` varchar(128) NOT NULL,
  `banner_logo` varchar(512) NOT NULL,
  `is_active` int(11) NOT NULL
) ENGINE=InnoDB DEFAULT CHARSET=latin1 COLLATE=latin1_swedish_ci;

--
-- Dumping data for table `banner_information`
--

INSERT INTO `banner_information` (`id`, `banner_url`, `banner_address`, `banner_mobile`, `banner_email`, `banner_name`, `banner_logo`, `is_active`) VALUES
(1, 'https://kaynat.nescostore.com', 'Nirala Mor (Opposite of Nirala Police Fari), Khulna', '+8801797073796', 'contact@tkaynat.nescostore.com', 'Kaynat', 'https://kaynat.nescostore.com/public/backend/kaynat.jpeg', 1);

-- --------------------------------------------------------

--
-- Table structure for table `cart_cancel`
--

CREATE TABLE `cart_cancel` (
  `cancel_id` int(11) NOT NULL,
  `cart_id` int(11) NOT NULL,
  `cancelled_by_id` int(11) NOT NULL,
  `cancel_note` text NOT NULL,
  `cancel_time` date NOT NULL,
  `last_delivery_level` int(11) NOT NULL
) ENGINE=InnoDB DEFAULT CHARSET=latin1 COLLATE=latin1_swedish_ci;

-- --------------------------------------------------------

--
-- Table structure for table `cart_delivery`
--

CREATE TABLE `cart_delivery` (
  `delivery_id` int(11) NOT NULL,
  `temp_cart_id` int(11) NOT NULL,
  `cart_id` int(11) DEFAULT NULL,
  `waiter_id` int(11) DEFAULT NULL,
  `payment_status` int(11) DEFAULT 0,
  `delivery_status_id` int(11) DEFAULT NULL
) ENGINE=InnoDB DEFAULT CHARSET=latin1 COLLATE=latin1_swedish_ci;

-- --------------------------------------------------------

--
-- Table structure for table `cart_informtion`
--

CREATE TABLE `cart_informtion` (
  `cart_id` int(11) NOT NULL,
  `consumer_id` int(11) DEFAULT NULL,
  `cart_date` varchar(32) DEFAULT NULL,
  `cart_status` int(11) DEFAULT NULL,
  `payment_method_id` int(11) DEFAULT NULL,
  `total_cart_amount` float DEFAULT NULL,
  `vat_amount` float DEFAULT 0,
  `total_discount` float DEFAULT 0,
  `total_payable_amount` float DEFAULT NULL,
  `gross_profit` float DEFAULT NULL,
  `payment_method_charge` float DEFAULT NULL,
  `final_total_amount` float DEFAULT NULL,
  `paid_amount` double DEFAULT NULL,
  `due_amount` double DEFAULT 0,
  `net_profit` float DEFAULT NULL,
  `delivery_date` varchar(32) DEFAULT NULL,
  `table_no` varchar(32) DEFAULT NULL,
  `waiter_id` int(11) DEFAULT NULL,
  `sales_type` int(11) NOT NULL DEFAULT 1,
  `created_by` int(11) DEFAULT NULL,
  `is_vat_enabled` tinyint(1) DEFAULT NULL
) ENGINE=InnoDB DEFAULT CHARSET=latin1 COLLATE=latin1_swedish_ci;

--
-- Dumping data for table `cart_informtion`
--

INSERT INTO `cart_informtion` (`cart_id`, `consumer_id`, `cart_date`, `cart_status`, `payment_method_id`, `total_cart_amount`, `vat_amount`, `total_discount`, `total_payable_amount`, `gross_profit`, `payment_method_charge`, `final_total_amount`, `paid_amount`, `due_amount`, `net_profit`, `delivery_date`, `table_no`, `waiter_id`, `sales_type`, `created_by`, `is_vat_enabled`) VALUES
(1, 127, '2022-11-17 15:03:03', 1, 1, 1800, 0, 0, 1800, 200, NULL, 1800, 1800, 0, 200, NULL, NULL, NULL, 2, 2, 1),
(2, 125, '2022-11-17 15:47:56', 1, 1, 1240, 0, 0, 1240, 340, NULL, 1240, 1240, 0, 340, NULL, NULL, NULL, 1, 7, NULL),
(3, 125, '2022-11-17 17:06:17', 1, 1, 130, 0, 0, 130, 30, NULL, 130, 130, 0, 30, NULL, NULL, NULL, 2, 7, NULL),
(4, 126, '2022-11-17 17:07:22', 1, 1, 200, 0, 0, 200, 100, NULL, 200, 200, 0, 100, NULL, NULL, NULL, 1, 7, NULL),
(5, 126, '2022-11-18 16:16:00', 1, 1, 200, 0, 0, 200, 100, NULL, 200, 200, 0, 100, NULL, NULL, NULL, 1, 7, NULL),
(9, 137, '2022-11-26 12:04:28', 1, 1, 1040, 0, 0, 1040, 200, NULL, 1040, 1040, 0, 200, NULL, NULL, NULL, 1, 2, 1),
(10, 138, '2022-11-26 12:18:46', 1, 1, 520, 0, 0, 520, 120, NULL, 520, 520, 0, 120, NULL, NULL, NULL, 1, 2, NULL),
(11, 139, '2022-11-28 06:51:52', 1, 1, 530, 0, 0, 530, 180, NULL, 530, 530, 0, 180, NULL, NULL, NULL, 1, 2, NULL),
(12, 140, '2022-11-30 06:20:17', 1, 1, 850, 0, 0, 850, 50, NULL, 850, 850, 0, 50, NULL, NULL, NULL, 1, 2, NULL),
(13, 141, '2022-11-30 13:14:09', 1, 1, 750, 0, 0, 750, 190, NULL, 750, 750, 0, 190, NULL, NULL, NULL, 1, 2, NULL),
(14, 142, '2022-11-30 13:55:32', 1, 1, 1040, 0, 0, 1040, 200, NULL, 1040, 1040, 0, 200, NULL, NULL, NULL, 1, 2, NULL),
(15, 143, '2022-12-03 06:42:44', 1, 1, 250, 0, 0, 250, 50, NULL, 250, 250, 0, 50, NULL, NULL, NULL, 1, 2, NULL),
(16, 144, '2022-12-03 06:59:29', 1, 1, 350, 0, 0, 350, 50, NULL, 350, 350, 0, 50, NULL, NULL, NULL, 1, 2, NULL),
(17, 145, '2022-12-03 10:41:42', 1, 1, 1170, 0, 0, 1170, 250, NULL, 1170, 1170, 0, 250, NULL, NULL, NULL, 1, 2, NULL),
(18, 146, '2022-12-03 13:00:20', 1, 1, 350, 0, 0, 350, 50, NULL, 350, 350, 0, 50, NULL, NULL, NULL, 1, 2, NULL),
(19, 147, '2022-12-05 08:36:24', 1, 1, 280, 0, 0, 280, 100, NULL, 280, 280, 0, 100, NULL, NULL, NULL, 1, 2, NULL),
(20, 148, '2022-12-05 09:46:38', 1, 1, 1200, 0, 0, 1200, 250, NULL, 1200, 1200, 0, 250, NULL, NULL, NULL, 1, 2, NULL),
(21, 149, '2022-12-05 09:47:44', 1, 1, 350, 0, 0, 350, 50, NULL, 350, 350, 0, 50, NULL, NULL, NULL, 1, 2, NULL),
(22, 150, '2022-12-05 11:29:24', 1, 1, 650, 0, 0, 650, 100, NULL, 650, 650, 0, 100, NULL, NULL, NULL, 1, 2, NULL),
(23, 151, '2022-12-05 12:57:50', 1, 1, 1300, 0, 0, 1300, 340, NULL, 1300, 1300, 0, 340, NULL, NULL, NULL, 1, 2, NULL),
(24, 152, '2022-12-05 13:43:04', 1, 1, 350, 0, 0, 350, 100, NULL, 350, 350, 0, 100, NULL, NULL, NULL, 1, 2, NULL),
(25, 153, '2022-12-05 13:59:16', 1, 1, 840, 0, NULL, 840, 190, NULL, 840, 840, 0, 190, NULL, NULL, NULL, 1, 2, NULL),
(26, 154, '2022-12-05 14:01:58', 1, 1, 540, 0, 0, 540, 250, NULL, 540, 540, 0, 250, NULL, NULL, NULL, 1, 2, NULL),
(27, 155, '2022-12-06 13:06:45', 1, 1, 350, 0, 0, 350, 50, NULL, 350, 350, 0, 50, NULL, NULL, NULL, 1, 2, NULL),
(28, 156, '2022-12-06 13:17:25', 1, 1, 1030, 0, NULL, 1030, 210, NULL, 1030, 1030, 0, 210, NULL, NULL, NULL, 1, 2, NULL),
(29, 157, '2022-12-06 13:23:11', 1, 1, 300, 0, 0, 300, 80, NULL, 300, 300, 0, 80, NULL, NULL, NULL, 1, 2, NULL),
(30, 158, '2022-12-07 07:54:25', 1, 1, 850, 0, 0, 850, 50, NULL, 850, 850, 0, 50, NULL, NULL, NULL, 1, 2, NULL),
(31, 159, '2022-12-07 07:55:24', 1, 1, 350, 0, 0, 350, 50, NULL, 350, 350, 0, 50, NULL, NULL, NULL, 1, 2, NULL),
(32, 160, '2022-12-07 09:32:11', 1, 1, 450, 0, 0, 450, 50, NULL, 450, 450, 0, 50, NULL, NULL, NULL, 1, 2, NULL),
(33, 161, '2022-12-07 11:02:29', 1, 1, 850, 0, 0, 850, 100, NULL, 850, 850, 0, 100, NULL, NULL, NULL, 1, 2, NULL),
(34, 162, '2022-12-07 11:42:02', 1, 1, 600, 0, 0, 600, 100, NULL, 600, 600, 0, 100, NULL, NULL, NULL, 1, 2, NULL),
(35, 163, '2022-12-07 13:01:43', 1, 1, 350, 0, NULL, 350, 50, NULL, 350, 350, 0, 50, NULL, NULL, NULL, 1, 2, NULL),
(36, 164, '2022-12-07 13:20:03', 1, 1, 350, 0, 0, 350, 50, NULL, 350, 350, 0, 50, NULL, NULL, NULL, 1, 2, NULL),
(37, 165, '2022-12-07 13:28:56', 1, 1, 1170, 0, 0, 1170, 340, NULL, 1170, 1170, 0, 340, NULL, NULL, NULL, 1, 2, NULL),
(38, 165, '2022-12-07 13:31:11', 1, 1, 920, 0, 0, 920, 240, NULL, 920, 920, 0, 240, NULL, NULL, NULL, 1, 2, NULL),
(39, 166, '2022-12-07 13:57:41', 1, 1, 100, 0, 0, 100, 40, NULL, 100, 100, 0, 40, NULL, NULL, NULL, 1, 2, NULL),
(40, 167, '2022-12-08 07:34:32', 1, 1, 1150, 0, NULL, 1150, 150, NULL, 1150, 1150, 0, 150, NULL, NULL, NULL, 1, 2, NULL),
(41, 168, '2022-12-08 10:26:57', 1, 1, 420, 0, NULL, 420, 140, NULL, 420, 420, 0, 140, NULL, NULL, NULL, 1, 2, NULL),
(42, 169, '2022-12-08 11:37:51', 1, 1, 480, 0, NULL, 480, 200, NULL, 480, 480, 0, 200, NULL, NULL, NULL, 1, 2, NULL),
(43, 170, '2022-12-08 13:02:40', 1, 1, 350, 0, 0, 350, 50, NULL, 350, 350, 0, 50, NULL, NULL, NULL, 1, 2, NULL),
(44, 171, '2022-12-08 13:10:16', 1, 1, 1400, 0, NULL, 1400, 150, NULL, 1400, 1400, 0, 150, NULL, NULL, NULL, 1, 2, NULL),
(45, 172, '2022-12-08 13:23:46', 1, 1, 950, 0, NULL, 950, 165, NULL, 950, 950, 0, 165, NULL, NULL, NULL, 1, 2, NULL),
(46, 173, '2022-12-08 13:28:22', 1, 1, 100, 0, NULL, 100, 40, NULL, 100, 100, 0, 40, NULL, NULL, NULL, 1, 2, NULL),
(47, 174, '2022-12-08 13:42:07', 1, 1, 1270, 0, NULL, 1270, 290, NULL, 1270, 1270, 0, 290, NULL, NULL, NULL, 1, 2, NULL),
(48, 175, '2022-12-08 13:54:48', 1, 1, 650, 0, NULL, 650, 150, NULL, 650, 650, 0, 150, NULL, NULL, NULL, 1, 2, NULL),
(49, 176, '2022-12-09 12:18:57', 1, 1, 550, 0, NULL, 550, 150, NULL, 550, 550, 0, 150, NULL, NULL, NULL, 1, 2, NULL),
(50, 177, '2022-12-09 13:16:56', 1, 1, 550, 0, NULL, 550, 150, NULL, 550, 550, 0, 150, NULL, NULL, NULL, 1, 2, NULL),
(51, 178, '2022-12-10 09:28:41', 1, 1, 650, 0, NULL, 650, 70, NULL, 650, 650, 0, 70, NULL, NULL, NULL, 1, 2, NULL),
(52, 179, '2022-12-10 09:45:59', 1, 1, 2550, 0, NULL, 2550, 460, NULL, 2550, 2550, 0, 460, NULL, NULL, NULL, 1, 2, NULL),
(53, 180, '2022-12-13 06:44:21', 1, 1, 270, 0, NULL, 270, 125, NULL, 270, 270, 0, 125, NULL, NULL, NULL, 1, 2, NULL),
(54, 181, '2022-12-13 12:27:59', 1, 1, 240, 0, NULL, 240, 110, NULL, 240, 240, 0, 110, NULL, NULL, NULL, 1, 2, NULL),
(55, 182, '2022-12-14 06:05:16', NULL, 1, NULL, 0, 0, NULL, NULL, NULL, NULL, NULL, 0, NULL, NULL, NULL, NULL, 1, 2, NULL),
(56, 183, '2022-12-14 06:05:33', 1, 1, 400, 0, NULL, 400, 180, NULL, 400, 400, 0, 180, NULL, NULL, NULL, 1, 2, NULL),
(57, 184, '2022-12-15 09:45:20', 1, 1, 300, 0, NULL, 300, 100, NULL, 300, 300, 0, 100, NULL, NULL, NULL, 1, 2, NULL),
(58, 174, '2022-12-15 10:02:10', 1, 1, 550, 0, NULL, 550, 150, NULL, 550, 550, 0, 150, NULL, NULL, NULL, 1, 2, NULL),
(59, 185, '2022-12-15 12:49:55', 1, 1, 350, 0, NULL, 350, 100, NULL, 350, 350, 0, 100, NULL, NULL, NULL, 1, 2, NULL),
(60, 186, '2022-12-15 13:41:36', 1, 1, 450, 0, NULL, 450, 190, NULL, 450, 450, 0, 190, NULL, NULL, NULL, 1, 2, NULL),
(61, 187, '2022-12-17 07:34:49', 1, 1, 650, 0, NULL, 650, 250, NULL, 650, 650, 0, 250, NULL, NULL, NULL, 1, 2, NULL),
(62, 188, '2022-12-17 10:19:54', 1, 1, 700, 0, NULL, 700, 190, NULL, 700, 700, 0, 190, NULL, NULL, NULL, 1, 2, NULL),
(63, 189, '2022-12-24 07:03:30', 1, 1, 1200, 0, NULL, 1200, 250, NULL, 1200, 1200, 0, 250, NULL, NULL, NULL, 1, 2, NULL),
(64, 190, '2022-12-24 07:11:51', 1, 1, 520, 0, NULL, 520, 170, NULL, 520, 520, 0, 170, NULL, NULL, NULL, 1, 2, NULL),
(65, 191, '2022-12-24 10:45:43', 1, 1, 250, 0, NULL, 250, 0, NULL, 250, 250, 0, 0, NULL, NULL, NULL, 1, 2, NULL),
(66, 192, '2022-12-24 12:20:09', 1, 1, 600, 0, NULL, 600, 150, NULL, 600, 600, 0, 150, NULL, NULL, NULL, 1, 2, NULL),
(67, 193, '2022-12-26 08:05:41', 1, 1, 1150, 0, NULL, 1150, 150, NULL, 1150, 1150, 0, 150, NULL, NULL, NULL, 1, 2, NULL),
(68, 194, '2022-12-26 10:33:14', 1, 1, 440, 0, NULL, 440, 110, NULL, 440, 440, 0, 110, NULL, NULL, NULL, 1, 2, NULL),
(69, 190, '2022-12-29 07:01:56', 1, 1, 180, 0, NULL, 180, 80, NULL, 180, 180, 0, 80, NULL, NULL, NULL, 1, 2, NULL),
(70, 195, '2022-12-29 14:06:26', 1, 1, 480, 0, NULL, 480, 200, NULL, 480, 480, 0, 200, NULL, NULL, NULL, 1, 2, NULL),
(71, 196, '2022-12-30 10:42:40', 1, 1, 1950, 0, NULL, 1950, 590, NULL, 1950, 1950, 0, 590, NULL, NULL, NULL, 1, 2, NULL),
(72, 197, '2022-12-30 11:43:46', 1, 1, 180, 0, NULL, 180, 80, NULL, 180, 180, 0, 80, NULL, NULL, NULL, 1, 2, NULL),
(73, 198, '2022-12-30 12:42:38', 1, 1, 1440, 0, NULL, 1440, 440, NULL, 1440, 1440, 0, 440, NULL, NULL, NULL, 1, 2, NULL),
(74, 199, '2022-12-30 13:33:04', 1, 1, 800, 0, NULL, 800, 100, NULL, 800, 800, 0, 100, NULL, NULL, NULL, 1, 2, NULL),
(75, 196, '2022-12-31 05:01:46', 1, 1, 750, 0, NULL, 750, 190, NULL, 750, 750, 0, 190, NULL, NULL, NULL, 1, 2, NULL),
(76, 200, '2022-12-31 06:20:32', 1, 1, 225, 0, NULL, 225, 90, NULL, 225, 225, 0, 90, NULL, NULL, NULL, 1, 2, NULL),
(77, 201, '2022-12-31 10:59:43', 1, 1, 750, 0, NULL, 750, 100, NULL, 750, 750, 0, 100, NULL, NULL, NULL, 1, 2, NULL),
(78, 202, '2022-12-31 12:08:44', 1, 1, 1530, 0, NULL, 1530, 560, NULL, 1530, 1530, 0, 560, NULL, NULL, NULL, 1, 2, NULL),
(79, 203, '2022-12-31 12:22:24', 1, 1, 1750, 0, NULL, 1750, 300, NULL, 1750, 1750, 0, 300, NULL, NULL, NULL, 1, 2, NULL),
(80, 125, '2023-01-02 07:25:45', 1, 1, 220, 0, NULL, 220, 70, NULL, 220, 220, 0, 70, NULL, NULL, NULL, 1, 2, NULL),
(81, 195, '2023-01-02 14:20:39', 1, 1, 2230, 0, NULL, 2230, 400, NULL, 2230, 2230, 0, 400, NULL, NULL, NULL, 1, 2, NULL),
(82, 204, '2023-01-02 14:25:14', 1, 1, 1900, 0, NULL, 1900, 850, NULL, 1900, 1900, 0, 850, NULL, NULL, NULL, 1, 2, NULL),
(83, 205, '2023-01-03 10:44:49', 1, 1, 1150, 0, NULL, 1150, 550, NULL, 1150, 1150, 0, 550, NULL, NULL, NULL, 1, 2, NULL),
(84, 129, '2023-01-03 10:46:33', 1, 1, 1350, 0, NULL, 1350, 550, NULL, 1350, 1350, 0, 550, NULL, NULL, NULL, 1, 2, NULL),
(85, 126, '2023-01-03 10:50:24', 1, 1, 1350, 0, NULL, 1350, 550, NULL, 1350, 1350, 0, 550, NULL, NULL, NULL, 1, 2, NULL),
(86, 206, '2023-01-04 09:56:39', 1, 1, 240, 0, NULL, 240, 100, NULL, 240, 240, 0, 100, NULL, NULL, NULL, 1, 2, NULL),
(87, 207, '2023-01-04 14:01:34', 1, 1, 1350, 0, NULL, 1350, 550, NULL, 1350, 1350, 0, 550, NULL, NULL, NULL, 1, 2, NULL),
(88, 208, '2023-01-05 13:23:36', 1, 1, 1150, 0, NULL, 1150, 550, NULL, 1150, 1150, 0, 550, NULL, NULL, NULL, 1, 2, NULL),
(89, 137, '2023-01-07 07:21:58', NULL, 1, NULL, 0, 0, NULL, NULL, NULL, NULL, NULL, 0, NULL, NULL, NULL, NULL, 1, 2, NULL),
(90, 125, '2023-01-09 06:45:07', 1, 1, 240, 0, NULL, 240, 100, NULL, 240, 240, 0, 100, NULL, NULL, NULL, 1, 2, NULL),
(91, 126, '2023-01-09 06:45:58', 1, 1, 180, 0, NULL, 180, 80, NULL, 180, 180, 0, 80, NULL, NULL, NULL, 1, 2, NULL),
(92, 209, '2023-01-10 12:53:57', 1, 1, 1500, 0, NULL, 1500, 730, NULL, 1500, 1500, 0, 730, NULL, NULL, NULL, 1, 2, NULL),
(93, 126, '2023-01-10 14:24:21', 1, 1, 480, 0, NULL, 480, 100, NULL, 480, 480, 0, 100, NULL, NULL, NULL, 1, 2, NULL),
(94, 210, '2023-01-16 12:20:38', 1, 1, 550, 0, NULL, 550, 150, NULL, 550, 550, 0, 150, NULL, NULL, NULL, 1, 2, NULL),
(95, 211, '2023-01-17 13:13:38', 1, 1, 1200, 0, NULL, 1200, 500, NULL, 1200, 1200, 0, 500, NULL, NULL, NULL, 1, 2, NULL),
(96, 212, '2023-01-19 11:13:53', 1, 1, 650, 0, NULL, 650, 180, NULL, 650, 650, 0, 180, NULL, NULL, NULL, 1, 2, NULL),
(97, 213, '2023-01-19 11:30:25', 1, 1, 150, 0, NULL, 150, 50, NULL, 150, 150, 0, 50, NULL, NULL, NULL, 1, 2, NULL),
(98, 214, '2023-01-19 12:01:29', 1, 1, 800, 0, NULL, 800, 235, NULL, 800, 800, 0, 235, NULL, NULL, NULL, 1, 2, NULL),
(99, 215, '2023-01-19 13:27:29', 1, 1, 650, 0, NULL, 650, 70, NULL, 650, 650, 0, 70, NULL, NULL, NULL, 1, 2, NULL),
(100, 216, '2023-01-19 13:31:05', 1, 1, 650, 0, NULL, 650, 180, NULL, 650, 650, 0, 180, NULL, NULL, NULL, 1, 2, NULL),
(101, 217, '2023-01-20 10:29:30', 1, 1, 350, 0, NULL, 350, 85, NULL, 350, 350, 0, 85, NULL, NULL, NULL, 1, 2, NULL),
(102, 218, '2023-01-20 13:48:21', 1, 1, 1300, 0, NULL, 1300, 360, NULL, 1300, 1300, 0, 360, NULL, NULL, NULL, 1, 2, NULL),
(103, 219, '2023-01-20 13:53:07', 1, 1, 180, 0, NULL, 180, 80, NULL, 180, 180, 0, 80, NULL, NULL, NULL, 1, 2, NULL),
(104, 220, '2023-01-20 14:56:15', 1, 1, 470, 0, NULL, 470, 205, NULL, 470, 470, 0, 205, NULL, NULL, NULL, 1, 2, NULL),
(105, 126, '2023-01-20 15:01:47', 1, 1, 1020, 0, NULL, 1020, 315, NULL, 1020, 1020, 0, 315, NULL, NULL, NULL, 1, 2, NULL),
(106, 221, '2023-01-21 07:09:43', 1, 1, 490, 0, NULL, 490, 185, NULL, 490, 490, 0, 185, NULL, NULL, NULL, 1, 2, NULL),
(107, 150, '2023-01-21 07:19:05', 1, 1, 200, 0, NULL, 200, 60, NULL, 200, 200, 0, 60, NULL, NULL, NULL, 1, 2, NULL),
(108, 222, '2023-01-21 08:00:34', 1, 1, 270, 0, NULL, 270, 100, NULL, 270, 270, 0, 100, NULL, NULL, NULL, 1, 2, NULL),
(109, 223, '2023-01-21 09:06:06', 1, 1, 750, 0, NULL, 750, 200, NULL, 750, 750, 0, 200, NULL, NULL, NULL, 1, 2, NULL),
(110, 224, '2023-01-21 10:43:10', 1, 1, 240, 0, NULL, 240, 65, NULL, 240, 240, 0, 65, NULL, NULL, NULL, 1, 2, NULL),
(111, 225, '2023-01-21 11:25:00', 1, 1, 50, 0, NULL, 50, 15, NULL, 50, 50, 0, 15, NULL, NULL, NULL, 1, 2, NULL),
(112, 226, '2023-01-21 11:33:55', 1, 1, 320, 0, NULL, 320, 110, NULL, 320, 320, 0, 110, NULL, NULL, NULL, 1, 2, NULL),
(113, 227, '2023-01-21 11:36:51', 1, 1, 390, 0, NULL, 390, 105, NULL, 390, 390, 0, 105, NULL, NULL, NULL, 1, 2, NULL),
(114, 125, '2023-01-21 12:34:58', 1, 1, 50, 0, NULL, 50, 15, NULL, 50, 50, 0, 15, NULL, NULL, NULL, 1, 2, NULL),
(115, 228, '2023-01-21 12:48:45', 1, 1, 850, 0, NULL, 850, 100, NULL, 850, 850, 0, 100, NULL, NULL, NULL, 1, 2, NULL),
(116, 229, '2023-01-21 12:53:40', 1, 1, 900, 0, NULL, 900, 220, NULL, 900, 900, 0, 220, NULL, NULL, NULL, 1, 2, NULL),
(117, 196, '2023-01-24 08:44:13', 1, 1, 150, 0, NULL, 150, 70, NULL, 150, 150, 0, 70, NULL, NULL, NULL, 1, 2, NULL),
(118, 230, '2023-01-25 06:07:25', 1, 1, 1250, 0, NULL, 1250, 400, NULL, 1250, 1250, 0, 400, NULL, NULL, NULL, 1, 2, NULL),
(119, 231, '2023-01-25 08:11:23', 1, 1, 160, 0, NULL, 160, 95, NULL, 160, 160, 0, 95, NULL, NULL, NULL, 1, 2, NULL),
(120, 232, '2023-01-25 09:52:39', 1, 1, 200, 0, NULL, 200, 60, NULL, 200, 200, 0, 60, NULL, NULL, NULL, 1, 2, NULL),
(121, 233, '2023-01-25 10:43:09', 1, 1, 270, 0, NULL, 270, 120, NULL, 270, 270, 0, 120, NULL, NULL, NULL, 1, 2, NULL),
(122, 234, '2023-01-25 12:22:10', 1, 1, 560, 0, NULL, 560, 120, NULL, 560, 560, 0, 120, NULL, NULL, NULL, 1, 2, NULL),
(123, 195, '2023-01-25 12:48:00', 1, 1, 250, 0, NULL, 250, 130, NULL, 250, 250, 0, 130, NULL, NULL, NULL, 1, 2, NULL),
(124, 174, '2023-01-25 12:54:09', 1, 1, 160, 0, NULL, 160, 90, NULL, 160, 160, 0, 90, NULL, NULL, NULL, 1, 2, NULL),
(125, 235, '2023-01-25 12:55:06', 1, 1, 400, 0, NULL, 400, 155, NULL, 400, 400, 0, 155, NULL, NULL, NULL, 1, 2, NULL),
(126, 236, '2023-01-25 14:08:58', 1, 1, 100, 0, NULL, 100, 30, NULL, 100, 100, 0, 30, NULL, NULL, NULL, 1, 2, NULL),
(127, 237, '2023-01-26 10:06:00', 1, 1, 1340, 0, NULL, 1340, 400, NULL, 1340, 1340, 0, 400, NULL, NULL, NULL, 1, 2, NULL),
(128, 238, '2023-01-26 11:00:04', 1, 1, 100, 0, NULL, 100, 50, NULL, 100, 100, 0, 50, NULL, NULL, NULL, 1, 2, NULL),
(129, 239, '2023-01-26 13:08:17', 1, 1, 200, 0, NULL, 200, 100, NULL, 200, 200, 0, 100, NULL, NULL, NULL, 1, 2, NULL),
(130, 240, '2023-01-26 13:37:33', 1, 1, 550, 0, NULL, 550, 190, NULL, 550, 550, 0, 190, NULL, NULL, NULL, 1, 2, NULL),
(131, 241, '2023-01-26 14:05:59', 1, 1, 720, 0, NULL, 720, 220, NULL, 720, 720, 0, 220, NULL, NULL, NULL, 1, 2, NULL),
(132, 126, '2023-01-26 14:31:03', 1, 1, 810, 0, NULL, 810, 245, NULL, 810, 810, 0, 245, NULL, NULL, NULL, 1, 2, NULL),
(133, 242, '2023-01-27 10:45:12', 1, 1, 100, 0, NULL, 100, 50, NULL, 100, 100, 0, 50, NULL, NULL, NULL, 1, 2, NULL),
(134, 243, '2023-01-27 11:12:07', 1, 1, 470, 0, NULL, 470, 195, NULL, 470, 470, 0, 195, NULL, NULL, NULL, 1, 2, NULL),
(135, 165, '2023-01-27 12:23:23', 1, 1, 370, 0, NULL, 370, 120, NULL, 370, 370, 0, 120, NULL, NULL, NULL, 1, 2, NULL),
(136, 244, '2023-01-27 14:22:44', 1, 1, 150, 0, NULL, 150, 50, NULL, 150, 150, 0, 50, NULL, NULL, NULL, 1, 2, NULL),
(137, 245, '2023-01-28 05:06:54', 1, 1, 150, 0, NULL, 150, 60, NULL, 150, 150, 0, 60, NULL, NULL, NULL, 1, 2, NULL),
(138, 246, '2023-01-28 07:10:38', 1, 1, 250, 0, NULL, 250, 100, NULL, 250, 250, 0, 100, NULL, NULL, NULL, 1, 2, NULL),
(139, 247, '2023-01-28 08:19:29', 1, 1, 200, 0, NULL, 200, 70, NULL, 200, 200, 0, 70, NULL, NULL, NULL, 1, 2, NULL),
(140, 248, '2023-01-28 09:40:12', 1, 1, 725, 0, NULL, 725, 165, NULL, 725, 725, 0, 165, NULL, NULL, NULL, 1, 2, NULL),
(141, 249, '2023-01-28 13:43:46', 1, 1, 180, 0, NULL, 180, 65, NULL, 180, 180, 0, 65, NULL, NULL, NULL, 1, 2, NULL),
(142, 250, '2023-01-30 04:34:47', 1, 1, 240, 0, NULL, 240, 140, NULL, 240, 240, 0, 140, NULL, NULL, NULL, 1, 2, NULL),
(143, 144, '2023-01-30 06:24:59', 1, 1, 560, 0, NULL, 560, 180, NULL, 560, 560, 0, 180, NULL, NULL, NULL, 1, 2, NULL),
(144, 251, '2023-01-30 07:14:06', 1, 1, 450, 0, NULL, 450, 200, NULL, 450, 450, 0, 200, NULL, NULL, NULL, 1, 2, NULL),
(145, 252, '2023-01-30 13:09:27', 1, 1, 740, 0, NULL, 740, 220, NULL, 740, 740, 0, 220, NULL, NULL, NULL, 1, 2, NULL),
(146, 253, '2023-01-30 13:58:26', 1, 1, 150, 0, NULL, 150, 60, NULL, 150, 150, 0, 60, NULL, NULL, NULL, 1, 2, NULL),
(147, 126, '2023-01-30 14:45:36', 1, 1, 350, 0, NULL, 350, 115, NULL, 350, 350, 0, 115, NULL, NULL, NULL, 1, 2, NULL),
(148, 190, '2023-01-31 04:53:53', 1, 1, 200, 0, NULL, 200, 105, NULL, 200, 200, 0, 105, NULL, NULL, NULL, 1, 2, NULL),
(149, 125, '2023-01-31 06:02:48', 1, 1, 260, 0, NULL, 260, 110, NULL, 260, 260, 0, 110, NULL, NULL, NULL, 1, 2, NULL),
(150, 254, '2023-01-31 07:29:28', 1, 1, 490, 0, NULL, 490, 190, NULL, 490, 490, 0, 190, NULL, NULL, NULL, 1, 2, NULL),
(151, 255, '2023-01-31 09:03:32', 1, 1, 150, 0, NULL, 150, 60, NULL, 150, 150, 0, 60, NULL, NULL, NULL, 1, 2, NULL),
(152, 256, '2023-01-31 09:20:25', 1, 1, 310, 0, NULL, 310, 105, NULL, 310, 310, 0, 105, NULL, NULL, NULL, 1, 2, NULL),
(153, 257, '2023-01-31 10:36:56', 1, 1, 340, 0, NULL, 340, 140, NULL, 340, 340, 0, 140, NULL, NULL, NULL, 1, 2, NULL),
(154, 258, '2023-01-31 11:53:31', 1, 1, 540, 0, NULL, 540, 70, NULL, 540, 540, 0, 70, NULL, NULL, NULL, 1, 2, NULL),
(155, 259, '2023-01-31 13:05:59', 1, 1, 1000, 0, NULL, 1000, 190, NULL, 1000, 1000, 0, 190, NULL, NULL, NULL, 1, 2, NULL),
(156, 260, '2023-01-31 13:28:27', 1, 1, 150, 0, NULL, 150, 60, NULL, 150, 150, 0, 60, NULL, NULL, NULL, 1, 2, NULL),
(157, 253, '2023-02-01 07:25:05', 1, 1, 2950, 0, NULL, 2950, 745, NULL, 2950, 2950, 0, 745, NULL, NULL, NULL, 1, 2, NULL),
(158, 261, '2023-02-01 07:28:14', 1, 1, 650, 0, NULL, 650, 160, NULL, 650, 650, 0, 160, NULL, NULL, NULL, 1, 2, NULL),
(159, 262, '2023-02-01 11:25:14', 1, 1, 450, 0, NULL, 450, 215, NULL, 450, 450, 0, 215, NULL, NULL, NULL, 1, 2, NULL),
(160, 126, '2023-02-01 11:36:43', 1, 1, 550, 0, NULL, 550, 190, NULL, 550, 550, 0, 190, NULL, NULL, NULL, 1, 2, NULL),
(161, 263, '2023-02-01 11:57:07', 1, 1, 690, 0, NULL, 690, 165, NULL, 690, 690, 0, 165, NULL, NULL, NULL, 1, 2, NULL),
(162, 264, '2023-02-01 12:09:56', 1, 1, 120, 0, NULL, 120, 60, NULL, 120, 120, 0, 60, NULL, NULL, NULL, 1, 2, NULL),
(163, 260, '2023-02-02 06:13:59', 1, 1, 350, 0, NULL, 350, 100, NULL, 350, 350, 0, 100, NULL, NULL, NULL, 1, 2, NULL),
(164, 253, '2023-02-02 07:14:52', 1, 1, 420, 0, NULL, 420, 55, NULL, 420, 420, 0, 55, NULL, NULL, NULL, 1, 2, NULL),
(165, 265, '2023-02-02 10:48:28', 1, 1, 700, 0, NULL, 700, 260, NULL, 700, 700, 0, 260, NULL, NULL, NULL, 1, 2, NULL),
(166, 266, '2023-02-02 11:18:19', 1, 1, 930, 0, NULL, 930, 240, NULL, 930, 930, 0, 240, NULL, NULL, NULL, 1, 2, NULL),
(167, 126, '2023-02-02 11:20:17', 1, 1, 750, 0, NULL, 750, 160, NULL, 750, 750, 0, 160, NULL, NULL, NULL, 1, 2, NULL),
(168, 253, '2023-02-02 11:53:07', 1, 1, 500, 0, NULL, 500, 225, NULL, 500, 500, 0, 225, NULL, NULL, NULL, 1, 2, NULL),
(169, 253, '2023-02-02 13:19:53', 1, 1, 920, 0, NULL, 920, 280, NULL, 920, 920, 0, 280, NULL, NULL, NULL, 1, 2, NULL),
(170, 267, '2023-02-02 14:03:06', 1, 1, 280, 0, NULL, 280, 60, NULL, 280, 280, 0, 60, NULL, NULL, NULL, 1, 2, NULL),
(171, 260, '2023-02-02 14:12:56', 1, 1, 1000, 0, NULL, 1000, 200, NULL, 1000, 1000, 0, 200, NULL, NULL, NULL, 2, 2, NULL),
(172, 268, '2023-02-03 08:54:31', 1, 1, 1550, 0, NULL, 1550, 485, NULL, 1550, 1550, 0, 485, NULL, NULL, NULL, 1, 2, NULL),
(173, 268, '2023-02-03 11:17:23', 1, 1, 90, 0, NULL, 90, 40, NULL, 90, 90, 0, 40, NULL, NULL, NULL, 1, 2, NULL),
(174, 269, '2023-02-03 13:31:45', 1, 1, 550, 0, NULL, 550, 225, NULL, 550, 550, 0, 225, NULL, NULL, NULL, 1, 2, NULL),
(175, 270, '2023-02-03 13:41:21', 1, 1, 650, 0, NULL, 650, 180, NULL, 650, 650, 0, 180, NULL, NULL, NULL, 1, 2, NULL),
(176, 253, '2023-02-03 13:57:18', 1, 1, 180, 0, NULL, 180, 80, NULL, 180, 180, 0, 80, NULL, NULL, NULL, 1, 2, NULL),
(177, 260, '2023-02-06 06:29:03', 1, 1, 1250, 0, 0, 1250, 150, NULL, 1250, 1250, 0, 150, NULL, NULL, NULL, 1, 2, NULL),
(178, 271, '2023-02-06 07:24:20', 1, 1, 1730, 0, 173, 1557, 427, NULL, 1557, 1557, 0, 427, NULL, NULL, NULL, 1, 2, NULL),
(179, 272, '2023-02-07 06:49:46', 1, 1, 750, 0, 75, 675, 145, NULL, 675, 675, 0, 145, NULL, NULL, NULL, 1, 2, NULL),
(180, 273, '2023-02-07 06:59:25', 1, 1, 2000, 0, 200, 1800, 530, NULL, 1800, 1800, 0, 530, NULL, NULL, NULL, 1, 2, NULL),
(181, 274, '2023-02-07 07:51:59', 1, 1, 2130, 0, 213, 1917, 397, NULL, 1917, 1917, 0, 397, NULL, NULL, NULL, 1, 2, NULL),
(182, 275, '2023-02-07 08:16:06', 1, 1, 400, 0, 40, 360, 10, NULL, 360, 360, 0, 10, NULL, NULL, NULL, 1, 2, NULL),
(183, 268, '2023-02-08 07:03:36', 1, 1, 485, 0, 0, 485, 210, NULL, 485, 485, 0, 210, NULL, NULL, NULL, 1, 2, NULL),
(184, 276, '2023-02-08 08:31:15', 1, 1, 350, 0, 0, 350, 85, NULL, 350, 350, 0, 85, NULL, NULL, NULL, 1, 2, NULL),
(185, 277, '2023-02-08 11:28:13', 1, 1, 340, 0, 0, 340, 110, NULL, 340, 340, 0, 110, NULL, NULL, NULL, 1, 2, NULL),
(186, 278, '2023-02-08 11:44:44', 1, 1, 210, 0, 0, 210, 105, NULL, 210, 210, 0, 105, NULL, NULL, NULL, 1, 2, NULL),
(187, 279, '2023-02-08 13:12:04', 1, 1, 420, 0, 0, 420, 140, NULL, 420, 420, 0, 140, NULL, NULL, NULL, 1, 2, NULL),
(188, 260, '2023-02-08 14:47:28', 1, 1, 520, 0, 0, 520, 110, NULL, 520, 520, 0, 110, NULL, NULL, NULL, 2, 2, NULL),
(189, 280, '2023-02-09 06:42:33', 1, 1, 480, 0, 0, 480, 80, NULL, 480, 480, 0, 80, NULL, NULL, NULL, 1, 2, NULL),
(190, 268, '2023-02-09 08:09:08', 1, 1, 2790, 0, 0, 2790, 800, NULL, 2790, 2790, 0, 800, NULL, NULL, NULL, 1, 2, NULL),
(191, 281, '2023-02-09 08:33:19', 1, 1, 400, 0, 0, 400, 100, NULL, 400, 400, 0, 100, NULL, NULL, NULL, 1, 2, NULL),
(192, 282, '2023-02-09 09:55:01', 1, 1, 280, 0, 0, 280, 118, NULL, 280, 280, 0, 118, NULL, NULL, NULL, 1, 2, NULL),
(193, 253, '2023-02-09 09:58:42', 1, 1, 60, 0, 0, 60, 36, NULL, 60, 60, 0, 36, NULL, NULL, NULL, 1, 2, NULL),
(194, 193, '2023-02-09 10:58:17', 1, 1, 360, 0, 0, 360, 100, NULL, 360, 360, 0, 100, NULL, NULL, NULL, 1, 2, NULL),
(195, 283, '2023-02-09 11:16:04', 1, 1, 1600, 0, 0, 1600, 300, NULL, 1600, 1600, 0, 300, NULL, NULL, NULL, 1, 2, NULL),
(196, 253, '2023-02-09 11:39:39', 1, 1, 180, 0, 0, 180, 70, NULL, 180, 180, 0, 70, NULL, NULL, NULL, 1, 2, NULL),
(197, 268, '2023-02-09 14:29:09', 1, 1, 1290, 0, 0, 1290, 215, NULL, 1290, 1290, 0, 215, NULL, NULL, NULL, 1, 2, NULL),
(198, 284, '2023-02-09 14:30:42', 1, 1, 2310, 0, 0, 2310, -210, NULL, 2310, 2310, 0, -210, NULL, NULL, NULL, 1, 2, NULL),
(199, 285, '2023-02-09 14:35:01', 1, 1, 920, 0, 0, 920, 140, NULL, 920, 920, 0, 140, NULL, NULL, NULL, 1, 2, NULL),
(200, 286, '2023-02-10 07:45:52', 1, 1, 1380, 0, 0, 1380, 435, NULL, 1380, 1380, 0, 435, NULL, NULL, NULL, 1, 2, NULL),
(201, 287, '2023-02-10 10:20:41', 1, 1, 505, 0, 0, 505, 115, NULL, 505, 505, 0, 115, NULL, NULL, NULL, 1, 2, NULL),
(202, 288, '2023-02-10 10:39:28', 1, 1, 270, 0, 0, 270, 105, NULL, 270, 270, 0, 105, NULL, NULL, NULL, 1, 2, NULL),
(203, 289, '2023-02-10 11:17:50', 1, 1, 190, 0, 0, 190, 40, NULL, 190, 190, 0, 40, NULL, NULL, NULL, 1, 2, NULL),
(204, 290, '2023-02-10 11:19:32', 1, 1, 500, 0, 0, 500, 210, NULL, 500, 500, 0, 210, NULL, NULL, NULL, 1, 2, NULL),
(205, 291, '2023-02-10 12:21:19', 1, 1, 440, 0, 0, 440, 179, NULL, 440, 440, 0, 179, NULL, NULL, NULL, 1, 2, NULL),
(206, 292, '2023-02-10 14:11:11', 1, 1, 350, 0, 0, 350, 105, NULL, 350, 350, 0, 105, NULL, NULL, NULL, 1, 2, NULL),
(207, 125, '2023-02-10 14:53:54', 1, 1, 580, 0, 0, 580, 220, NULL, 580, 580, 0, 220, NULL, NULL, NULL, 1, 2, NULL),
(208, 293, '2023-02-11 05:30:02', 1, 1, 775, 0, 0, 775, 225, NULL, 775, 775, 0, 225, NULL, NULL, NULL, 1, 2, NULL),
(209, 294, '2023-02-11 05:51:47', 1, 1, 950, 0, 0, 950, 288, NULL, 950, 950, 0, 288, NULL, NULL, NULL, 1, 2, NULL),
(210, 295, '2023-02-11 05:54:04', 1, 1, 180, 0, 0, 180, 80, NULL, 180, 180, 0, 80, NULL, NULL, NULL, 1, 2, NULL),
(211, 296, '2023-02-11 09:27:43', 1, 1, 1250, 0, 0, 1250, 400, NULL, 1250, 1250, 0, 400, NULL, NULL, NULL, 1, 2, NULL),
(212, 297, '2023-02-11 09:59:05', 1, 1, 500, 0, 0, 500, 165, NULL, 500, 500, 0, 165, NULL, NULL, NULL, 1, 2, NULL),
(213, 298, '2023-02-11 11:07:15', 1, 1, 390, 0, 0, 390, 90, NULL, 390, 390, 0, 90, NULL, NULL, NULL, 1, 2, NULL),
(214, 268, '2023-02-11 11:12:19', 1, 1, 2400, 0, 0, 2400, 750, NULL, 2400, 2400, 0, 750, NULL, NULL, NULL, 1, 2, NULL),
(215, 299, '2023-02-11 11:13:35', 1, 1, 3880, 0, 0, 3880, 1080, NULL, 3880, 3880, 0, 1080, NULL, NULL, NULL, 1, 2, NULL),
(216, 253, '2023-02-11 12:02:52', 1, 1, 270, 0, 0, 270, 135, NULL, 270, 270, 0, 135, NULL, NULL, NULL, 1, 2, NULL),
(217, 300, '2023-02-11 12:03:39', 1, 1, 970, 0, 135.8, 834.2, 109.2, NULL, 834.2, 834.2, 0, 109.2, NULL, NULL, NULL, 1, 2, NULL),
(218, 301, '2023-02-11 12:46:13', 1, 1, 2820, 0, 0, 2820, 880, NULL, 2820, 2820, 0, 880, NULL, NULL, NULL, 1, 2, NULL),
(219, 127, '2023-02-11 13:32:08', 1, 1, 750, 0, 105, 645, 95, NULL, 645, 645, 0, 95, NULL, NULL, NULL, 1, 2, NULL),
(220, 253, '2023-02-11 15:16:47', 1, 1, 2100, 0, 0, 2100, 600, NULL, 2100, 2100, 0, 600, NULL, NULL, NULL, 1, 2, NULL),
(221, 302, '2023-02-13 04:47:32', 1, 1, 270, 0, 37.8, 232.2, 52.2, NULL, 232.2, 232.2, 0, 52.2, NULL, NULL, NULL, 1, 2, NULL),
(222, 303, '2023-02-13 05:27:53', 1, 1, 1370, 0, 191.8, 1178.2, 198.2, NULL, 1178.2, 1178.2, 0, 198.2, NULL, NULL, NULL, 1, 2, NULL),
(223, 304, '2023-02-13 09:12:37', 1, 1, 1100, 0, 0, 1100, 300, NULL, 1100, 1100, 0, 300, NULL, NULL, NULL, 1, 2, NULL),
(224, 265, '2023-02-13 09:13:26', 1, 1, 650, 0, 91, 559, 109, NULL, 559, 559, 0, 109, NULL, NULL, NULL, 1, 2, NULL),
(225, 305, '2023-02-13 09:17:21', 1, 1, 600, 0, 0, 600, 150, NULL, 600, 600, 0, 150, NULL, NULL, NULL, 1, 2, NULL),
(226, 268, '2023-02-13 09:37:06', 1, 1, 3530, 0, 494.2, 3035.8, 455.8, NULL, 3035.8, 3035.8, 0, 455.8, NULL, NULL, NULL, 1, 2, NULL),
(227, 306, '2023-02-13 11:03:55', 1, 1, 1250, 0, 0, 1250, 400, NULL, 1250, 1250, 0, 400, NULL, NULL, NULL, 1, 2, NULL),
(228, 307, '2023-02-13 11:24:48', 1, 1, 670, 0, 93.8, 576.2, 196.2, NULL, 576.2, 576.2, 0, 196.2, NULL, NULL, NULL, 1, 2, NULL),
(229, 308, '2023-02-13 11:39:53', 1, 1, 1160, 0, 162.4, 997.6, 227.6, NULL, 997.6, 997.6, 0, 227.6, NULL, NULL, NULL, 1, 2, NULL),
(230, 309, '2023-02-13 12:08:04', 1, 1, 680, 0, 0, 680, 180, NULL, 680, 680, 0, 180, NULL, NULL, NULL, 1, 2, NULL),
(231, 310, '2023-02-13 12:11:39', 1, 1, 620, 0, 86.8, 533.2, 108.2, NULL, 533.2, 533.2, 0, 108.2, NULL, NULL, NULL, 1, 2, NULL),
(232, 311, '2023-02-13 12:36:01', 1, 1, 480, 0, 67.2, 412.8, 142.8, NULL, 412.8, 412.8, 0, 142.8, NULL, NULL, NULL, 1, 2, NULL),
(233, 312, '2023-02-13 14:39:15', 1, 1, 1010, 0, 141.4, 868.6, 123.6, NULL, 868.6, 868.6, 0, 123.6, NULL, NULL, NULL, 1, 2, NULL),
(234, 313, '2023-02-14 06:34:27', 1, 1, 1850, 0, 0, 1850, 550, NULL, 1850, 1850, 0, 550, NULL, NULL, NULL, 1, 2, NULL),
(235, 313, '2023-02-14 06:36:44', 1, 1, 1850, 0, 259, 1591, 366, NULL, 1591, 1591, 0, 366, NULL, NULL, NULL, 1, 2, NULL),
(236, 314, '2023-02-14 06:39:34', 1, 1, 330, 0, 46.2, 283.8, 79.8, NULL, 283.8, 283.8, 0, 79.8, NULL, NULL, NULL, 1, 2, NULL),
(237, 315, '2023-02-14 06:40:53', 1, 1, 520, 0, 72.8, 447.2, 47.2, NULL, 447.2, 447.2, 0, 47.2, NULL, NULL, NULL, 1, 2, NULL),
(238, 316, '2023-02-14 06:58:48', 1, 1, 700, 0, 98, 602, 37, NULL, 602, 602, 0, 37, NULL, NULL, NULL, 1, 2, NULL),
(239, 317, '2023-02-14 11:22:57', 1, 1, 600, 0, 84, 516, 76, NULL, 516, 516, 0, 76, NULL, NULL, NULL, 1, 2, NULL),
(240, 318, '2023-02-14 11:24:07', 1, 1, 950, 0, 133, 817, 67, NULL, 817, 817, 0, 67, NULL, NULL, NULL, 1, 2, NULL),
(241, 319, '2023-02-14 11:25:31', 1, 1, 410, 0, 57.4, 352.6, 77.6, NULL, 352.6, 352.6, 0, 77.6, NULL, NULL, NULL, 1, 2, NULL),
(242, 320, '2023-02-14 12:20:28', 1, 1, 390, 0, 54.6, 335.4, 55.4, NULL, 335.4, 335.4, 0, 55.4, NULL, NULL, NULL, 1, 2, NULL),
(243, 321, '2023-02-14 12:27:42', 1, 1, 895, 0, 125.3, 769.7, 159.7, NULL, 769.7, 769.7, 0, 159.7, NULL, NULL, NULL, 1, 2, NULL),
(244, 322, '2023-02-14 12:29:42', 1, 1, 170, 0, 23.8, 146.2, 36.2, NULL, 146.2, 146.2, 0, 36.2, NULL, NULL, NULL, 1, 2, NULL),
(245, 308, '2023-02-14 12:32:46', 1, 1, 2200, 0, 0, 2200, 600, NULL, 2200, 2200, 0, 600, NULL, NULL, NULL, 1, 2, NULL),
(246, 323, '2023-02-14 12:36:40', 1, 1, 1450, 0, 203, 1247, 292, NULL, 1247, 1247, 0, 292, NULL, NULL, NULL, 1, 2, NULL),
(247, 324, '2023-02-14 12:42:16', 1, 1, 940, 0, 131.6, 808.4, 208.4, NULL, 808.4, 808.4, 0, 208.4, NULL, NULL, NULL, 1, 2, NULL),
(248, 322, '2023-02-14 12:56:03', 1, 1, 320, 0, 44.8, 275.2, 65.2, NULL, 275.2, 275.2, 0, 65.2, NULL, NULL, NULL, 1, 2, NULL),
(249, 325, '2023-02-14 13:41:32', 1, 1, 960, 0, 134.4, 825.6, 195.6, NULL, 825.6, 825.6, 0, 195.6, NULL, NULL, NULL, 1, 2, NULL),
(250, 326, '2023-02-14 13:53:47', 1, 1, 740, 0, 103.6, 636.4, 116.4, NULL, 636.4, 636.4, 0, 116.4, NULL, NULL, NULL, 1, 2, NULL),
(251, 327, '2023-02-14 14:11:26', 1, 1, 1010, 0, 0, 1010, 380, NULL, 1010, 1010, 0, 380, NULL, NULL, NULL, 1, 2, NULL),
(252, 260, '2023-02-14 14:17:02', 1, 1, 230, 0, 32.2, 197.8, 72.8, NULL, 197.8, 197.8, 0, 72.8, NULL, NULL, NULL, 1, 2, NULL),
(253, 308, '2023-02-14 14:28:12', 1, 1, 1020, 0, 142.8, 877.2, 27.2, NULL, 877.2, 877.2, 0, 27.2, NULL, NULL, NULL, 1, 2, NULL),
(254, 328, '2023-02-14 14:42:32', 1, 1, 1450, 0, 0, 1450, 300, NULL, 1450, 1450, 0, 300, NULL, NULL, NULL, 1, 2, NULL),
(255, 329, '2023-02-15 05:28:24', 1, 1, 240, 0, 33.6, 206.4, 56.4, NULL, 206.4, 206.4, 0, 56.4, NULL, NULL, NULL, 1, 2, NULL),
(256, 330, '2023-02-15 05:59:34', 1, 1, 1370, 0, 191.8, 1178.2, 228.2, NULL, 1178.2, 1178.2, 0, 228.2, NULL, NULL, NULL, 1, 2, NULL),
(257, 268, '2023-02-15 07:49:09', 1, 1, 1070, 0, 149.8, 920.2, 100.2, NULL, 920.2, 920.2, 0, 100.2, NULL, NULL, NULL, 1, 2, NULL),
(258, 331, '2023-02-15 07:53:21', 1, 1, 990, 0, 138.6, 851.4, 176.4, NULL, 851.4, 851.4, 0, 176.4, NULL, NULL, NULL, 1, 2, NULL),
(259, 332, '2023-02-15 11:02:07', 1, 1, 570, 0, 79.8, 490.2, 50.2, NULL, 490.2, 490.2, 0, 50.2, NULL, NULL, NULL, 1, 2, NULL),
(260, 333, '2023-02-15 11:41:56', 1, 1, 460, 0, 64.4, 395.6, 135.6, NULL, 395.6, 395.6, 0, 135.6, NULL, NULL, NULL, 1, 2, NULL),
(261, 334, '2023-02-15 13:22:02', 1, 1, 1250, 0, 175, 1075, 190, NULL, 1075, 1075, 0, 190, NULL, NULL, NULL, 1, 2, NULL),
(262, 335, '2023-02-16 06:22:40', 1, 1, 300, 0, 30, 270, 90, NULL, 270, 270, 0, 90, NULL, NULL, NULL, 1, 2, NULL),
(263, 268, '2023-02-16 07:40:11', 1, 1, 2095, 0, 209.5, 1885.5, 415.5, NULL, 1885.5, 1885.5, 0, 415.5, NULL, NULL, NULL, 1, 2, NULL),
(264, 308, '2023-02-16 12:40:43', 1, 1, 7985, 0, 798.5, 7186.5, 1736.5, NULL, 7186.5, 7186.5, 0, 1736.5, NULL, NULL, NULL, 1, 2, NULL),
(265, 336, '2023-02-17 11:57:25', 1, 1, 1560, 0, 218.4, 1341.6, 211.6, NULL, 1341.6, 1341.6, 0, 211.6, NULL, NULL, NULL, 1, 2, NULL),
(266, 337, '2023-02-17 14:13:35', 1, 1, 840, 0, 84, 756, 196, NULL, 756, 756, 0, 196, NULL, NULL, NULL, 1, 2, NULL),
(267, 338, '2023-02-17 14:57:06', 1, 1, 1350, 0, 0, 1350, 400, NULL, 1350, 1350, 0, 400, NULL, NULL, NULL, 1, 2, NULL),
(268, 339, '2023-02-17 15:06:52', 1, 1, 1200, 0, 120, 1080, 130, NULL, 1080, 1080, 0, 130, NULL, NULL, NULL, 1, 2, NULL),
(269, 253, '2023-02-23 07:12:03', 1, 1, 2430, 0, 0, 2430, 740, NULL, 2430, 2430, 0, 740, NULL, NULL, NULL, 1, 2, NULL),
(270, 340, '2023-02-23 07:15:14', 1, 1, 330, 0, 0, 330, 75, NULL, 330, 330, 0, 75, NULL, NULL, NULL, 1, 2, NULL),
(271, 340, '2023-02-23 07:16:05', 1, 1, 710, 0, 0, 710, 170, NULL, 710, 710, 0, 170, NULL, NULL, NULL, 1, 2, NULL),
(272, 341, '2023-02-23 07:23:17', 1, 1, 1150, 0, 0, 1150, 285, NULL, 1150, 1150, 0, 285, NULL, NULL, NULL, 1, 2, NULL),
(273, 342, '2023-02-23 14:01:26', 1, 1, 320, 0, 0, 320, 120, NULL, 320, 320, 0, 120, NULL, NULL, NULL, 1, 2, NULL),
(274, 343, '2023-02-24 12:59:07', 1, 1, 1600, 0, 0, 1600, 300, NULL, 1600, 1600, 0, 300, NULL, NULL, NULL, 1, 2, NULL),
(275, 344, '2023-02-25 06:51:01', 1, 1, 740, 0, 0, 740, 245, NULL, 740, 740, 0, 245, NULL, NULL, NULL, 1, 2, NULL),
(276, 345, '2023-02-25 11:46:11', 1, 1, 1700, 0, 0, 1700, 580, NULL, 1700, 1700, 0, 580, NULL, NULL, NULL, 1, 2, NULL),
(277, 346, '2023-02-25 14:49:52', 1, 1, 4200, 0, 4200, 0, -3000, NULL, 0, 0, 0, -3000, NULL, NULL, NULL, 1, 2, NULL),
(278, 347, '2023-02-27 06:50:28', 1, 1, 1200, 0, 0, 1200, 250, NULL, 1200, 1200, 0, 250, NULL, NULL, NULL, 1, 2, NULL),
(279, 348, '2023-02-27 14:25:09', 1, 1, 300, 0, 0, 300, 50, NULL, 300, 300, 0, 50, NULL, NULL, NULL, 1, 2, NULL),
(280, 349, '2023-02-28 05:12:44', 1, 1, 280, 0, 0, 280, 60, NULL, 280, 280, 0, 60, NULL, NULL, NULL, 1, 2, NULL),
(281, 350, '2023-02-28 12:11:04', 1, 1, 480, 0, 0, 480, 170, NULL, 480, 480, 0, 170, NULL, NULL, NULL, 1, 2, NULL),
(282, 351, '2023-02-28 12:14:32', 1, 1, 1250, 0, 0, 1250, 400, NULL, 1250, 1250, 0, 400, NULL, NULL, NULL, 1, 2, NULL),
(283, 352, '2023-02-28 12:16:14', 1, 1, 250, 0, 0, 250, 50, NULL, 250, 250, 0, 50, NULL, NULL, NULL, 1, 2, NULL),
(284, 353, '2023-02-28 12:16:39', 1, 1, 400, 0, 0, 400, 120, NULL, 400, 400, 0, 120, NULL, NULL, NULL, 1, 2, NULL),
(285, 354, '2023-03-01 12:10:15', 1, 1, 650, 0, 0, 650, 200, NULL, 650, 650, 0, 200, NULL, NULL, NULL, 1, 2, NULL),
(286, 355, '2023-03-01 12:25:41', 1, 1, 200, 0, 0, 200, 70, NULL, 200, 200, 0, 70, NULL, NULL, NULL, 1, 2, NULL),
(287, 356, '2023-03-01 13:15:16', 1, 1, 1400, 0, 0, 1400, 580, NULL, 1400, 1400, 0, 580, NULL, NULL, NULL, 1, 2, NULL),
(288, 357, '2023-03-01 14:35:00', 1, 1, 970, 0, 0, 970, 310, NULL, 970, 970, 0, 310, NULL, NULL, NULL, 1, 2, NULL),
(289, 358, '2023-03-02 08:25:08', 1, 1, 1720, 0, 0, 1720, 430, NULL, 1720, 1720, 0, 430, NULL, NULL, NULL, 1, 2, NULL),
(290, 359, '2023-03-02 11:06:17', 1, 1, 390, 0, 0, 390, 128, NULL, 390, 390, 0, 128, NULL, NULL, NULL, 1, 2, NULL),
(291, 360, '2023-03-02 11:22:05', 1, 1, 810, 0, 0, 810, 255, NULL, 810, 810, 0, 255, NULL, NULL, NULL, 1, 2, NULL),
(292, 361, '2023-03-02 11:43:29', 1, 1, 1290, 0, 0, 1290, 260, NULL, 1290, 1290, 0, 260, NULL, NULL, NULL, 1, 2, NULL),
(293, 260, '2023-03-02 11:44:33', 1, 1, 1600, 0, 0, 1600, 300, NULL, 1600, 1600, 0, 300, NULL, NULL, NULL, 1, 2, NULL),
(294, 362, '2023-03-02 13:02:21', 1, 1, 1800, 0, 0, 1800, 585, NULL, 1800, 1800, 0, 585, NULL, NULL, NULL, 1, 2, NULL),
(295, 363, '2023-03-02 13:03:59', 1, 1, 370, 0, 0, 370, 155, NULL, 370, 370, 0, 155, NULL, NULL, NULL, 1, 2, NULL),
(296, 364, '2023-03-02 13:18:38', 1, 1, 3650, 0, 0, 3650, 800, NULL, 3650, 3650, 0, 800, NULL, NULL, NULL, 1, 2, NULL),
(297, 365, '2023-03-02 14:17:59', 1, 1, 1350, 0, 0, 1350, 400, NULL, 1350, 1350, 0, 400, NULL, NULL, NULL, 1, 2, NULL),
(298, 366, '2023-03-02 14:29:45', 1, 1, 1200, 0, 0, 1200, 450, NULL, 1200, 1200, 0, 450, NULL, NULL, NULL, 1, 2, NULL),
(299, 367, '2023-03-02 14:58:34', 1, 1, 2900, 0, 0, 2900, 940, NULL, 2900, 2900, 0, 940, NULL, NULL, NULL, 1, 2, NULL),
(300, 368, '2023-03-03 11:27:36', 1, 1, 2975, 0, 44.625, 2930.38, 890.375, NULL, 2930.38, 2930.375, 0, 890.375, NULL, NULL, NULL, 1, 2, NULL),
(301, 368, '2023-03-03 11:28:42', 1, 1, 3020, 0, 45.3, 2974.7, 914.7, NULL, 2974.7, 2974.7, 0, 914.7, NULL, NULL, NULL, 1, 2, NULL),
(302, 369, '2023-03-03 12:08:11', 1, 1, 180, 0, 0, 180, 60, NULL, 180, 180, 0, 60, NULL, NULL, NULL, 1, 2, NULL),
(303, 370, '2023-03-03 12:43:16', 1, 1, 460, 0, 0, 460, 210, NULL, 460, 460, 0, 210, NULL, NULL, NULL, 1, 2, NULL),
(304, 371, '2023-03-03 12:46:19', 1, 1, 900, 0, 0, 900, 175, NULL, 900, 900, 0, 175, NULL, NULL, NULL, 1, 2, NULL),
(305, 372, '2023-03-03 14:11:31', 1, 1, 850, 0, 0, 850, 300, NULL, 850, 850, 0, 300, NULL, NULL, NULL, 1, 2, NULL),
(306, 373, '2023-03-03 15:07:53', 1, 1, 1500, 0, 45, 1455, 355, NULL, 1455, 1455, 0, 355, NULL, NULL, NULL, 1, 2, NULL),
(307, 374, '2023-03-04 12:59:40', 1, 1, 780, 0, 0, 780, 190, NULL, 780, 780, 0, 190, NULL, NULL, NULL, 1, 2, NULL),
(308, 375, '2023-03-04 13:45:04', 1, 1, 720, 0, 0, 720, 240, NULL, 720, 720, 0, 240, NULL, NULL, NULL, 1, 2, NULL),
(309, 376, '2023-03-04 13:50:55', 1, 1, 440, 0, 0, 440, 185, NULL, 440, 440, 0, 185, NULL, NULL, NULL, 1, 2, NULL),
(310, 377, '2023-03-04 13:55:04', 1, 1, 1185, 0, 0, 1185, 255, NULL, 1185, 1185, 0, 255, NULL, NULL, NULL, 1, 2, NULL),
(311, 378, '2023-03-04 13:57:21', 1, 1, 645, 0, 0, 645, 276, NULL, 645, 645, 0, 276, NULL, NULL, NULL, 1, 2, NULL),
(312, 379, '2023-03-04 14:01:22', 1, 1, 680, 0, 0, 680, 185, NULL, 680, 680, 0, 185, NULL, NULL, NULL, 1, 2, NULL),
(313, 164, '2023-03-06 05:32:42', 1, 1, 1670, 0, 0, 1670, 580, NULL, 1670, 1670, 0, 580, NULL, NULL, NULL, 1, 2, NULL),
(314, 340, '2023-03-06 05:52:48', 1, 1, 1270, 0, 0, 1270, 335, NULL, 1270, 1270, 0, 335, NULL, NULL, NULL, 1, 2, NULL),
(315, 380, '2023-03-06 07:24:44', 1, 1, 4430, 0, 0, 4430, 940, NULL, 4430, 4430, 0, 940, NULL, NULL, NULL, 1, 2, NULL),
(316, 381, '2023-03-06 07:25:25', 1, 1, 910, 0, 0, 910, 310, NULL, 910, 910, 0, 310, NULL, NULL, NULL, 1, 2, NULL),
(317, 382, '2023-03-06 11:07:09', 1, 1, 180, 0, 0, 180, 60, NULL, 180, 180, 0, 60, NULL, NULL, NULL, 1, 2, NULL),
(318, 246, '2023-03-06 11:12:51', 1, 1, 1660, 0, 0, 1660, 310, NULL, 1660, 1660, 0, 310, NULL, NULL, NULL, 1, 2, NULL),
(319, 381, '2023-03-06 13:25:15', 1, 1, 2350, 0, 0, 2350, 550, NULL, 2350, 2350, 0, 550, NULL, NULL, NULL, 1, 2, NULL),
(320, 383, '2023-03-07 11:41:43', 1, 1, 115, 0, 0, 115, 53, NULL, 115, 115, 0, 53, NULL, NULL, NULL, 1, 2, NULL),
(321, 384, '2023-03-07 11:55:35', 1, 1, 830, 0, 0, 830, 245, NULL, 830, 830, 0, 245, NULL, NULL, NULL, 1, 2, NULL),
(322, 385, '2023-03-07 13:37:20', 1, 1, 400, 0, 0, 400, 165, NULL, 400, 400, 0, 165, NULL, NULL, NULL, 1, 2, NULL),
(323, 331, '2023-03-07 14:33:10', 1, 1, 1070, 0, 0, 1070, 295, NULL, 1070, 1070, 0, 295, NULL, NULL, NULL, 1, 2, NULL),
(324, 386, '2023-03-07 14:47:18', 1, 1, 1220, 0, 0, 1220, 440, NULL, 1220, 1220, 0, 440, NULL, NULL, NULL, 1, 2, NULL),
(325, 387, '2023-03-08 12:08:52', 1, 1, 1230, 0, 0, 1230, 500, NULL, 1230, 1230, 0, 500, NULL, NULL, NULL, 1, 2, NULL),
(326, 388, '2023-03-08 12:11:13', 1, 1, 1200, 0, 0, 1200, 400, NULL, 1200, 1200, 0, 400, NULL, NULL, NULL, 1, 2, NULL),
(327, 268, '2023-03-08 13:50:05', 1, 1, 100, 0, 0, 100, 20, NULL, 100, 100, 0, 20, NULL, NULL, NULL, 2, 2, NULL),
(328, 389, '2023-03-08 14:35:14', 1, 1, 1510, 0, 30.2, 1479.8, 499.8, NULL, 1479.8, 1479.8, 0, 499.8, NULL, NULL, NULL, 1, 2, NULL),
(329, 390, '2023-03-08 14:46:46', 1, 1, 380, 0, 0, 380, 170, NULL, 380, 380, 0, 170, NULL, NULL, NULL, 1, 2, NULL),
(330, 253, '2023-03-09 13:58:47', 1, 1, 1550, 0, 155, 1395, 515, NULL, 1395, 1395, 0, 515, NULL, NULL, NULL, 1, 2, NULL),
(331, 391, '2023-03-09 14:35:25', 1, 1, 540, 0, 54, 486, 146, NULL, 486, 486, 0, 146, NULL, NULL, NULL, 1, 2, NULL),
(332, 392, '2023-03-10 11:40:43', 1, 1, 1200, 0, 120, 1080, 280, NULL, 1080, 1080, 0, 280, NULL, NULL, NULL, 1, 2, NULL),
(333, 393, '2023-03-11 05:47:12', 1, 1, 930, 0, 93, 837, 237, NULL, 837, 837, 0, 237, NULL, NULL, NULL, 1, 2, NULL),
(334, 394, '2023-03-11 05:52:21', 1, 1, 610, 0, 61, 549, 99, NULL, 549, 549, 0, 99, NULL, NULL, NULL, 1, 2, NULL),
(335, 395, '2023-03-11 06:10:47', 1, 1, 980, 0, 98, 882, 282, NULL, 882, 882, 0, 282, NULL, NULL, NULL, 1, 2, NULL),
(336, 253, '2023-03-11 11:57:01', 1, 1, 1080, 0, 0, 1080, 350, NULL, 1080, 1080, 0, 350, NULL, NULL, NULL, 1, 2, NULL),
(337, 396, '2023-03-13 06:49:53', 1, 1, 700, 0, 70, 630, 225, NULL, 630, 630, 0, 225, NULL, NULL, NULL, 1, 2, NULL),
(338, 397, '2023-03-13 06:51:37', 1, 1, 1080, 0, 108, 972, 267, NULL, 972, 972, 0, 267, NULL, NULL, NULL, 1, 2, NULL),
(339, 398, '2023-03-13 10:24:47', 1, 1, 4600, 0, 0, 4600, 1398, NULL, 4600, 4600, 0, 1398, NULL, NULL, NULL, 1, 2, NULL),
(340, 399, '2023-03-13 10:37:41', 1, 1, 480, 0, 0, 480, 180, NULL, 480, 480, 0, 180, NULL, NULL, NULL, 1, 2, NULL),
(341, 400, '2023-03-13 10:43:00', 1, 1, 1960, 0, 0, 1960, 645, NULL, 1960, 1960, 0, 645, NULL, NULL, NULL, 1, 2, NULL),
(342, 401, '2023-03-13 11:42:54', 1, 1, 1270, 0, 0, 1270, 453, NULL, 1270, 1270, 0, 453, NULL, NULL, NULL, 1, 2, NULL),
(343, 381, '2023-03-13 13:18:41', 1, 1, 920, 0, 0, 920, 280, NULL, 920, 920, 0, 280, NULL, NULL, NULL, 1, 2, NULL),
(344, 402, '2023-03-13 14:42:08', 1, 1, 285, 0, 0, 285, 125, NULL, 285, 285, 0, 125, NULL, NULL, NULL, 1, 2, NULL),
(345, 403, '2023-03-14 05:42:42', 1, 1, 700, 0, 0, 700, 290, NULL, 700, 700, 0, 290, NULL, NULL, NULL, 1, 2, NULL),
(346, 404, '2023-03-14 05:45:47', 1, 1, 1810, 0, 0, 1810, 690, NULL, 1810, 1810, 0, 690, NULL, NULL, NULL, 1, 2, NULL),
(347, 405, '2023-03-14 06:19:25', 1, 1, 620, 0, 0, 620, 230, NULL, 620, 620, 0, 230, NULL, NULL, NULL, 1, 2, NULL),
(348, 381, '2023-03-14 10:03:58', 1, 1, 2475, 0, 0, 2475, 1008, NULL, 2475, 2475, 0, 1008, NULL, NULL, NULL, 1, 2, NULL),
(349, 253, '2023-03-14 13:05:10', 1, 1, 1400, 0, 0, 1400, 410, NULL, 1400, 1400, 0, 410, NULL, NULL, NULL, 1, 2, NULL),
(350, 268, '2023-03-14 13:08:02', 1, 1, 1890, 0, 0, 1890, 620, NULL, 1890, 1890, 0, 620, NULL, NULL, NULL, 1, 2, NULL),
(351, 381, '2023-03-15 07:14:37', 1, 1, 3100, 0, 0, 3100, 900, NULL, 3100, 3100, 0, 900, NULL, NULL, NULL, 1, 2, NULL),
(352, 308, '2023-03-15 12:26:46', 1, 1, 490, 0, 0, 490, 170, NULL, 490, 490, 0, 170, NULL, NULL, NULL, 1, 2, NULL),
(353, 406, '2023-03-15 12:29:02', 1, 1, 980, 0, 0, 980, 380, NULL, 980, 980, 0, 380, NULL, NULL, NULL, 1, 2, NULL),
(354, 407, '2023-03-15 12:31:17', 1, 1, 850, 0, 0, 850, 220, NULL, 850, 850, 0, 220, NULL, NULL, NULL, 1, 2, NULL),
(355, 408, '2023-03-15 12:32:42', 1, 1, 290, 0, 0, 290, 133, NULL, 290, 290, 0, 133, NULL, NULL, NULL, 1, 2, NULL),
(356, 253, '2023-03-15 13:59:12', 1, 1, 1430, 0, 0, 1430, 480, NULL, 1430, 1430, 0, 480, NULL, NULL, NULL, 1, 2, NULL),
(357, 253, '2023-03-16 10:29:11', 1, 1, 450, 0, 0, 450, 135, NULL, 450, 450, 0, 135, NULL, NULL, NULL, 1, 2, NULL),
(358, 269, '2023-03-16 13:29:20', 1, 1, 1130, 0, 0, 1130, 420, NULL, 1130, 1130, 0, 420, NULL, NULL, NULL, 1, 2, NULL),
(359, 409, '2023-03-16 13:36:52', 1, 1, 950, 0, 0, 950, 250, NULL, 950, 950, 0, 250, NULL, NULL, NULL, 1, 2, NULL),
(360, 410, '2023-03-16 13:45:24', 1, 1, 360, 0, 0, 360, 120, NULL, 360, 360, 0, 120, NULL, NULL, NULL, 1, 2, NULL),
(361, 411, '2023-03-22 13:37:22', 1, 1, 870, 0, 0, 870, 215, NULL, 870, 870, 0, 215, NULL, NULL, NULL, 1, 2, NULL),
(362, 412, '2023-03-22 13:38:57', 1, 1, 550, 0, 0, 550, 240, NULL, 550, 550, 0, 240, NULL, NULL, NULL, 1, 2, NULL),
(363, 413, '2023-03-22 13:43:59', 1, 1, 1750, 0, 0, 1750, 790, NULL, 1750, 1750, 0, 790, NULL, NULL, NULL, 1, 2, NULL),
(364, 414, '2023-03-22 14:52:30', 1, 1, 1020, 0, 0, 1020, 390, NULL, 1020, 1020, 0, 390, NULL, NULL, NULL, 1, 2, NULL),
(365, 381, '2023-03-22 14:56:39', 1, 1, 1300, 0, 0, 1300, 380, NULL, 1300, 1300, 0, 380, NULL, NULL, NULL, 1, 2, NULL),
(366, 415, '2023-03-22 14:59:24', 1, 1, 650, 0, 0, 650, 230, NULL, 650, 650, 0, 230, NULL, NULL, NULL, 1, 2, NULL),
(367, 253, '2023-03-23 05:46:14', 1, 1, 1250, 0, 0, 1250, 218, NULL, 1250, 1250, 0, 218, NULL, NULL, NULL, 1, 2, NULL),
(368, 416, '2023-03-23 05:47:47', 1, 1, 400, 0, 0, 400, 133, NULL, 400, 400, 0, 133, NULL, NULL, NULL, 1, 2, NULL),
(369, 253, '2023-03-23 09:44:15', 1, 1, 2020, 0, 0, 2020, 680, NULL, 2020, 2020, 0, 680, NULL, NULL, NULL, 1, 2, NULL),
(370, 417, '2023-03-23 09:46:14', 1, 1, 650, 0, 0, 650, 220, NULL, 650, 650, 0, 220, NULL, NULL, NULL, 1, 2, NULL),
(371, 418, '2023-03-23 10:21:19', 1, 1, 1200, 0, 0, 1200, 550, NULL, 1200, 1200, 0, 550, NULL, NULL, NULL, 1, 2, NULL),
(372, 419, '2023-03-23 11:28:32', 1, 1, 710, 0, 0, 710, 210, NULL, 710, 710, 0, 210, NULL, NULL, NULL, 1, 2, NULL),
(373, 268, '2023-03-23 14:16:39', 1, 1, 1100, 0, 0, 1100, 320, NULL, 1100, 1100, 0, 320, NULL, NULL, NULL, 1, 2, NULL),
(374, 420, '2023-03-25 06:53:34', 1, 1, 380, 0, 0, 380, 170, NULL, 380, 380, 0, 170, NULL, NULL, NULL, 1, 2, NULL),
(375, 421, '2023-03-25 07:10:53', 1, 1, 1250, 0, 0, 1250, 410, NULL, 1250, 1250, 0, 410, NULL, NULL, NULL, 1, 2, NULL),
(376, 422, '2023-03-25 10:49:33', 1, 1, 1280, 0, 0, 1280, 530, NULL, 1280, 1280, 0, 530, NULL, NULL, NULL, 1, 2, NULL),
(377, 423, '2023-03-25 11:26:08', 1, 1, 1550, 0, 0, 1550, 400, NULL, 1550, 1550, 0, 400, NULL, NULL, NULL, 1, 2, NULL),
(378, 424, '2023-03-25 11:46:53', 1, 1, 1600, 0, 0, 1600, 300, NULL, 1600, 1600, 0, 300, NULL, NULL, NULL, 1, 2, NULL),
(379, 253, '2023-03-26 10:26:57', 1, 1, 2210, 0, 0, 2210, 660, NULL, 2210, 2210, 0, 660, NULL, NULL, NULL, 1, 2, NULL),
(380, 425, '2023-03-26 10:27:51', 1, 1, 2700, 0, 0, 2700, 1170, NULL, 2700, 2700, 0, 1170, NULL, NULL, NULL, 1, 2, NULL),
(381, 426, '2023-03-26 14:38:53', 1, 1, 1860, 0, 0, 1860, 675, NULL, 1860, 1860, 0, 675, NULL, NULL, NULL, 1, 2, NULL),
(382, 427, '2023-03-26 14:46:53', 1, 1, 950, 0, 0, 950, 225, NULL, 950, 950, 0, 225, NULL, NULL, NULL, 1, 2, NULL),
(383, 253, '2023-03-26 15:22:57', 1, 1, 2270, 0, 0, 2270, 800, NULL, 2270, 2270, 0, 800, NULL, NULL, NULL, 1, 2, NULL),
(384, 156, '2023-03-26 15:28:05', 1, 1, 7680, 0, 0, 7680, 2130, NULL, 7680, 7680, 0, 2130, NULL, NULL, NULL, 1, 2, NULL),
(385, 428, '2023-03-27 05:53:53', 1, 1, 350, 0, 0, 350, 50, NULL, 350, 350, 0, 50, NULL, NULL, NULL, 1, 2, NULL),
(386, 429, '2023-03-27 06:38:08', 1, 1, 790, 0, 0, 790, 320, NULL, 790, 790, 0, 320, NULL, NULL, NULL, 1, 2, NULL),
(387, 381, '2023-03-27 09:50:54', 1, 1, 5400, 0, 0, 5400, 1300, NULL, 5400, 5400, 0, 1300, NULL, NULL, NULL, 1, 2, NULL),
(388, 340, '2023-03-27 09:52:54', 1, 1, 1110, 0, 0, 1110, 270, NULL, 1110, 1110, 0, 270, NULL, NULL, NULL, 1, 2, NULL),
(389, 430, '2023-03-27 15:24:10', 1, 1, 1500, 0, 0, 1500, 400, NULL, 1500, 1500, 0, 400, NULL, NULL, NULL, 1, 2, NULL),
(390, 431, '2023-03-29 09:14:02', 1, 1, 770, 0, 0, 770, 220, NULL, 770, 770, 0, 220, NULL, NULL, NULL, 1, 2, NULL),
(391, 432, '2023-03-29 14:07:43', 1, 1, 600, 0, 0, 600, 150, NULL, 600, 600, 0, 150, NULL, NULL, NULL, 1, 2, NULL),
(392, 433, '2023-03-30 06:33:30', 1, 1, 810, 0, 0, 810, 270, NULL, 810, 810, 0, 270, NULL, NULL, NULL, 1, 2, NULL),
(393, 381, '2023-03-30 07:15:30', 1, 1, 450, 0, 0, 450, 195, NULL, 450, 450, 0, 195, NULL, NULL, NULL, 1, 2, NULL),
(394, 434, '2023-03-30 07:15:57', 1, 1, 650, 0, 0, 650, 230, NULL, 650, 650, 0, 230, NULL, NULL, NULL, 1, 2, NULL),
(395, 435, '2023-03-30 15:04:27', 1, 1, 2640, 0, 0, 2640, 780, NULL, 2640, 2640, 0, 780, NULL, NULL, NULL, 1, 2, NULL),
(396, 436, '2023-03-30 15:05:16', 1, 1, 1250, 0, 0, 1250, 550, NULL, 1250, 1250, 0, 550, NULL, NULL, NULL, 1, 2, NULL),
(397, 437, '2023-03-30 16:01:22', 1, 1, 4160, 0, 0, 4160, 1270, NULL, 4160, 4160, 0, 1270, NULL, NULL, NULL, 1, 2, NULL),
(398, 438, '2023-03-31 05:49:31', 1, 1, 2980, 0, 0, 2980, 880, NULL, 2980, 2980, 0, 880, NULL, NULL, NULL, 1, 2, NULL),
(399, 439, '2023-03-31 06:29:16', 1, 1, 1200, 0, 0, 1200, 550, NULL, 1200, 1200, 0, 550, NULL, NULL, NULL, 1, 2, NULL),
(400, 440, '2023-03-31 14:57:39', 1, 1, 2650, 0, 0, 2650, 690, NULL, 2650, 2650, 0, 690, NULL, NULL, NULL, 1, 2, NULL),
(401, 441, '2023-03-31 15:56:40', 1, 1, 1230, 0, 0, 1230, 380, NULL, 1230, 1230, 0, 380, NULL, NULL, NULL, 1, 2, NULL),
(402, 381, '2023-03-31 16:04:50', 1, 1, 380, 0, 0, 380, 130, NULL, 380, 380, 0, 130, NULL, NULL, NULL, 1, 2, NULL),
(403, 442, '2023-04-01 06:15:15', 1, 1, 460, 0, 0, 460, 180, NULL, 460, 460, 0, 180, NULL, NULL, NULL, 1, 2, NULL),
(404, 443, '2023-04-01 06:16:03', 1, 1, 1350, 0, 0, 1350, 400, NULL, 1350, 1350, 0, 400, NULL, NULL, NULL, 1, 2, NULL),
(405, 444, '2023-04-01 07:14:47', 1, 1, 470, 0, 0, 470, 170, NULL, 470, 470, 0, 170, NULL, NULL, NULL, 1, 2, NULL),
(406, 196, '2023-04-01 07:50:22', 1, 1, 1620, 0, 0, 1620, 743, NULL, 1620, 1620, 0, 743, NULL, NULL, NULL, 1, 2, NULL),
(407, 445, '2023-04-01 08:50:02', 1, 1, 780, 0, 78, 702, 182, NULL, 702, 702, 0, 182, NULL, NULL, NULL, 1, 2, NULL),
(408, 446, '2023-04-01 15:06:20', 1, 1, 2550, 0, 0, 2550, 860, NULL, 2550, 2550, 0, 860, NULL, NULL, NULL, 1, 2, NULL),
(409, 253, '2023-04-01 15:54:48', 1, 1, 1120, 0, 0, 1120, 400, NULL, 1120, 1120, 0, 400, NULL, NULL, NULL, 1, 2, NULL),
(410, 156, '2023-04-01 15:56:38', 1, 1, 2220, 0, 0, 2220, 560, NULL, 2220, 2220, 0, 560, NULL, NULL, NULL, 1, 2, NULL),
(411, 447, '2023-04-01 16:08:58', 1, 1, 4000, 0, 0, 4000, 1430, NULL, 4000, 4000, 0, 1430, NULL, NULL, NULL, 1, 2, NULL),
(412, 381, '2023-04-02 14:49:03', 1, 1, 3410, 0, 0, 3410, 1050, NULL, 3410, 3410, 0, 1050, NULL, NULL, NULL, 1, 2, NULL),
(413, 448, '2023-04-02 14:50:06', 1, 1, 2830, 0, 0, 2830, 938, NULL, 2830, 2830, 0, 938, NULL, NULL, NULL, 1, 2, NULL),
(414, 449, '2023-04-02 15:43:30', 1, 1, 1650, 0, 0, 1650, 550, NULL, 1650, 1650, 0, 550, NULL, NULL, NULL, 1, 2, NULL),
(415, 450, '2023-04-03 05:19:59', 1, 1, 1200, 0, 0, 1200, 550, NULL, 1200, 1200, 0, 550, NULL, NULL, NULL, 1, 2, NULL),
(416, 158, '2023-04-03 06:19:43', 1, 1, 850, 0, 0, 850, 250, NULL, 850, 850, 0, 250, NULL, NULL, NULL, 1, 2, NULL),
(417, 451, '2023-04-03 06:31:45', 1, 1, 1730, 0, 0, 1730, 570, NULL, 1730, 1730, 0, 570, NULL, NULL, NULL, 1, 2, NULL),
(418, 381, '2023-04-03 10:58:31', 1, 1, 3480, 0, 0, 3480, 1240, NULL, 3480, 3480, 0, 1240, NULL, NULL, NULL, 1, 2, NULL),
(419, 452, '2023-04-03 10:59:46', 1, 1, 1600, 0, 0, 1600, 425, NULL, 1600, 1600, 0, 425, NULL, NULL, NULL, 1, 2, NULL),
(420, 453, '2023-04-03 11:51:17', 1, 1, 1200, 0, 0, 1200, 350, NULL, 1200, 1200, 0, 350, NULL, NULL, NULL, 1, 2, NULL),
(421, 454, '2023-04-03 12:59:00', 1, 1, 1280, 0, 0, 1280, 370, NULL, 1280, 1280, 0, 370, NULL, NULL, NULL, 1, 2, NULL),
(422, 455, '2023-04-03 13:17:19', 1, 1, 1350, 0, 0, 1350, 550, NULL, 1350, 1350, 0, 550, NULL, NULL, NULL, 1, 2, NULL),
(423, 456, '2023-04-03 14:03:31', 1, 1, 1870, 0, 0, 1870, 540, NULL, 1870, 1870, 0, 540, NULL, NULL, NULL, 1, 2, NULL),
(424, 381, '2023-04-03 14:08:29', 1, 1, 730, 0, 0, 730, 230, NULL, 730, 730, 0, 230, NULL, NULL, NULL, 1, 2, NULL),
(425, 457, '2023-04-03 14:14:04', 1, 1, 2530, 0, 0, 2530, 750, NULL, 2530, 2530, 0, 750, NULL, NULL, NULL, 1, 2, NULL),
(426, 175, '2023-04-03 15:18:56', 1, 1, 950, 0, 0, 950, 310, NULL, 950, 950, 0, 310, NULL, NULL, NULL, 1, 2, NULL),
(427, 458, '2023-04-03 15:36:36', 1, 1, 3765, 0, 0, 3765, 1045, NULL, 3765, 3765, 0, 1045, NULL, NULL, NULL, 1, 2, NULL);
INSERT INTO `cart_informtion` (`cart_id`, `consumer_id`, `cart_date`, `cart_status`, `payment_method_id`, `total_cart_amount`, `vat_amount`, `total_discount`, `total_payable_amount`, `gross_profit`, `payment_method_charge`, `final_total_amount`, `paid_amount`, `due_amount`, `net_profit`, `delivery_date`, `table_no`, `waiter_id`, `sales_type`, `created_by`, `is_vat_enabled`) VALUES
(428, 459, '2023-04-04 06:26:35', 1, 1, 1420, 0, 0, 1420, 420, NULL, 1420, 1420, 0, 420, NULL, NULL, NULL, 1, 2, NULL),
(429, 381, '2023-04-04 14:13:07', 1, 1, 3300, 0, 0, 3300, 1100, NULL, 3300, 3300, 0, 1100, NULL, NULL, NULL, 1, 2, NULL),
(430, 460, '2023-04-05 07:47:28', 1, 1, 520, 0, 0, 520, 110, NULL, 520, 520, 0, 110, NULL, NULL, NULL, 1, 2, NULL),
(431, 381, '2023-04-05 14:25:20', 1, 1, 5400, 0, 0, 5400, 1740, NULL, 5400, 5400, 0, 1740, NULL, NULL, NULL, 1, 2, NULL),
(432, 381, '2023-04-05 15:39:55', 1, 1, 2880, 0, 0, 2880, 930, NULL, 2880, 2880, 0, 930, NULL, NULL, NULL, 1, 2, NULL),
(433, 461, '2023-04-05 15:44:02', 1, 1, 1620, 0, 0, 1620, 720, NULL, 1620, 1620, 0, 720, NULL, NULL, NULL, 1, 2, NULL),
(434, 462, '2023-04-05 15:47:52', 1, 1, 550, 0, 0, 550, 100, NULL, 550, 550, 0, 100, NULL, NULL, NULL, 1, 2, NULL),
(435, 463, '2023-04-05 16:04:58', 1, 1, 2100, 0, 0, 2100, 890, NULL, 2100, 2100, 0, 890, NULL, NULL, NULL, 1, 2, NULL),
(436, 381, '2023-04-07 11:04:17', 1, 1, 4830, 0, 0, 4830, 1580, NULL, 4830, 4830, 0, 1580, NULL, NULL, NULL, 1, 2, NULL),
(437, 464, '2023-04-07 12:11:49', 1, 1, 1655, 0, 0, 1655, 415, NULL, 1655, 1655, 0, 415, NULL, NULL, NULL, 1, 2, NULL),
(438, 381, '2023-04-07 15:31:12', 1, 1, 2680, 0, 0, 2680, 760, NULL, 2680, 2680, 0, 760, NULL, NULL, NULL, 1, 2, NULL),
(439, 465, '2023-05-09 12:20:04', 1, 1, 3550, 0, 0, 3550, 550, NULL, 3550, 3550, 0, 550, NULL, NULL, NULL, 2, 2, NULL),
(440, 466, '2023-05-09 12:58:53', 1, 1, 1400, 0, 0, 1400, 400, NULL, 1400, 1400, 0, 400, NULL, NULL, NULL, 1, 2, NULL),
(441, 467, '2023-05-09 13:26:53', 1, 1, 2220, 0, 0, 2220, 710, NULL, 2220, 2220, 0, 710, NULL, NULL, NULL, 1, 2, NULL),
(442, 253, '2023-05-30 11:29:26', 1, 1, 7000, 0, 0, 7000, 2080, NULL, 7000, 7000, 0, 2080, NULL, NULL, NULL, 1, 2, NULL),
(443, 169, '2023-07-18 06:02:48', 1, 1, 550, 0, 0, 550, 110, NULL, 550, 550, 0, 110, NULL, NULL, NULL, 1, 8, NULL),
(444, 381, '2023-07-18 14:57:35', 1, 1, 3070, 0, 0, 3070, 730, NULL, 3070, 3070, 0, 730, NULL, NULL, NULL, 1, 8, NULL),
(445, 381, '2023-07-20 12:02:10', 1, 1, 2940, 0, 0, 2940, 760, NULL, 2940, 2940, 0, 760, NULL, NULL, NULL, 1, 2, NULL),
(446, 466, '2023-07-20 14:59:19', 1, 1, 1350, 0, 0, 1350, 240, NULL, 1350, 1350, 0, 240, NULL, NULL, NULL, 1, 2, NULL),
(447, 175, '2023-07-20 14:59:47', 1, 1, 450, 0, 0, 450, 80, NULL, 450, 450, 0, 80, NULL, NULL, NULL, 1, 2, NULL),
(448, 268, '2023-07-21 13:10:37', 1, 1, 900, 0, 0, 900, 160, NULL, 900, 900, 0, 160, NULL, NULL, NULL, 1, 2, NULL),
(449, 468, '2023-07-21 13:11:04', NULL, 1, NULL, 0, 0, NULL, NULL, NULL, NULL, NULL, 0, NULL, NULL, NULL, NULL, 1, 2, NULL),
(450, 468, '2023-07-21 13:11:27', 1, 1, 450, 0, 0, 450, 80, NULL, 450, 450, 0, 80, NULL, NULL, NULL, 1, 2, NULL),
(451, 469, '2023-07-21 13:18:24', 1, 1, 450, 0, 0, 450, 80, NULL, 450, 450, 0, 80, NULL, NULL, NULL, 1, 2, NULL),
(452, 470, '2023-07-21 13:56:29', 1, 1, 450, 0, 0, 450, 80, NULL, 450, 450, 0, 80, NULL, NULL, NULL, 1, 2, NULL),
(453, 381, '2023-07-22 07:04:08', 1, 1, 3150, 0, 0, 3150, 560, NULL, 3150, 3150, 0, 560, NULL, NULL, NULL, 1, 2, NULL),
(454, 468, '2023-08-01 06:24:58', 1, 1, 670, 0, 0, 670, 230, NULL, 670, 670, 0, 230, NULL, NULL, NULL, 1, 8, NULL),
(455, 468, '2023-08-01 12:40:04', 1, 1, 520, 0, 0, 520, 110, NULL, 520, 520, 0, 110, NULL, NULL, NULL, 1, 2, NULL),
(456, 367, '2023-08-08 12:17:00', 1, 1, 2200, 0, 0, 2200, 700, NULL, 2200, 2200, 0, 700, NULL, NULL, NULL, 1, 2, NULL),
(457, 380, '2023-08-09 05:53:54', 1, 1, 1800, 0, 0, 1800, 600, NULL, 1800, 1800, 0, 600, NULL, NULL, NULL, 1, 2, NULL),
(458, 471, '2023-08-09 12:51:49', 1, 1, 950, 0, 0, 950, 350, NULL, 950, 950, 0, 350, NULL, NULL, NULL, 1, 2, NULL),
(459, 472, '2023-08-09 12:54:30', 1, 1, 1350, 0, 0, 1350, 400, NULL, 1350, 1350, 0, 400, NULL, NULL, NULL, 1, 2, NULL),
(460, 468, '2023-08-20 14:16:12', 1, 1, 3120, 0, 0, 3120, 950, NULL, 3120, 3120, 0, 950, NULL, NULL, NULL, 1, 2, NULL),
(461, 468, '2023-08-23 11:59:35', 1, 1, 450, 0, 0, 450, 80, NULL, 450, 450, 0, 80, NULL, NULL, NULL, 1, 2, NULL),
(462, 473, '2023-08-27 08:32:24', 1, 1, 900, 0, 0, 900, 360, NULL, 900, 900, 0, 360, NULL, NULL, NULL, 1, 2, NULL),
(463, 474, '2023-08-27 13:52:02', 1, 1, 700, 0, 0, 700, 200, NULL, 700, 700, 0, 200, NULL, NULL, NULL, 1, 2, NULL),
(464, 475, '2023-08-30 05:27:58', 1, 1, 4260, 0, 0, 4260, 1345, NULL, 4260, 4260, 0, 1345, NULL, NULL, NULL, 1, 2, NULL),
(465, 476, '2023-08-30 09:27:42', 1, 1, 520, 0, 0, 520, 240, NULL, 520, 520, 0, 240, NULL, NULL, NULL, 1, 2, NULL),
(466, 468, '2023-08-30 13:36:57', 1, 1, 730, 0, 0, 730, 100, NULL, 730, 730, 0, 100, NULL, NULL, NULL, 1, 2, NULL),
(467, 477, '2023-08-31 11:34:16', 1, 1, 550, 0, 0, 550, 190, NULL, 550, 550, 0, 190, NULL, NULL, NULL, 1, 2, NULL),
(468, 478, '2023-09-01 11:45:09', 1, 1, 1200, 0, 0, 1200, 350, NULL, 1200, 1200, 0, 350, NULL, NULL, NULL, 1, 2, NULL),
(469, 479, '2023-09-02 13:28:49', 1, 1, 1200, 0, 0, 1200, 400, NULL, 1200, 1200, 0, 400, NULL, NULL, NULL, 1, 2, NULL),
(470, 381, '2023-09-06 06:13:05', 1, 1, 750, 0, 0, 750, 150, NULL, 750, 750, 0, 150, NULL, NULL, NULL, 1, 2, NULL),
(471, 480, '2023-09-06 12:31:32', 1, 1, 2070, 0, 0, 2070, 610, NULL, 2070, 2070, 0, 610, NULL, NULL, NULL, 1, 2, NULL),
(472, 481, '2023-09-06 12:50:02', 1, 1, 1580, 0, 0, 1580, 380, NULL, 1580, 1580, 0, 380, NULL, NULL, NULL, 1, 2, NULL),
(473, 482, '2023-09-06 12:59:30', 1, 1, 1580, 0, 0, 1580, 380, NULL, 1580, 1580, 0, 380, NULL, NULL, NULL, 1, 2, NULL),
(474, 483, '2023-09-07 11:30:44', 1, 1, 1250, 0, 0, 1250, 350, NULL, 1250, 1250, 0, 350, NULL, NULL, NULL, 1, 2, NULL),
(475, 484, '2023-09-08 12:03:45', 1, 1, 450, 0, 0, 450, 80, NULL, 450, 450, 0, 80, NULL, NULL, NULL, 1, 2, NULL),
(476, 485, '2023-09-08 12:45:26', 1, 1, 450, 0, 0, 450, 80, NULL, 450, 450, 0, 80, NULL, NULL, NULL, 1, 2, NULL),
(477, 486, '2023-09-10 05:41:35', 1, 1, 750, 0, 0, 750, 150, NULL, 750, 750, 0, 150, NULL, NULL, NULL, 1, 2, NULL),
(478, 381, '2023-09-20 05:15:14', 1, 1, 2160, 0, 0, 2160, 1000, NULL, 2160, 2160, 0, 1000, NULL, NULL, NULL, 1, 2, NULL),
(479, 487, '2023-10-28 04:52:48', 1, 1, 1250, 0, 0, 1250, 350, NULL, 1250, 1250, 0, 350, NULL, NULL, NULL, 1, 2, NULL),
(480, 488, '2023-10-28 11:02:54', 1, 1, 800, 0, 0, 800, 230, NULL, 800, 800, 0, 230, NULL, NULL, NULL, 1, 2, NULL),
(481, 489, '2023-10-29 14:11:27', 1, 1, 1580, 0, 0, 1580, 380, NULL, 1580, 1580, 0, 380, NULL, NULL, NULL, 1, 2, NULL),
(482, 490, '2023-10-30 08:04:19', 1, 1, 490, 0, 0, 490, 140, NULL, 490, 490, 0, 140, NULL, NULL, NULL, 1, 2, NULL),
(483, 491, '2023-10-30 12:12:27', 1, 1, 2200, 0, 0, 2200, 680, NULL, 2200, 2200, 0, 680, NULL, NULL, NULL, 1, 2, NULL),
(484, 492, '2023-10-31 06:02:00', 1, 1, 950, 0, 0, 950, 330, NULL, 950, 950, 0, 330, NULL, NULL, NULL, 1, 2, NULL),
(485, 493, '2023-11-01 11:38:03', 1, 1, 2100, 0, 0, 2100, 750, NULL, 2100, 2100, 0, 750, NULL, NULL, NULL, 1, 2, NULL),
(486, 126, '2023-11-01 11:56:28', 1, 1, 1350, 0, 0, 1350, 450, NULL, 1350, 1350, 0, 450, NULL, NULL, NULL, 1, 2, NULL),
(487, 126, '2024-01-05 15:12:39', 1, 1, 220, 0, 0, 220, 110, NULL, 220, 220, 0, 110, NULL, NULL, NULL, 1, 2, NULL),
(488, 494, '2024-01-06 11:12:16', 1, 1, 950, 0, 0, 950, 330, NULL, 950, 950, 0, 330, NULL, NULL, NULL, 1, 2, NULL),
(489, 490, '2024-01-06 11:18:48', 1, 1, 1180, 0, 0, 1180, 360, NULL, 1180, 1180, 0, 360, NULL, NULL, NULL, 1, 2, NULL),
(490, 324, '2024-01-06 12:06:33', 1, 1, 1360, 0, 0, 1360, 420, NULL, 1360, 1360, 0, 420, NULL, NULL, NULL, 1, 2, NULL),
(491, 495, '2024-01-06 14:31:40', 1, 1, 2620, 0, 0, 2620, 740, NULL, 2620, 2620, 0, 740, NULL, NULL, NULL, 1, 2, NULL),
(492, 495, '2024-01-06 14:35:39', 1, 1, 1080, 0, 0, 1080, 330, NULL, 1080, 1080, 0, 330, NULL, NULL, NULL, 1, 2, NULL),
(493, 496, '2024-01-08 07:35:43', 1, 1, 2610, 0, 0, 2610, 910, NULL, 2610, 2610, 0, 910, NULL, NULL, NULL, 1, 2, NULL),
(494, 497, '2024-01-08 08:27:46', 1, 1, 1130, 0, 0, 1130, 410, NULL, 1130, 1130, 0, 410, NULL, NULL, NULL, 1, 2, NULL),
(495, 497, '2024-01-08 11:27:41', 1, 1, 7490, 0, 0, 7490, 1990, NULL, 7490, 7490, 0, 1990, NULL, NULL, NULL, 1, 8, NULL),
(496, 494, '2024-01-09 11:26:31', 1, 1, 7490, 0, 0, 7490, 2100, NULL, 7490, 7490, 0, 2100, NULL, NULL, NULL, 1, 8, NULL),
(497, 497, '2024-01-09 13:59:10', 1, 1, 1375, 0, 0, 1375, 435, NULL, 1375, 1375, 0, 435, NULL, NULL, NULL, 1, 8, NULL),
(498, 498, '2024-01-09 13:59:53', 1, 1, 750, 0, 0, 750, 300, NULL, 750, 750, 0, 300, NULL, NULL, NULL, 1, 8, NULL),
(499, 499, '2024-01-09 14:20:48', 1, 1, 1560, 0, 0, 1560, 430, NULL, 1560, 1560, 0, 430, NULL, NULL, NULL, 1, 8, NULL),
(500, 500, '2024-01-12 13:09:15', 1, 1, 950, 0, 0, 950, 350, NULL, 950, 950, 0, 350, NULL, NULL, NULL, 1, 2, NULL),
(501, 498, '2024-01-14 14:48:11', 1, 1, 2520, 0, 0, 2520, 700, NULL, 2520, 2520, 0, 700, NULL, NULL, NULL, 1, 2, NULL),
(502, 497, '2024-01-14 14:48:30', 1, 1, 1650, 0, 0, 1650, 450, NULL, 1650, 1650, 0, 450, NULL, NULL, NULL, 1, 2, NULL),
(503, 501, '2024-01-15 05:29:04', 1, 1, 2280, 0, 0, 2280, 880, NULL, 2280, 2280, 0, 880, NULL, NULL, NULL, 1, 8, NULL),
(504, 502, '2024-01-15 10:45:05', 1, 1, 650, 0, 0, 650, 200, NULL, 650, 650, 0, 200, NULL, NULL, NULL, 1, 8, NULL),
(505, 503, '2024-01-15 11:53:33', 1, 1, 1130, 0, 0, 1130, 430, NULL, 1130, 1130, 0, 430, NULL, NULL, NULL, 1, 8, NULL),
(506, 504, '2024-01-15 12:35:00', 1, 1, 2180, 0, 0, 2180, 730, NULL, 2180, 2180, 0, 730, NULL, NULL, NULL, 1, 8, NULL),
(507, 505, '2024-01-15 12:55:21', 1, 1, 120, 0, 0, 120, 70, NULL, 120, 120, 0, 70, NULL, NULL, NULL, 1, 8, NULL),
(508, 506, '2024-01-16 09:47:31', 1, 1, 310, 0, 0, 310, 120, NULL, 310, 310, 0, 120, NULL, NULL, NULL, 1, 8, NULL),
(509, 507, '2024-01-16 10:18:34', 1, 1, 950, 0, 0, 950, 350, NULL, 950, 950, 0, 350, NULL, NULL, NULL, 1, 8, NULL),
(510, 508, '2024-01-16 11:02:18', 1, 1, 950, 0, 0, 950, 350, NULL, 950, 950, 0, 350, NULL, NULL, NULL, 1, 8, NULL),
(511, 509, '2024-01-16 11:11:08', 1, 1, 2330, 0, 0, 2330, 680, NULL, 2330, 2330, 0, 680, NULL, NULL, NULL, 1, 8, NULL),
(512, 510, '2024-01-17 08:10:56', 1, 1, 1080, 0, 0, 1080, 330, NULL, 1080, 1080, 0, 330, NULL, NULL, NULL, 1, 2, NULL),
(513, 511, '2024-01-17 13:09:57', 1, 1, 1580, 0, 0, 1580, 380, NULL, 1580, 1580, 0, 380, NULL, NULL, NULL, 1, 8, NULL),
(514, 512, '2024-01-19 13:01:51', 1, 1, 860, 0, 0, 860, 290, NULL, 860, 860, 0, 290, NULL, NULL, NULL, 1, 2, NULL),
(515, 513, '2024-01-19 13:23:18', 1, 1, 1770, 0, 0, 1770, 490, NULL, 1770, 1770, 0, 490, NULL, NULL, NULL, 1, 8, NULL),
(516, 514, '2024-01-23 05:25:25', 1, 1, 120, 0, 0, 120, 70, NULL, 120, 120, 0, 70, NULL, NULL, NULL, 1, 2, NULL),
(517, 515, '2024-01-23 08:27:04', 1, 1, 2130, 0, 0, 2130, 780, NULL, 2130, 2130, 0, 780, NULL, NULL, NULL, 1, 2, NULL),
(518, 516, '2024-01-25 12:01:40', 1, 1, 550, 0, 0, 550, 110, NULL, 550, 550, 0, 110, NULL, NULL, NULL, 1, 2, NULL),
(519, 517, '2024-01-25 13:35:19', 1, 1, 580, 0, 0, 580, 250, NULL, 580, 580, 0, 250, NULL, NULL, NULL, 1, 2, NULL),
(520, 518, '2024-01-25 13:41:12', 1, 1, 1080, 0, 0, 1080, 330, NULL, 1080, 1080, 0, 330, NULL, NULL, NULL, 1, 2, NULL),
(521, 519, '2024-01-25 14:48:48', 1, 1, 2070, 0, 0, 2070, 540, NULL, 2070, 2070, 0, 540, NULL, NULL, NULL, 1, 2, NULL),
(522, 520, '2024-01-26 11:14:59', 1, 1, 1400, 0, 0, 1400, 400, NULL, 1400, 1400, 0, 400, NULL, NULL, NULL, 1, 8, NULL),
(523, 521, '2024-01-27 07:52:38', 1, 1, 550, 0, 0, 550, 110, NULL, 550, 550, 0, 110, NULL, NULL, NULL, 1, 8, NULL),
(524, 522, '2024-01-27 08:16:33', 1, 1, 6150, 0, 0, 6150, 1450, NULL, 6150, 6150, 0, 1450, NULL, NULL, NULL, 1, 8, NULL),
(525, 523, '2024-01-27 11:15:23', 1, 1, 1650, 0, 0, 1650, 450, NULL, 1650, 1650, 0, 450, NULL, NULL, NULL, 1, 8, NULL),
(526, 524, '2024-01-28 07:23:11', 1, 1, 940, 0, 0, 940, 250, NULL, 940, 940, 0, 250, NULL, NULL, NULL, 1, 8, NULL),
(527, 525, '2024-01-28 12:06:56', 1, 1, 2340, 0, 0, 2340, 630, NULL, 2340, 2340, 0, 630, NULL, NULL, NULL, 1, 8, NULL),
(528, 125, '2024-01-28 13:38:10', 1, 1, 1220, 0, 0, 1220, 370, NULL, 1220, 1220, 0, 370, NULL, NULL, NULL, 1, 8, NULL),
(529, 526, '2024-01-28 13:43:16', 1, 1, 2750, 0, 0, 2750, 950, NULL, 2750, 2750, 0, 950, NULL, NULL, NULL, 1, 8, NULL),
(530, 501, '2024-01-28 13:56:05', 1, 1, 340, 0, 0, 340, 140, NULL, 340, 340, 0, 140, NULL, NULL, NULL, 1, 8, NULL),
(531, 527, '2024-01-29 07:05:12', 1, 1, 1350, 0, 0, 1350, 250, NULL, 1350, 1350, 0, 250, NULL, NULL, NULL, 1, 8, NULL),
(532, 528, '2024-01-29 09:20:32', 1, 1, 6480, 0, 0, 6480, 2150, NULL, 6480, 6480, 0, 2150, NULL, NULL, NULL, 1, 8, NULL),
(533, 529, '2024-01-29 10:08:16', 1, 1, 1200, 0, 0, 1200, 260, NULL, 1200, 1200, 0, 260, NULL, NULL, NULL, 1, 8, NULL),
(534, 530, '2024-01-30 09:51:49', 1, 1, 1750, 0, 0, 1750, 580, NULL, 1750, 1750, 0, 580, NULL, NULL, NULL, 1, 8, NULL),
(535, 501, '2024-01-30 10:22:17', 1, 1, 180, 0, 0, 180, 60, NULL, 180, 180, 0, 60, NULL, NULL, NULL, 1, 8, NULL),
(536, 531, '2024-01-30 10:39:26', 1, 1, 580, 0, 0, 580, 200, NULL, 580, 580, 0, 200, NULL, NULL, NULL, 1, 8, NULL),
(537, 532, '2024-01-30 11:40:01', 1, 1, 300, 0, 0, 300, 120, NULL, 300, 300, 0, 120, NULL, NULL, NULL, 1, 2, NULL),
(538, 501, '2024-01-31 08:07:40', 1, 1, 260, 0, 0, 260, 110, NULL, 260, 260, 0, 110, NULL, NULL, NULL, 1, 8, NULL),
(539, 125, '2024-01-31 10:52:21', 1, 1, 400, 0, 0, 400, 140, NULL, 400, 400, 0, 140, NULL, NULL, NULL, 1, 8, NULL),
(540, 501, '2024-01-31 10:53:19', 1, 1, 220, 0, 0, 220, 80, NULL, 220, 220, 0, 80, NULL, NULL, NULL, 1, 8, NULL),
(541, 533, '2024-01-31 11:00:23', 1, 1, 1640, 0, 0, 1640, 340, NULL, 1640, 1640, 0, 340, NULL, NULL, NULL, 1, 8, NULL),
(542, 501, '2024-01-31 11:46:07', 1, 1, 250, 0, 0, 250, 90, NULL, 250, 250, 0, 90, NULL, NULL, NULL, 1, 8, NULL),
(543, 501, '2024-02-01 05:24:56', 1, 1, 400, 0, 0, 400, 140, NULL, 400, 400, 0, 140, NULL, NULL, NULL, 1, 8, NULL),
(544, 534, '2024-02-01 08:43:06', 1, 1, 1400, 0, 0, 1400, 380, NULL, 1400, 1400, 0, 380, NULL, NULL, NULL, 1, 2, NULL),
(545, 535, '2024-02-01 10:21:03', 1, 1, 870, 0, 0, 870, 270, NULL, 870, 870, 0, 270, NULL, NULL, NULL, 1, 2, NULL),
(546, 536, '2024-02-01 11:43:11', 1, 1, 420, 0, 0, 420, 120, NULL, 420, 420, 0, 120, NULL, NULL, NULL, 1, 2, NULL),
(547, 537, '2024-02-01 12:06:28', 1, 1, 1050, 0, 0, 1050, 350, NULL, 1050, 1050, 0, 350, NULL, NULL, NULL, 1, 2, NULL),
(548, 538, '2024-02-01 13:15:34', 1, 1, 1350, 0, 0, 1350, 250, NULL, 1350, 1350, 0, 250, NULL, NULL, NULL, 1, 2, NULL),
(549, 539, '2024-02-01 13:58:10', 1, 1, 930, 0, 0, 930, 380, NULL, 930, 930, 0, 380, NULL, NULL, NULL, 1, 2, NULL),
(550, 125, '2024-02-01 14:02:50', 1, 1, 1400, 0, 140, 1260, 230, NULL, 1260, 1260, 0, 230, NULL, NULL, NULL, 1, 2, NULL),
(551, 540, '2024-02-02 10:31:19', 1, 1, 600, 0, 0, 600, 130, NULL, 600, 600, 0, 130, NULL, NULL, NULL, 1, 2, NULL),
(552, 541, '2024-02-02 11:42:31', 1, 1, 950, 0, 0, 950, 330, NULL, 950, 950, 0, 330, NULL, NULL, NULL, 1, 2, NULL),
(553, 542, '2024-02-02 11:45:02', 1, 1, 220, 0, 0, 220, 100, NULL, 220, 220, 0, 100, NULL, NULL, NULL, 1, 2, NULL),
(554, 543, '2024-02-02 14:34:14', 1, 1, 980, 0, 0, 980, 380, NULL, 980, 980, 0, 380, NULL, NULL, NULL, 1, 2, NULL),
(555, 544, '2024-02-03 10:48:21', 1, 1, 950, 0, 0, 950, 250, NULL, 950, 950, 0, 250, NULL, NULL, NULL, 1, 2, NULL),
(556, 545, '2024-02-03 11:55:05', 1, 1, 550, 0, 0, 550, 140, NULL, 550, 550, 0, 140, NULL, NULL, NULL, 1, 2, NULL),
(557, 546, '2024-02-04 07:20:53', 1, 1, 950, 0, 0, 950, 350, NULL, 950, 950, 0, 350, NULL, NULL, NULL, 1, 2, NULL),
(558, 547, '2024-02-04 14:11:43', 1, 1, 1900, 0, 0, 1900, 700, NULL, 1900, 1900, 0, 700, NULL, NULL, NULL, 1, 2, NULL),
(559, 499, '2024-02-04 14:34:17', 1, 1, 2200, 0, 0, 2200, 700, NULL, 2200, 2200, 0, 700, NULL, NULL, NULL, 1, 2, NULL),
(560, 548, '2024-02-04 14:58:19', 1, 1, 1450, 0, 0, 1450, 460, NULL, 1450, 1450, 0, 460, NULL, NULL, NULL, 1, 2, NULL),
(561, 549, '2024-02-05 05:17:49', 1, 1, 750, 0, 0, 750, 270, NULL, 750, 750, 0, 270, NULL, NULL, NULL, 1, 8, NULL),
(562, 501, '2024-02-05 06:42:24', 1, 1, 150, 0, 0, 150, 60, NULL, 150, 150, 0, 60, NULL, NULL, NULL, 1, 8, NULL),
(563, 550, '2024-02-05 08:51:55', 1, 1, 4940, 0, 0, 4940, 1580, NULL, 4940, 4940, 0, 1580, NULL, NULL, NULL, 1, 8, NULL),
(564, 501, '2024-02-05 08:56:23', 1, 1, 290, 0, 0, 290, 90, NULL, 290, 290, 0, 90, NULL, NULL, NULL, 1, 8, NULL),
(565, 501, '2024-02-05 10:19:52', 1, 1, 150, 0, 0, 150, 50, NULL, 150, 150, 0, 50, NULL, NULL, NULL, 1, 8, NULL),
(566, 551, '2024-02-06 09:46:13', 1, 1, 640, 0, 0, 640, 200, NULL, 640, 640, 0, 200, NULL, NULL, NULL, 1, 8, NULL),
(567, 552, '2024-02-06 10:52:35', 1, 1, 1330, 0, 0, 1330, 430, NULL, 1330, 1330, 0, 430, NULL, NULL, NULL, 1, 8, NULL),
(568, 501, '2024-02-06 11:41:23', 1, 1, 240, 0, 0, 240, 90, NULL, 240, 240, 0, 90, NULL, NULL, NULL, 1, 8, NULL),
(569, 553, '2024-02-06 12:29:10', 1, 1, 850, 0, 0, 850, 250, NULL, 850, 850, 0, 250, NULL, NULL, NULL, 1, 8, NULL),
(570, 554, '2024-02-08 06:27:52', 1, 1, 680, 0, 0, 680, 230, NULL, 680, 680, 0, 230, NULL, NULL, NULL, 1, 2, NULL),
(571, 555, '2024-02-08 06:57:48', 1, 1, 1790, 0, 0, 1790, 340, NULL, 1790, 1790, 0, 340, NULL, NULL, NULL, 1, 2, NULL),
(572, 501, '2024-02-08 12:31:28', 1, 1, 2630, 0, 0, 2630, 790, NULL, 2630, 2630, 0, 790, NULL, NULL, NULL, 1, 8, NULL),
(573, 556, '2024-02-09 11:37:25', 1, 1, 1930, 0, 0, 1930, 530, NULL, 1930, 1930, 0, 530, NULL, NULL, NULL, 1, 2, NULL),
(574, 501, '2024-02-19 04:39:46', 1, 1, 3550, 0, 0, 3550, 1200, NULL, 3550, 3550, 0, 1200, NULL, NULL, NULL, 1, 8, NULL),
(575, 557, '2024-02-20 13:43:35', 1, 1, 350, 0, 0, 350, 170, NULL, 350, 350, 0, 170, NULL, NULL, NULL, 1, 2, NULL),
(576, 558, '2024-02-20 13:46:24', 1, 1, 3330, 0, 0, 3330, 1110, NULL, 3330, 3330, 0, 1110, NULL, NULL, NULL, 1, 2, NULL),
(577, 559, '2024-02-28 13:54:44', 1, 1, 1550, 0, 0, 1550, 551, NULL, 1550, 1550, 0, 551, NULL, NULL, NULL, 1, 2, NULL),
(578, 560, '2024-02-29 08:03:40', 1, 1, 2050, 0, 0, 2050, 450, NULL, 2050, 2050, 0, 450, NULL, NULL, NULL, 1, 2, NULL),
(579, 561, '2024-02-29 14:21:41', 1, 1, 1150, 0, 0, 1150, 290, NULL, 1150, 1150, 0, 290, NULL, NULL, NULL, 1, 2, NULL);

-- --------------------------------------------------------

--
-- Table structure for table `cart_items`
--

CREATE TABLE `cart_items` (
  `cart_item_id` int(11) NOT NULL,
  `cart_id` int(11) DEFAULT NULL,
  `product_id` int(11) DEFAULT NULL,
  `size_id` varchar(128) DEFAULT NULL,
  `unit_id` int(11) DEFAULT NULL,
  `unit_purchase_cost` float DEFAULT NULL,
  `quantity` float DEFAULT NULL,
  `unit_sales_cost` float DEFAULT NULL,
  `total_price` float DEFAULT NULL,
  `vat` float DEFAULT NULL,
  `net_amount` float DEFAULT NULL,
  `is_confirmed` varchar(11) DEFAULT NULL
) ENGINE=InnoDB DEFAULT CHARSET=latin1 COLLATE=latin1_swedish_ci;

--
-- Dumping data for table `cart_items`
--

INSERT INTO `cart_items` (`cart_item_id`, `cart_id`, `product_id`, `size_id`, `unit_id`, `unit_purchase_cost`, `quantity`, `unit_sales_cost`, `total_price`, `vat`, `net_amount`, `is_confirmed`) VALUES
(1, 1, 1, NULL, 1, 400, 4, 520, 1800, 0, 1800, '1'),
(2, 2, 1, NULL, 1, 400, 2, 520, 1040, 0, 1040, '1'),
(3, 2, 3, NULL, 1, 100, 1, 200, 200, 0, 200, '1'),
(4, 3, 3, NULL, 1, 100, 1, 200, 130, 0, 130, '1'),
(5, 4, 3, NULL, 1, 100, 1, 200, 200, 0, 200, '1'),
(6, 5, 3, NULL, 1, 100, 1, 200, 200, 0, 200, '1'),
(7, 9, 67, NULL, 1, 420, 2, 520, 1040, 0, 1040, '1'),
(8, 10, 1, NULL, 1, 400, 1, 520, 520, 0, 520, '1'),
(9, 11, 90, NULL, 1, 150, 1, 250, 250, 0, 250, '1'),
(10, 11, 15, NULL, 1, 200, 1, 280, 280, 0, 280, '1'),
(11, 12, 70, NULL, 1, 800, 1, 850, 850, 0, 850, '1'),
(12, 13, 76, NULL, 1, 560, 1, 750, 750, 0, 750, '1'),
(13, 14, 67, NULL, 1, 420, 2, 520, 1040, 0, 1040, '1'),
(14, 15, 144, NULL, 1, 200, 1, 250, 250, 0, 250, '1'),
(15, 16, 4, NULL, 1, 300, 1, 350, 350, 0, 350, '1'),
(16, 17, 44, NULL, 1, 500, 1, 650, 650, 0, 650, '1'),
(17, 17, 67, NULL, 1, 420, 1, 520, 520, 0, 520, '1'),
(18, 18, 4, NULL, 1, 300, 1, 350, 350, 0, 350, '1'),
(19, 19, 130, NULL, 1, 90, 2, 140, 280, 0, 280, '1'),
(20, 20, 14, NULL, 1, 950, 1, 1200, 1200, 0, 1200, '1'),
(21, 21, 4, NULL, 1, 300, 1, 350, 350, 0, 350, '1'),
(22, 22, 122, NULL, 1, 550, 1, 650, 650, 0, 650, '1'),
(23, 23, 76, NULL, 1, 560, 1, 750, 750, 0, 750, '1'),
(24, 23, 5, NULL, 1, 400, 1, 550, 550, 0, 550, '1'),
(25, 24, 108, NULL, 1, 250, 1, 350, 350, 0, 350, '1'),
(26, 25, 45, NULL, 1, 250, 1, 270, 270, 0, 270, '1'),
(27, 25, 120, NULL, 1, 150, 1, 220, 220, 0, 220, '1'),
(28, 25, 108, NULL, 1, 250, 1, 350, 350, 0, 350, '1'),
(29, 26, 92, NULL, 1, 80, 2, 150, 300, 0, 300, '1'),
(30, 26, 91, NULL, 1, 130, 1, 240, 240, 0, 240, '1'),
(31, 27, 4, NULL, 1, 300, 1, 350, 350, 0, 350, '1'),
(32, 28, 141, NULL, 1, 60, 1, 100, 100, 0, 100, '1'),
(33, 28, 16, NULL, 1, 650, 1, 750, 750, 0, 750, '1'),
(34, 28, 105, NULL, 1, 110, 1, 180, 180, 0, 180, '1'),
(35, 29, 132, NULL, 1, 220, 1, 300, 300, 0, 300, '1'),
(36, 30, 70, NULL, 1, 800, 1, 850, 850, 0, 850, '1'),
(37, 31, 4, NULL, 1, 300, 1, 350, 350, 0, 350, '1'),
(38, 32, 46, NULL, 1, 400, 1, 450, 450, 0, 450, '1'),
(39, 33, 63, NULL, 1, 750, 1, 850, 850, 0, 850, '1'),
(40, 34, 53, NULL, 1, 500, 1, 600, 600, 0, 600, '1'),
(41, 35, 52, NULL, 1, 300, 1, 350, 350, 0, 350, '1'),
(42, 36, 4, NULL, 1, 300, 1, 350, 350, 0, 350, '1'),
(43, 37, 25, NULL, 1, 280, 1, 400, 400, 0, 400, '1'),
(44, 37, 1, NULL, 1, 400, 1, 520, 520, 0, 520, '1'),
(45, 37, 88, NULL, 1, 150, 1, 250, 250, 0, 250, '1'),
(46, 38, 1, NULL, 1, 400, 1, 520, 520, 0, 520, '1'),
(47, 38, 25, NULL, 1, 280, 1, 400, 400, 0, 400, '1'),
(48, 39, 141, NULL, 1, 60, 1, 100, 100, 0, 100, '1'),
(49, 40, 178, NULL, 1, 1000, 1, 1150, 1150, 0, 1150, '1'),
(50, 41, 26, NULL, 1, 280, 1, 420, 420, 0, 420, '1'),
(51, 42, 134, NULL, 1, 280, 1, 480, 480, 0, 480, '1'),
(52, 43, 51, NULL, 1, 300, 1, 350, 350, 0, 350, '1'),
(53, 44, 64, NULL, 1, 1250, 1, 1400, 1400, 0, 1400, '1'),
(54, 45, 13, NULL, 1, 135, 1, 200, 200, 0, 200, '1'),
(55, 45, 16, NULL, 1, 650, 1, 750, 750, 0, 750, '1'),
(56, 46, 141, NULL, 1, 60, 1, 100, 100, 0, 100, '1'),
(57, 47, 76, NULL, 1, 560, 1, 750, 750, 0, 750, '1'),
(58, 47, 67, NULL, 1, 420, 1, 520, 520, 0, 520, '1'),
(59, 48, 44, NULL, 1, 500, 1, 650, 650, 0, 650, '1'),
(60, 49, 5, NULL, 1, 400, 1, 550, 550, 0, 550, '1'),
(61, 50, 5, NULL, 1, 400, 1, 550, 550, 0, 550, '1'),
(62, 51, 96, NULL, 1, 580, 1, 650, 650, 0, 650, '1'),
(63, 52, 182, NULL, 1, 550, 1, 750, 750, 0, 750, '1'),
(64, 52, 86, NULL, 1, 1100, 1, 1250, 1250, 0, 1250, '1'),
(65, 52, 61, NULL, 1, 440, 1, 550, 550, 0, 550, '1'),
(66, 53, 188, NULL, 1, 75, 1, 120, 120, 0, 120, '1'),
(67, 53, 187, NULL, 1, 70, 1, 150, 150, 0, 150, '1'),
(68, 54, 91, NULL, 1, 130, 1, 240, 240, 0, 240, '1'),
(69, 55, 111, NULL, 1, 110, 2, 200, 400, 0, 400, '1'),
(70, 56, 111, NULL, 1, 110, 2, 200, 400, 0, 400, '1'),
(71, 57, 85, NULL, 1, 100, 2, 150, 300, 0, 300, '1'),
(72, 58, 5, NULL, 1, 400, 1, 550, 550, 0, 550, '1'),
(73, 59, 108, NULL, 1, 250, 1, 350, 350, 0, 350, '1'),
(74, 60, 88, NULL, 1, 150, 1, 250, 250, 0, 250, '1'),
(75, 60, 111, NULL, 1, 110, 1, 200, 200, 0, 200, '1'),
(76, 61, 140, NULL, 1, 400, 1, 650, 650, 0, 650, '1'),
(77, 62, 1, NULL, 1, 400, 1, 520, 520, 0, 520, '1'),
(78, 62, 105, NULL, 1, 110, 1, 180, 180, 0, 180, '1'),
(79, 63, 14, NULL, 1, 950, 1, 1200, 1200, 0, 1200, '1'),
(80, 64, 175, NULL, 1, 100, 1, 140, 140, 0, 140, '1'),
(81, 64, 38, NULL, 1, 250, 1, 380, 380, 0, 380, '1'),
(82, 65, 69, NULL, 1, 250, 1, 250, 250, 0, 250, '1'),
(83, 66, 196, NULL, 1, 450, 1, 600, 600, 0, 600, '1'),
(84, 67, 178, NULL, 1, 1000, 1, 1150, 1150, 0, 1150, '1'),
(85, 68, 148, NULL, 1, 165, 2, 220, 440, 0, 440, '1'),
(86, 69, 200, NULL, 1, 100, 1, 180, 180, 0, 180, '1'),
(87, 70, 210, NULL, 1, 140, 2, 240, 480, 0, 480, '1'),
(88, 71, 76, NULL, 1, 560, 1, 750, 750, 0, 750, '1'),
(89, 71, 56, NULL, 1, 800, 1, 1200, 1200, 0, 1200, '1'),
(90, 72, 200, NULL, 1, 100, 1, 180, 180, 0, 180, '1'),
(91, 73, 198, NULL, 1, 500, 2, 720, 1440, 0, 1440, '1'),
(92, 74, 2, NULL, 1, 700, 1, 800, 800, 0, 800, '1'),
(93, 75, 76, NULL, 1, 560, 1, 750, 750, 0, 750, '1'),
(94, 76, 119, NULL, 1, 90, 1, 150, 150, 0, 150, '1'),
(95, 76, 9, NULL, 1, 45, 1, 75, 75, 0, 75, '1'),
(96, 77, 16, NULL, 1, 650, 1, 750, 750, 0, 750, '1'),
(97, 78, 220, NULL, 1, 800, 1, 1350, 1350, 0, 1350, '1'),
(98, 78, 128, NULL, 1, 170, 1, 180, 180, 0, 180, '1'),
(99, 79, 178, NULL, 1, 1000, 1, 1150, 1150, 0, 1150, '1'),
(100, 79, 196, NULL, 1, 450, 1, 600, 600, 0, 600, '1'),
(101, 80, 129, NULL, 1, 150, 1, 220, 220, 0, 220, '1'),
(102, 81, 210, NULL, 1, 140, 2, 240, 480, 0, 480, '1'),
(103, 81, 179, NULL, 1, 1550, 1, 1750, 1750, 0, 1750, '1'),
(104, 82, 219, NULL, 1, 600, 1, 1150, 1150, 0, 1150, '1'),
(105, 82, 136, NULL, 1, 450, 1, 750, 750, 0, 750, '1'),
(106, 83, 219, NULL, 1, 600, 1, 1150, 1150, 0, 1150, '1'),
(107, 84, 220, NULL, 1, 800, 1, 1350, 1350, 0, 1350, '1'),
(108, 85, 220, NULL, 1, 800, 1, 1350, 1350, 0, 1350, '1'),
(109, 86, 210, NULL, 1, 140, 1, 240, 240, 0, 240, '1'),
(110, 87, 220, NULL, 1, 800, 1, 1350, 1350, 0, 1350, '1'),
(111, 88, 219, NULL, 1, 600, 1, 1150, 1150, 0, 1150, '1'),
(112, 89, 210, NULL, 1, 140, 1, 240, 240, 0, 240, '1'),
(113, 90, 210, NULL, 1, 140, 1, 240, 240, 0, 240, '1'),
(114, 91, 200, NULL, 1, 100, 1, 180, 180, 0, 180, '1'),
(115, 92, 215, NULL, 1, 170, 1, 350, 350, 0, 350, '1'),
(116, 92, 219, NULL, 1, 600, 1, 1150, 1150, 0, 1150, '1'),
(117, 93, 8, NULL, 1, 180, 1, 230, 230, 0, 230, '1'),
(118, 93, 144, NULL, 1, 200, 1, 250, 250, 0, 250, '1'),
(119, 94, 5, NULL, 1, 400, 1, 550, 550, 0, 550, '1'),
(120, 95, 204, NULL, 1, 700, 1, 1200, 1200, 0, 1200, '1'),
(121, 96, 219, NULL, 1, 470, 1, 650, 650, 0, 650, '1'),
(122, 97, 190, NULL, 1, 100, 1, 150, 150, 0, 150, '1'),
(123, 98, 219, NULL, 1, 470, 1, 650, 650, 0, 650, '1'),
(124, 98, 256, NULL, 1, 95, 1, 150, 150, 0, 150, '1'),
(125, 99, 96, NULL, 1, 580, 1, 650, 650, 0, 650, '1'),
(126, 100, 219, NULL, 1, 470, 1, 650, 650, 0, 650, '1'),
(127, 101, 235, NULL, 1, 265, 1, 350, 350, 0, 350, '1'),
(128, 102, 219, NULL, 1, 470, 2, 650, 1300, 0, 1300, '1'),
(129, 103, 200, NULL, 1, 100, 1, 180, 180, 0, 180, '1'),
(130, 104, 200, NULL, 1, 100, 1, 180, 180, 0, 180, '1'),
(131, 104, 148, NULL, 1, 165, 1, 290, 290, 0, 290, '1'),
(132, 105, 79, NULL, 1, 90, 1, 150, 150, 0, 150, '1'),
(133, 105, 285, NULL, 1, 90, 1, 150, 150, 0, 150, '1'),
(134, 105, 283, NULL, 1, 215, 1, 280, 280, 0, 280, '1'),
(135, 105, 156, NULL, 1, 190, 1, 280, 280, 0, 280, '1'),
(136, 105, 103, NULL, 1, 120, 1, 160, 160, 0, 160, '1'),
(137, 106, 285, NULL, 1, 90, 2, 150, 300, 0, 300, '1'),
(138, 106, 274, NULL, 1, 125, 1, 190, 190, 0, 190, '1'),
(139, 107, 229, NULL, 1, 140, 1, 200, 200, 0, 200, '1'),
(140, 108, 193, NULL, 1, 100, 1, 150, 150, 0, 150, '1'),
(141, 108, 251, NULL, 1, 70, 1, 120, 120, 0, 120, '1'),
(142, 109, 232, NULL, 1, 550, 1, 750, 750, 0, 750, '1'),
(143, 110, 284, NULL, 1, 35, 1, 50, 50, 0, 50, '1'),
(144, 110, 275, NULL, 1, 140, 1, 190, 190, 0, 190, '1'),
(145, 111, 284, NULL, 1, 35, 1, 50, 50, 0, 50, '1'),
(146, 112, 253, NULL, 1, 100, 1, 150, 150, 0, 150, '1'),
(147, 112, 254, NULL, 1, 110, 1, 170, 170, 0, 170, '1'),
(148, 113, 284, NULL, 1, 35, 3, 50, 150, 0, 150, '1'),
(149, 113, 295, NULL, 1, 90, 2, 120, 240, 0, 240, '1'),
(150, 114, 284, NULL, 1, 35, 1, 50, 50, 0, 50, '1'),
(151, 115, 63, NULL, 1, 750, 1, 850, 850, 0, 850, '1'),
(152, 116, 145, NULL, 1, 590, 1, 750, 750, 0, 750, '1'),
(153, 116, 285, NULL, 1, 90, 1, 150, 150, 0, 150, '1'),
(154, 117, 92, NULL, 1, 80, 1, 150, 150, 0, 150, '1'),
(155, 118, 233, NULL, 1, 850, 1, 1250, 1250, 0, 1250, '1'),
(156, 119, 289, NULL, 1, 50, 1, 100, 100, 0, 100, '1'),
(157, 119, 294, NULL, 1, 15, 1, 60, 60, 0, 60, '1'),
(158, 120, 229, NULL, 1, 140, 1, 200, 200, 0, 200, '1'),
(159, 121, 288, NULL, 1, 60, 1, 120, 120, 0, 120, '1'),
(160, 121, 285, NULL, 1, 90, 1, 150, 150, 0, 150, '1'),
(161, 122, 297, NULL, 1, 220, 2, 280, 560, 0, 560, '1'),
(162, 123, 257, NULL, 1, 120, 1, 250, 250, 0, 250, '1'),
(163, 124, 262, NULL, 1, 55, 1, 100, 100, 0, 100, '1'),
(164, 124, 294, NULL, 1, 15, 1, 60, 60, 0, 60, '1'),
(165, 125, 285, NULL, 1, 90, 1, 150, 150, 0, 150, '1'),
(166, 125, 275, NULL, 1, 140, 1, 190, 190, 0, 190, '1'),
(167, 125, 294, NULL, 1, 15, 1, 60, 60, 0, 60, '1'),
(168, 126, 284, NULL, 1, 35, 2, 50, 100, 0, 100, '1'),
(169, 127, 11, NULL, 1, 340, 1, 400, 400, 0, 400, '1'),
(170, 127, 271, NULL, 1, 150, 1, 250, 250, 0, 250, '1'),
(171, 127, 172, NULL, 1, 150, 1, 190, 190, 0, 190, '1'),
(172, 127, 294, NULL, 1, 15, 1, 60, 60, 0, 60, '1'),
(173, 127, 264, NULL, 1, 145, 1, 250, 250, 0, 250, '1'),
(174, 127, 275, NULL, 1, 140, 1, 190, 190, 0, 190, '1'),
(175, 128, 289, NULL, 1, 50, 1, 100, 100, 0, 100, '1'),
(176, 129, 289, NULL, 1, 50, 2, 100, 200, 0, 200, '1'),
(177, 130, 299, NULL, 1, 360, 1, 550, 550, 0, 550, '1'),
(178, 131, 198, NULL, 1, 500, 1, 720, 720, 0, 720, '1'),
(179, 132, 289, NULL, 1, 50, 2, 100, 200, 0, 200, '1'),
(180, 132, 284, NULL, 1, 35, 2, 50, 100, 0, 100, '1'),
(181, 132, 283, NULL, 1, 215, 1, 280, 280, 0, 280, '1'),
(182, 132, 8, NULL, 1, 180, 1, 230, 230, 0, 230, '1'),
(183, 133, 289, NULL, 1, 50, 1, 100, 100, 0, 100, '1'),
(184, 134, 148, NULL, 1, 165, 1, 290, 290, 0, 290, '1'),
(185, 134, 105, NULL, 1, 110, 1, 180, 180, 0, 180, '1'),
(186, 135, 105, NULL, 1, 110, 1, 180, 180, 0, 180, '1'),
(187, 135, 275, NULL, 1, 140, 1, 190, 190, 0, 190, '1'),
(188, 136, 193, NULL, 1, 100, 1, 150, 150, 0, 150, '1'),
(189, 137, 285, NULL, 1, 90, 1, 150, 150, 0, 150, '1'),
(190, 138, 88, NULL, 1, 150, 1, 250, 250, 0, 250, '1'),
(191, 139, 290, NULL, 1, 130, 1, 200, 200, 0, 200, '1'),
(192, 140, 276, NULL, 1, 205, 1, 250, 250, 0, 250, '1'),
(193, 140, 242, NULL, 1, 315, 1, 400, 400, 0, 400, '1'),
(194, 140, 9, NULL, 1, 40, 1, 75, 75, 0, 75, '1'),
(195, 141, 279, NULL, 1, 115, 1, 180, 180, 0, 180, '1'),
(196, 142, 268, NULL, 1, 50, 2, 120, 240, 0, 240, '1'),
(197, 143, 11, NULL, 1, 340, 1, 400, 400, 0, 400, '1'),
(198, 143, 293, NULL, 1, 20, 2, 80, 160, 0, 160, '1'),
(199, 144, 92, NULL, 1, 80, 2, 150, 300, 0, 300, '1'),
(200, 144, 285, NULL, 1, 90, 1, 150, 150, 0, 150, '1'),
(201, 145, 222, NULL, 1, 520, 1, 740, 740, 0, 740, '1'),
(202, 146, 285, NULL, 1, 90, 1, 150, 150, 0, 150, '1'),
(203, 147, 9, NULL, 1, 40, 2, 75, 150, 0, 150, '1'),
(204, 147, 284, NULL, 1, 35, 1, 50, 50, 0, 50, '1'),
(205, 147, 319, NULL, 1, 120, 1, 150, 150, 0, 150, '1'),
(206, 148, 265, NULL, 1, 70, 1, 150, 150, 0, 150, '1'),
(207, 148, 320, NULL, 1, 25, 1, 50, 50, 0, 50, '1'),
(208, 149, 93, NULL, 1, 150, 1, 260, 260, 0, 260, '1'),
(209, 150, 79, NULL, 1, 90, 1, 150, 150, 0, 150, '1'),
(210, 150, 327, NULL, 1, 30, 1, 60, 60, 0, 60, '1'),
(211, 150, 334, NULL, 1, 50, 2, 80, 160, 0, 160, '1'),
(212, 150, 284, NULL, 1, 35, 2, 50, 100, 0, 100, '1'),
(213, 150, 335, NULL, 1, 5, 2, 10, 20, 0, 20, '1'),
(214, 151, 285, NULL, 1, 90, 1, 150, 150, 0, 150, '1'),
(215, 152, 284, NULL, 1, 35, 3, 50, 150, 0, 150, '1'),
(216, 152, 334, NULL, 1, 50, 2, 80, 160, 0, 160, '1'),
(217, 153, 241, NULL, 1, 50, 1, 90, 90, 0, 90, '1'),
(218, 153, 90, NULL, 1, 150, 1, 250, 250, 0, 250, '1'),
(219, 154, 223, NULL, 1, 470, 1, 540, 540, 0, 540, '1'),
(220, 155, 2, NULL, 1, 700, 1, 800, 800, 0, 800, '1'),
(221, 155, 111, NULL, 1, 110, 1, 200, 200, 0, 200, '1'),
(222, 156, 285, NULL, 1, 90, 1, 150, 150, 0, 150, '1'),
(223, 157, 14, NULL, 1, 950, 1, 1200, 1200, 0, 1200, '1'),
(224, 157, 316, NULL, 1, 150, 1, 200, 200, 0, 200, '1'),
(225, 157, 255, NULL, 1, 150, 1, 250, 250, 0, 250, '1'),
(226, 157, 188, NULL, 1, 75, 2, 120, 240, 0, 240, '1'),
(227, 157, 100, NULL, 1, 165, 1, 210, 210, 0, 210, '1'),
(228, 157, 308, NULL, 1, 190, 1, 250, 250, 0, 250, '1'),
(229, 157, 79, NULL, 1, 90, 1, 150, 150, 0, 150, '1'),
(230, 157, 153, NULL, 1, 360, 1, 450, 450, 0, 450, '1'),
(231, 158, 153, NULL, 1, 360, 1, 450, 450, 0, 450, '1'),
(232, 158, 298, NULL, 1, 130, 1, 200, 200, 0, 200, '1'),
(233, 159, 278, NULL, 1, 110, 1, 250, 250, 0, 250, '1'),
(234, 159, 320, NULL, 1, 25, 1, 50, 50, 0, 50, '1'),
(235, 159, 315, NULL, 1, 100, 1, 150, 150, 0, 150, '1'),
(236, 160, 299, NULL, 1, 360, 1, 550, 550, 0, 550, '1'),
(237, 161, 75, NULL, 1, 200, 2, 250, 500, 0, 500, '1'),
(238, 161, 315, NULL, 1, 100, 1, 150, 150, 0, 150, '1'),
(239, 161, 326, NULL, 1, 25, 1, 40, 40, 0, 40, '1'),
(240, 162, 335, NULL, 1, 5, 2, 10, 20, 0, 20, '1'),
(241, 162, 289, NULL, 1, 50, 1, 100, 100, 0, 100, '1'),
(242, 163, 310, NULL, 1, 250, 1, 350, 350, 0, 350, '1'),
(243, 164, 286, NULL, 1, 365, 1, 420, 420, 0, 420, '1'),
(244, 165, 299, NULL, 1, 360, 1, 550, 550, 0, 550, '1'),
(245, 165, 262, NULL, 1, 55, 1, 100, 100, 0, 100, '1'),
(246, 165, 320, NULL, 1, 25, 1, 50, 50, 0, 50, '1'),
(247, 166, 145, NULL, 1, 590, 1, 750, 750, 0, 750, '1'),
(248, 166, 200, NULL, 1, 100, 1, 180, 180, 0, 180, '1'),
(249, 167, 145, NULL, 1, 590, 1, 750, 750, 0, 750, '1'),
(250, 168, 287, NULL, 1, 165, 1, 250, 250, 0, 250, '1'),
(251, 168, 278, NULL, 1, 110, 1, 250, 250, 0, 250, '1'),
(252, 169, 198, NULL, 1, 500, 1, 720, 720, 0, 720, '1'),
(253, 169, 284, NULL, 1, 35, 2, 50, 100, 0, 100, '1'),
(254, 169, 336, NULL, 1, 70, 1, 100, 100, 0, 100, '1'),
(255, 170, 297, NULL, 1, 220, 1, 280, 280, 0, 280, '1'),
(256, 171, 56, NULL, 1, 800, 1, 1200, 1000, 0, 1000, '1'),
(257, 172, 200, NULL, 1, 100, 2, 180, 360, 0, 360, '1'),
(258, 172, 285, NULL, 1, 90, 2, 150, 300, 0, 300, '1'),
(259, 172, 308, NULL, 1, 190, 1, 250, 250, 0, 250, '1'),
(260, 172, 286, NULL, 1, 365, 1, 420, 420, 0, 420, '1'),
(261, 172, 39, NULL, 1, 130, 1, 220, 220, 0, 220, '1'),
(262, 173, 241, NULL, 1, 50, 1, 90, 90, 0, 90, '1'),
(263, 174, 315, NULL, 1, 100, 1, 150, 150, 0, 150, '1'),
(264, 174, 256, NULL, 1, 95, 1, 150, 150, 0, 150, '1'),
(265, 174, 289, NULL, 1, 50, 1, 100, 100, 0, 100, '1'),
(266, 174, 9, NULL, 1, 40, 2, 75, 150, 0, 150, '1'),
(267, 175, 219, NULL, 1, 470, 1, 650, 650, 0, 650, '1'),
(268, 176, 200, NULL, 1, 100, 1, 180, 180, 0, 180, '1'),
(269, 177, 86, NULL, 1, 1100, 1, 1250, 1250, 0, 1250, '1'),
(270, 178, 22, NULL, 1, 780, 1, 1200, 1200, 0, 1200, '1'),
(271, 178, 38, NULL, 1, 250, 1, 380, 380, 0, 380, '1'),
(272, 178, 315, NULL, 1, 100, 1, 150, 150, 0, 150, '1'),
(273, 179, 308, NULL, 1, 190, 1, 250, 250, 0, 250, '1'),
(274, 179, 79, NULL, 1, 90, 1, 150, 150, 0, 150, '1'),
(275, 179, 310, NULL, 1, 250, 1, 350, 350, 0, 350, '1'),
(276, 180, 221, NULL, 1, 820, 1, 1400, 1400, 0, 1400, '1'),
(277, 180, 87, NULL, 1, 450, 1, 600, 600, 0, 600, '1'),
(278, 181, 154, NULL, 1, 250, 1, 300, 300, 0, 300, '1'),
(279, 181, 262, NULL, 1, 55, 1, 100, 100, 0, 100, '1'),
(280, 181, 303, NULL, 1, 150, 1, 250, 250, 0, 250, '1'),
(281, 181, 194, NULL, 1, 400, 1, 600, 600, 0, 600, '1'),
(282, 181, 8, NULL, 1, 180, 1, 230, 230, 0, 230, '1'),
(283, 181, 11, NULL, 1, 340, 1, 400, 400, 0, 400, '1'),
(284, 181, 281, NULL, 1, 145, 1, 250, 250, 0, 250, '1'),
(285, 182, 42, NULL, 1, 350, 1, 400, 400, 0, 400, '1'),
(286, 183, 356, NULL, 1, 25, 1, 35, 35, 0, 35, '1'),
(287, 183, 341, NULL, 1, 150, 1, 250, 250, 0, 250, '1'),
(288, 183, 289, NULL, 1, 50, 2, 100, 200, 0, 200, '1'),
(289, 184, 235, NULL, 1, 265, 1, 350, 350, 0, 350, '1'),
(290, 185, 275, NULL, 1, 140, 1, 190, 190, 0, 190, '1'),
(291, 185, 285, NULL, 1, 90, 1, 150, 150, 0, 150, '1'),
(292, 186, 285, NULL, 1, 90, 1, 150, 150, 0, 150, '1'),
(293, 186, 294, NULL, 1, 15, 1, 60, 60, 0, 60, '1'),
(294, 187, 282, NULL, 1, 220, 1, 300, 300, 0, 300, '1'),
(295, 187, 288, NULL, 1, 60, 1, 120, 120, 0, 120, '1'),
(296, 188, 126, NULL, 1, 350, 1, 450, 450, 0, 450, '1'),
(297, 188, 359, NULL, 1, 60, 1, 90, 70, 0, 70, '1'),
(298, 189, 128, NULL, 1, 170, 1, 180, 180, 0, 180, '1'),
(299, 189, 29, NULL, 1, 230, 1, 300, 300, 0, 300, '1'),
(300, 190, 318, NULL, 1, 410, 1, 550, 550, 0, 550, '1'),
(301, 190, 162, NULL, 1, 90, 2, 120, 240, 0, 240, '1'),
(302, 190, 198, NULL, 1, 500, 1, 720, 720, 0, 720, '1'),
(303, 190, 224, NULL, 1, 450, 1, 680, 680, 0, 680, '1'),
(304, 190, 196, NULL, 1, 450, 1, 600, 600, 0, 600, '1'),
(305, 191, 380, NULL, 1, 200, 1, 250, 250, 0, 250, '1'),
(306, 191, 315, NULL, 1, 100, 1, 150, 150, 0, 150, '1'),
(307, 192, 341, NULL, 1, 150, 1, 250, 250, 0, 250, '1'),
(308, 192, 376, NULL, 1, 12, 1, 30, 30, 0, 30, '1'),
(309, 193, 376, NULL, 1, 12, 2, 30, 60, 0, 60, '1'),
(310, 194, 381, NULL, 1, 160, 1, 200, 200, 0, 200, '1'),
(311, 194, 334, NULL, 1, 50, 2, 80, 160, 0, 160, '1'),
(312, 195, 34, NULL, 1, 1300, 1, 1600, 1600, 0, 1600, '1'),
(313, 196, 78, NULL, 1, 110, 1, 180, 180, 0, 180, '1'),
(314, 197, 178, NULL, 1, 1000, 1, 1150, 1150, 0, 1150, '1'),
(315, 197, 288, NULL, 1, 60, 1, 120, 120, 0, 120, '1'),
(316, 197, 378, NULL, 1, 15, 1, 20, 20, 0, 20, '1'),
(317, 198, 185, NULL, 1, 1000, 1, 150, 150, 0, 150, '1'),
(318, 198, 339, NULL, 1, 80, 1, 120, 120, 0, 120, '1'),
(319, 198, 233, NULL, 1, 850, 1, 1250, 1250, 0, 1250, '1'),
(320, 198, 44, NULL, 1, 500, 1, 650, 650, 0, 650, '1'),
(321, 198, 330, NULL, 1, 65, 1, 90, 90, 0, 90, '1'),
(322, 198, 320, NULL, 1, 25, 1, 50, 50, 0, 50, '1'),
(323, 199, 301, NULL, 1, 330, 1, 380, 380, 0, 380, '1'),
(324, 199, 147, NULL, 1, 360, 1, 420, 420, 0, 420, '1'),
(325, 199, 348, NULL, 1, 90, 1, 120, 120, 0, 120, '1'),
(326, 200, 224, NULL, 1, 450, 1, 680, 680, 0, 680, '1'),
(327, 200, 219, NULL, 1, 470, 1, 650, 650, 0, 650, '1'),
(328, 200, 320, NULL, 1, 25, 1, 50, 50, 0, 50, '1'),
(329, 201, 52, NULL, 1, 300, 1, 350, 350, 0, 350, '1'),
(330, 201, 9, NULL, 1, 40, 1, 75, 75, 0, 75, '1'),
(331, 201, 334, NULL, 1, 50, 1, 80, 80, 0, 80, '1'),
(332, 202, 200, NULL, 1, 100, 1, 180, 180, 0, 180, '1'),
(333, 202, 330, NULL, 1, 65, 1, 90, 90, 0, 90, '1'),
(334, 203, 37, NULL, 1, 150, 1, 190, 190, 0, 190, '1'),
(335, 204, 39, NULL, 1, 130, 1, 220, 220, 0, 220, '1'),
(336, 204, 327, NULL, 1, 30, 1, 60, 60, 0, 60, '1'),
(337, 204, 336, NULL, 1, 70, 1, 100, 100, 0, 100, '1'),
(338, 204, 288, NULL, 1, 60, 1, 120, 120, 0, 120, '1'),
(339, 205, 315, NULL, 1, 100, 2, 150, 300, 0, 300, '1'),
(340, 205, 320, NULL, 1, 25, 1, 50, 50, 0, 50, '1'),
(341, 205, 376, NULL, 1, 12, 3, 30, 90, 0, 90, '1'),
(342, 206, 132, NULL, 1, 220, 1, 300, 300, 0, 300, '1'),
(343, 206, 320, NULL, 1, 25, 1, 50, 50, 0, 50, '1'),
(344, 207, 297, NULL, 1, 220, 1, 280, 280, 0, 280, '1'),
(345, 207, 265, NULL, 1, 70, 2, 150, 300, 0, 300, '1'),
(346, 208, 381, NULL, 1, 160, 1, 200, 200, 0, 200, '1'),
(347, 208, 379, NULL, 1, 250, 1, 300, 300, 0, 300, '1'),
(348, 208, 9, NULL, 1, 40, 1, 75, 75, 0, 75, '1'),
(349, 208, 289, NULL, 1, 50, 2, 100, 200, 0, 200, '1'),
(350, 209, 315, NULL, 1, 100, 1, 150, 150, 0, 150, '1'),
(351, 209, 334, NULL, 1, 50, 1, 80, 80, 0, 80, '1'),
(352, 209, 376, NULL, 1, 12, 1, 30, 30, 0, 30, '1'),
(353, 209, 378, NULL, 1, 15, 2, 20, 40, 0, 40, '1'),
(354, 209, 219, NULL, 1, 470, 1, 650, 650, 0, 650, '1'),
(355, 210, 200, NULL, 1, 100, 1, 180, 180, 0, 180, '1'),
(356, 211, 233, NULL, 1, 850, 1, 1250, 1250, 0, 1250, '1'),
(357, 212, 315, NULL, 1, 100, 1, 150, 150, 0, 150, '1'),
(358, 212, 330, NULL, 1, 65, 1, 90, 90, 0, 90, '1'),
(359, 212, 334, NULL, 1, 50, 2, 80, 160, 0, 160, '1'),
(360, 212, 284, NULL, 1, 35, 2, 50, 100, 0, 100, '1'),
(361, 213, 381, NULL, 1, 160, 1, 200, 200, 0, 200, '1'),
(362, 213, 275, NULL, 1, 140, 1, 190, 190, 0, 190, '1'),
(363, 214, 233, NULL, 1, 850, 1, 1250, 1250, 0, 1250, '1'),
(364, 214, 396, NULL, 1, 800, 1, 1150, 1150, 0, 1150, '1'),
(365, 215, 397, NULL, 1, 1200, 1, 1580, 1580, 0, 1580, '1'),
(366, 215, 396, NULL, 1, 800, 2, 1150, 2300, 0, 2300, '1'),
(367, 216, 240, NULL, 1, 135, 1, 270, 270, 0, 270, '1'),
(368, 217, 299, NULL, 1, 360, 1, 550, 550, 0, 550, '1'),
(369, 217, 286, NULL, 1, 365, 1, 420, 420, 0, 420, '1'),
(370, 218, 390, NULL, 1, 950, 1, 1350, 1350, 0, 1350, '1'),
(371, 218, 233, NULL, 1, 850, 1, 1250, 1250, 0, 1250, '1'),
(372, 218, 400, NULL, 1, 140, 1, 220, 220, 0, 220, '1'),
(373, 219, 232, NULL, 1, 550, 1, 750, 750, 0, 750, '1'),
(374, 220, 389, NULL, 1, 750, 2, 1050, 2100, 0, 2100, '1'),
(375, 221, 193, NULL, 1, 100, 1, 150, 150, 0, 150, '1'),
(376, 221, 339, NULL, 1, 80, 1, 120, 120, 0, 120, '1'),
(377, 222, 395, NULL, 1, 800, 1, 1100, 1100, 0, 1100, '1'),
(378, 222, 339, NULL, 1, 80, 1, 120, 120, 0, 120, '1'),
(379, 222, 315, NULL, 1, 100, 1, 150, 150, 0, 150, '1'),
(380, 223, 395, NULL, 1, 800, 1, 1100, 1100, 0, 1100, '1'),
(381, 224, 375, NULL, 1, 450, 1, 650, 650, 0, 650, '1'),
(382, 225, 87, NULL, 1, 450, 1, 600, 600, 0, 600, '1'),
(383, 226, 132, NULL, 1, 220, 1, 300, 300, 0, 300, '1'),
(384, 226, 14, NULL, 1, 950, 1, 1200, 1200, 0, 1200, '1'),
(385, 226, 254, NULL, 1, 110, 1, 170, 170, 0, 170, '1'),
(386, 226, 253, NULL, 1, 100, 3, 150, 450, 0, 450, '1'),
(387, 226, 400, NULL, 1, 140, 2, 220, 440, 0, 440, '1'),
(388, 226, 401, NULL, 1, 210, 1, 320, 320, 0, 320, '1'),
(389, 226, 381, NULL, 1, 160, 2, 200, 400, 0, 400, '1'),
(390, 226, 217, NULL, 1, 190, 1, 250, 250, 0, 250, '1'),
(391, 227, 233, NULL, 1, 850, 1, 1250, 1250, 0, 1250, '1'),
(392, 228, 111, NULL, 1, 110, 1, 200, 200, 0, 200, '1'),
(393, 228, 320, NULL, 1, 25, 4, 50, 200, 0, 200, '1'),
(394, 228, 241, NULL, 1, 50, 1, 90, 90, 0, 90, '1'),
(395, 228, 336, NULL, 1, 70, 1, 100, 100, 0, 100, '1'),
(396, 228, 329, NULL, 1, 50, 1, 80, 80, 0, 80, '1'),
(397, 229, 308, NULL, 1, 190, 1, 250, 250, 0, 250, '1'),
(398, 229, 381, NULL, 1, 160, 1, 200, 200, 0, 200, '1'),
(399, 229, 264, NULL, 1, 145, 1, 250, 250, 0, 250, '1'),
(400, 229, 148, NULL, 1, 165, 1, 290, 290, 0, 290, '1'),
(401, 229, 60, NULL, 1, 100, 1, 150, 150, 0, 150, '1'),
(402, 229, 335, NULL, 1, 5, 2, 10, 20, 0, 20, '1'),
(403, 230, 394, NULL, 1, 500, 1, 680, 680, 0, 680, '1'),
(404, 231, 236, NULL, 1, 265, 1, 350, 350, 0, 350, '1'),
(405, 231, 288, NULL, 1, 60, 1, 120, 120, 0, 120, '1'),
(406, 231, 193, NULL, 1, 100, 1, 150, 150, 0, 150, '1'),
(407, 232, 285, NULL, 1, 90, 1, 150, 150, 0, 150, '1'),
(408, 232, 347, NULL, 1, 100, 1, 180, 180, 0, 180, '1'),
(409, 232, 330, NULL, 1, 65, 1, 90, 90, 0, 90, '1'),
(410, 232, 294, NULL, 1, 15, 1, 60, 60, 0, 60, '1'),
(411, 233, 105, NULL, 1, 110, 2, 180, 360, 0, 360, '1'),
(412, 233, 286, NULL, 1, 365, 1, 420, 420, 0, 420, '1'),
(413, 233, 334, NULL, 1, 50, 1, 80, 80, 0, 80, '1'),
(414, 233, 214, NULL, 1, 110, 1, 150, 150, 0, 150, '1'),
(415, 234, 87, NULL, 1, 450, 1, 600, 600, 0, 600, '1'),
(416, 234, 233, NULL, 1, 850, 1, 1250, 1250, 0, 1250, '1'),
(417, 235, 22, NULL, 1, 780, 1, 1200, 1200, 0, 1200, '1'),
(418, 235, 400, NULL, 1, 140, 1, 220, 220, 0, 220, '1'),
(419, 235, 386, NULL, 1, 160, 1, 220, 220, 0, 220, '1'),
(420, 235, 330, NULL, 1, 65, 1, 90, 90, 0, 90, '1'),
(421, 235, 339, NULL, 1, 80, 1, 120, 120, 0, 120, '1'),
(422, 236, 376, NULL, 1, 12, 2, 30, 60, 0, 60, '1'),
(423, 236, 339, NULL, 1, 80, 1, 120, 120, 0, 120, '1'),
(424, 236, 366, NULL, 1, 100, 1, 150, 150, 0, 150, '1'),
(425, 237, 1, NULL, 1, 400, 1, 520, 520, 0, 520, '1'),
(426, 238, 276, NULL, 1, 205, 1, 250, 250, 0, 250, '1'),
(427, 238, 153, NULL, 1, 360, 1, 450, 450, 0, 450, '1'),
(428, 239, 214, NULL, 1, 110, 4, 150, 600, 0, 600, '1'),
(429, 240, 301, NULL, 1, 330, 1, 380, 380, 0, 380, '1'),
(430, 240, 153, NULL, 1, 360, 1, 450, 450, 0, 450, '1'),
(431, 240, 288, NULL, 1, 60, 1, 120, 120, 0, 120, '1'),
(432, 241, 401, NULL, 1, 210, 1, 320, 320, 0, 320, '1'),
(433, 241, 330, NULL, 1, 65, 1, 90, 90, 0, 90, '1'),
(434, 242, 315, NULL, 1, 100, 1, 150, 150, 0, 150, '1'),
(435, 242, 295, NULL, 1, 90, 2, 120, 240, 0, 240, '1'),
(436, 243, 198, NULL, 1, 500, 1, 720, 720, 0, 720, '1'),
(437, 243, 9, NULL, 1, 40, 1, 75, 75, 0, 75, '1'),
(438, 243, 284, NULL, 1, 35, 2, 50, 100, 0, 100, '1'),
(439, 244, 254, NULL, 1, 110, 1, 170, 170, 0, 170, '1'),
(440, 245, 395, NULL, 1, 800, 2, 1100, 2200, 0, 2200, '1'),
(441, 246, 317, NULL, 1, 40, 2, 70, 140, 0, 140, '1'),
(442, 246, 284, NULL, 1, 35, 4, 50, 200, 0, 200, '1'),
(443, 246, 148, NULL, 1, 165, 1, 290, 290, 0, 290, '1'),
(444, 246, 290, NULL, 1, 130, 2, 200, 400, 0, 400, '1'),
(445, 246, 335, NULL, 1, 5, 4, 10, 40, 0, 40, '1'),
(446, 246, 381, NULL, 1, 160, 1, 200, 200, 0, 200, '1'),
(447, 246, 351, NULL, 1, 60, 1, 80, 80, 0, 80, '1'),
(448, 246, 336, NULL, 1, 70, 1, 100, 100, 0, 100, '1'),
(449, 247, 400, NULL, 1, 140, 2, 220, 440, 0, 440, '1'),
(450, 247, 402, NULL, 1, 55, 2, 90, 180, 0, 180, '1'),
(451, 247, 401, NULL, 1, 210, 1, 320, 320, 0, 320, '1'),
(452, 248, 254, NULL, 1, 110, 1, 170, 170, 0, 170, '1'),
(453, 248, 253, NULL, 1, 100, 1, 150, 150, 0, 150, '1'),
(454, 249, 401, NULL, 1, 210, 3, 320, 960, 0, 960, '1'),
(455, 250, 222, NULL, 1, 520, 1, 740, 740, 0, 740, '1'),
(456, 251, 313, NULL, 1, 110, 2, 180, 360, 0, 360, '1'),
(457, 251, 137, NULL, 1, 110, 1, 160, 160, 0, 160, '1'),
(458, 251, 334, NULL, 1, 50, 1, 80, 80, 0, 80, '1'),
(459, 251, 85, NULL, 1, 100, 1, 150, 150, 0, 150, '1'),
(460, 251, 93, NULL, 1, 150, 1, 260, 260, 0, 260, '1'),
(461, 252, 284, NULL, 1, 35, 3, 50, 150, 0, 150, '1'),
(462, 252, 293, NULL, 1, 20, 1, 80, 80, 0, 80, '1'),
(463, 253, 270, NULL, 1, 850, 1, 1020, 1020, 0, 1020, '1'),
(464, 254, 367, NULL, 1, 1150, 1, 1450, 1450, 0, 1450, '1'),
(465, 255, 354, NULL, 1, 60, 1, 90, 90, 0, 90, '1'),
(466, 255, 353, NULL, 1, 90, 1, 150, 150, 0, 150, '1'),
(467, 256, 375, NULL, 1, 450, 1, 650, 650, 0, 650, '1'),
(468, 256, 198, NULL, 1, 500, 1, 720, 720, 0, 720, '1'),
(469, 257, 284, NULL, 1, 35, 7, 50, 350, 0, 350, '1'),
(470, 257, 52, NULL, 1, 300, 1, 350, 350, 0, 350, '1'),
(471, 257, 236, NULL, 1, 265, 1, 350, 350, 0, 350, '1'),
(472, 257, 335, NULL, 1, 5, 2, 10, 20, 0, 20, '1'),
(473, 258, 306, NULL, 1, 150, 1, 250, 250, 0, 250, '1'),
(474, 258, 235, NULL, 1, 265, 1, 350, 350, 0, 350, '1'),
(475, 258, 284, NULL, 1, 35, 4, 50, 200, 0, 200, '1'),
(476, 258, 335, NULL, 1, 5, 4, 10, 40, 0, 40, '1'),
(477, 258, 193, NULL, 1, 100, 1, 150, 150, 0, 150, '1'),
(478, 259, 308, NULL, 1, 190, 1, 250, 250, 0, 250, '1'),
(479, 259, 73, NULL, 1, 90, 1, 120, 120, 0, 120, '1'),
(480, 259, 381, NULL, 1, 160, 1, 200, 200, 0, 200, '1'),
(481, 260, 421, NULL, 1, 150, 1, 280, 280, 0, 280, '1'),
(482, 260, 402, NULL, 1, 55, 2, 90, 180, 0, 180, '1'),
(483, 261, 273, NULL, 1, 210, 1, 300, 300, 0, 300, '1'),
(484, 261, 271, NULL, 1, 150, 1, 250, 250, 0, 250, '1'),
(485, 261, 11, NULL, 1, 340, 1, 400, 400, 0, 400, '1'),
(486, 261, 280, NULL, 1, 95, 1, 180, 180, 0, 180, '1'),
(487, 261, 295, NULL, 1, 90, 1, 120, 120, 0, 120, '1'),
(488, 262, 285, NULL, 1, 90, 2, 150, 300, 0, 300, '1'),
(489, 263, 117, NULL, 1, 170, 1, 250, 250, 0, 250, '1'),
(490, 263, 177, NULL, 1, 70, 1, 90, 90, 0, 90, '1'),
(491, 263, 235, NULL, 1, 265, 1, 350, 350, 0, 350, '1'),
(492, 263, 275, NULL, 1, 140, 2, 190, 380, 0, 380, '1'),
(493, 263, 276, NULL, 1, 205, 1, 250, 250, 0, 250, '1'),
(494, 263, 350, NULL, 1, 170, 1, 220, 220, 0, 220, '1'),
(495, 263, 9, NULL, 1, 40, 1, 75, 75, 0, 75, '1'),
(496, 263, 334, NULL, 1, 50, 3, 80, 240, 0, 240, '1'),
(497, 263, 288, NULL, 1, 60, 2, 120, 240, 0, 240, '1'),
(498, 264, 209, NULL, 1, 380, 1, 650, 650, 0, 650, '1'),
(499, 264, 199, NULL, 1, 600, 1, 950, 950, 0, 950, '1'),
(500, 264, 50, NULL, 1, 400, 1, 500, 500, 0, 500, '1'),
(501, 264, 22, NULL, 1, 780, 1, 1200, 1200, 0, 1200, '1'),
(502, 264, 134, NULL, 1, 280, 1, 480, 480, 0, 480, '1'),
(503, 264, 399, NULL, 1, 550, 2, 850, 1700, 0, 1700, '1'),
(504, 264, 381, NULL, 1, 160, 1, 200, 200, 0, 200, '1'),
(505, 264, 180, NULL, 1, 1150, 1, 1280, 1280, 0, 1280, '1'),
(506, 264, 136, NULL, 1, 450, 1, 750, 750, 0, 750, '1'),
(507, 264, 288, NULL, 1, 60, 1, 120, 120, 0, 120, '1'),
(508, 264, 9, NULL, 1, 40, 1, 75, 75, 0, 75, '1'),
(509, 264, 334, NULL, 1, 50, 1, 80, 80, 0, 80, '1'),
(510, 265, 286, NULL, 1, 365, 1, 420, 420, 0, 420, '1'),
(511, 265, 256, NULL, 1, 95, 1, 150, 150, 0, 150, '1'),
(512, 265, 375, NULL, 1, 450, 1, 650, 650, 0, 650, '1'),
(513, 265, 254, NULL, 1, 110, 2, 170, 340, 0, 340, '1'),
(514, 266, 198, NULL, 1, 500, 1, 720, 720, 0, 720, '1'),
(515, 266, 288, NULL, 1, 60, 1, 120, 120, 0, 120, '1'),
(516, 267, 390, NULL, 1, 950, 1, 1350, 1350, 0, 1350, '1'),
(517, 268, 14, NULL, 1, 950, 1, 1200, 1200, 0, 1200, '1'),
(518, 269, 320, NULL, 1, 25, 1, 50, 50, 0, 50, '1'),
(519, 269, 381, NULL, 1, 160, 1, 200, 200, 0, 200, '1'),
(520, 269, 382, NULL, 1, 100, 1, 150, 150, 0, 150, '1'),
(521, 269, 111, NULL, 1, 110, 2, 200, 400, 0, 400, '1'),
(522, 269, 159, NULL, 1, 380, 1, 450, 450, 0, 450, '1'),
(523, 269, 171, NULL, 1, 120, 1, 150, 150, 0, 150, '1'),
(524, 269, 200, NULL, 1, 100, 1, 180, 180, 0, 180, '1'),
(525, 269, 315, NULL, 1, 100, 1, 150, 150, 0, 150, '1'),
(526, 269, 128, NULL, 1, 170, 1, 180, 180, 0, 180, '1'),
(527, 269, 400, NULL, 1, 140, 1, 220, 220, 0, 220, '1'),
(528, 269, 285, NULL, 1, 90, 1, 150, 150, 0, 150, '1'),
(529, 269, 335, NULL, 1, 5, 10, 10, 100, 0, 100, '1'),
(530, 269, 284, NULL, 1, 35, 1, 50, 50, 0, 50, '1'),
(531, 270, 284, NULL, 1, 35, 1, 50, 50, 0, 50, '1'),
(532, 270, 297, NULL, 1, 220, 1, 280, 280, 0, 280, '1'),
(533, 271, 419, NULL, 1, 285, 1, 380, 380, 0, 380, '1'),
(534, 271, 297, NULL, 1, 220, 1, 280, 280, 0, 280, '1'),
(535, 271, 284, NULL, 1, 35, 1, 50, 50, 0, 50, '1'),
(536, 272, 153, NULL, 1, 360, 1, 450, 450, 0, 450, '1'),
(537, 272, 264, NULL, 1, 145, 1, 250, 250, 0, 250, '1'),
(538, 272, 380, NULL, 1, 200, 1, 250, 250, 0, 250, '1'),
(539, 272, 381, NULL, 1, 160, 1, 200, 200, 0, 200, '1'),
(540, 273, 169, NULL, 1, 200, 1, 320, 320, 0, 320, '1'),
(541, 274, 34, NULL, 1, 1300, 1, 1600, 1600, 0, 1600, '1'),
(542, 275, 148, NULL, 1, 165, 1, 290, 290, 0, 290, '1'),
(543, 275, 284, NULL, 1, 35, 1, 50, 50, 0, 50, '1'),
(544, 275, 276, NULL, 1, 205, 1, 250, 250, 0, 250, '1'),
(545, 275, 285, NULL, 1, 90, 1, 150, 150, 0, 150, '1'),
(546, 276, 430, NULL, 1, 1120, 1, 1700, 1700, 0, 1700, '1'),
(547, 277, 429, NULL, 1, 950, 1, 1450, 1450, 0, 1450, '1'),
(548, 277, 390, NULL, 1, 950, 1, 1350, 1350, 0, 1350, '1'),
(549, 277, 428, NULL, 1, 1100, 1, 1400, 1400, 0, 1400, '1'),
(550, 278, 14, NULL, 1, 950, 1, 1200, 1200, 0, 1200, '1'),
(551, 279, 379, NULL, 1, 250, 1, 300, 300, 0, 300, '1'),
(552, 280, 297, NULL, 1, 220, 1, 280, 280, 0, 280, '1'),
(553, 281, 441, NULL, 1, 150, 1, 250, 250, 0, 250, '1'),
(554, 281, 326, NULL, 1, 25, 1, 40, 40, 0, 40, '1'),
(555, 281, 330, NULL, 1, 65, 1, 90, 90, 0, 90, '1'),
(556, 281, 336, NULL, 1, 70, 1, 100, 100, 0, 100, '1'),
(557, 282, 233, NULL, 1, 850, 1, 1250, 1250, 0, 1250, '1'),
(558, 283, 380, NULL, 1, 200, 1, 250, 250, 0, 250, '1'),
(559, 284, 25, NULL, 1, 280, 1, 400, 400, 0, 400, '1'),
(560, 285, 375, NULL, 1, 450, 1, 650, 650, 0, 650, '1'),
(561, 286, 298, NULL, 1, 130, 1, 200, 200, 0, 200, '1'),
(562, 287, 221, NULL, 1, 820, 1, 1400, 1400, 0, 1400, '1'),
(563, 288, 297, NULL, 1, 220, 1, 280, 280, 0, 280, '1'),
(564, 288, 339, NULL, 1, 80, 1, 120, 120, 0, 120, '1'),
(565, 288, 295, NULL, 1, 90, 1, 120, 120, 0, 120, '1'),
(566, 288, 315, NULL, 1, 100, 1, 150, 150, 0, 150, '1'),
(567, 288, 200, NULL, 1, 100, 1, 180, 180, 0, 180, '1'),
(568, 288, 251, NULL, 1, 70, 1, 120, 120, 0, 120, '1'),
(569, 289, 307, NULL, 1, 1150, 1, 1550, 1550, 0, 1550, '1'),
(570, 289, 191, NULL, 1, 140, 1, 170, 170, 0, 170, '1'),
(571, 290, 214, NULL, 1, 110, 1, 150, 150, 0, 150, '1'),
(572, 290, 449, NULL, 1, 120, 1, 180, 180, 0, 180, '1'),
(573, 290, 55, NULL, 1, 8, 4, 15, 60, 0, 60, '1'),
(574, 291, 284, NULL, 1, 35, 2, 50, 100, 0, 100, '1'),
(575, 291, 335, NULL, 1, 5, 5, 10, 50, 0, 50, '1'),
(576, 291, 282, NULL, 1, 220, 1, 300, 300, 0, 300, '1'),
(577, 291, 388, NULL, 1, 120, 2, 180, 360, 0, 360, '1'),
(578, 292, 270, NULL, 1, 880, 1, 1040, 1040, 0, 1040, '1'),
(579, 292, 271, NULL, 1, 150, 1, 250, 250, 0, 250, '1'),
(580, 293, 34, NULL, 1, 1300, 1, 1600, 1600, 0, 1600, '1'),
(581, 294, 429, NULL, 1, 950, 1, 1450, 1450, 0, 1450, '1'),
(582, 294, 236, NULL, 1, 265, 1, 350, 350, 0, 350, '1'),
(583, 295, 148, NULL, 1, 165, 1, 290, 290, 0, 290, '1'),
(584, 295, 334, NULL, 1, 50, 1, 80, 80, 0, 80, '1'),
(585, 296, 372, NULL, 1, 600, 1, 750, 750, 0, 750, '1'),
(586, 296, 373, NULL, 1, 1300, 1, 1450, 1450, 0, 1450, '1'),
(587, 296, 429, NULL, 1, 950, 1, 1450, 1450, 0, 1450, '1'),
(588, 297, 33, NULL, 1, 950, 1, 1350, 1350, 0, 1350, '1'),
(589, 298, 401, NULL, 1, 210, 2, 320, 640, 0, 640, '1'),
(590, 298, 388, NULL, 1, 120, 1, 180, 180, 0, 180, '1'),
(591, 298, 141, NULL, 1, 60, 1, 100, 100, 0, 100, '1'),
(592, 298, 421, NULL, 1, 150, 1, 280, 280, 0, 280, '1'),
(593, 299, 429, NULL, 1, 950, 1, 1450, 1450, 0, 1450, '1'),
(594, 299, 459, NULL, 1, 850, 1, 1250, 1250, 0, 1250, '1'),
(595, 299, 381, NULL, 1, 160, 1, 200, 200, 0, 200, '1'),
(596, 300, 431, NULL, 1, 1200, 1, 1750, 1750, 0, 1750, '1'),
(597, 300, 396, NULL, 1, 800, 1, 1150, 1150, 0, 1150, '1'),
(598, 300, 9, NULL, 1, 40, 1, 75, 75, 0, 75, '1'),
(599, 301, 288, NULL, 1, 60, 1, 120, 120, 0, 120, '1'),
(600, 301, 431, NULL, 1, 1200, 1, 1750, 1750, 0, 1750, '1'),
(601, 301, 396, NULL, 1, 800, 1, 1150, 1150, 0, 1150, '1'),
(602, 302, 479, NULL, 1, 120, 1, 180, 180, 0, 180, '1'),
(603, 303, 200, NULL, 1, 100, 1, 180, 180, 0, 180, '1'),
(604, 303, 421, NULL, 1, 150, 1, 280, 280, 0, 280, '1'),
(605, 304, 236, NULL, 1, 265, 1, 350, 350, 0, 350, '1'),
(606, 304, 112, NULL, 1, 460, 1, 550, 550, 0, 550, '1'),
(607, 305, 383, NULL, 1, 70, 1, 100, 100, 0, 100, '1'),
(608, 305, 379, NULL, 1, 250, 1, 300, 300, 0, 300, '1'),
(609, 305, 269, NULL, 1, 70, 2, 150, 300, 0, 300, '1'),
(610, 305, 285, NULL, 1, 90, 1, 150, 150, 0, 150, '1'),
(611, 306, 49, NULL, 1, 1100, 1, 1500, 1500, 0, 1500, '1'),
(612, 307, 381, NULL, 1, 160, 1, 200, 200, 0, 200, '1'),
(613, 307, 382, NULL, 1, 100, 1, 150, 150, 0, 150, '1'),
(614, 307, 379, NULL, 1, 250, 1, 300, 300, 0, 300, '1'),
(615, 307, 365, NULL, 1, 80, 1, 130, 130, 0, 130, '1'),
(616, 308, 479, NULL, 1, 120, 4, 180, 720, 0, 720, '1'),
(617, 309, 391, NULL, 1, 210, 1, 380, 380, 0, 380, '1'),
(618, 309, 378, NULL, 1, 15, 3, 20, 60, 0, 60, '1'),
(619, 310, 16, NULL, 1, 650, 1, 750, 750, 0, 750, '1'),
(620, 310, 9, NULL, 1, 40, 1, 75, 75, 0, 75, '1'),
(621, 310, 297, NULL, 1, 220, 1, 280, 280, 0, 280, '1'),
(622, 310, 293, NULL, 1, 20, 1, 80, 80, 0, 80, '1'),
(623, 311, 287, NULL, 1, 165, 1, 250, 250, 0, 250, '1'),
(624, 311, 293, NULL, 1, 20, 1, 80, 80, 0, 80, '1'),
(625, 311, 9, NULL, 1, 40, 1, 75, 75, 0, 75, '1'),
(626, 311, 449, NULL, 1, 120, 1, 180, 180, 0, 180, '1'),
(627, 311, 376, NULL, 1, 12, 2, 30, 60, 0, 60, '1'),
(628, 312, 235, NULL, 1, 265, 1, 350, 350, 0, 350, '1'),
(629, 312, 214, NULL, 1, 110, 1, 150, 150, 0, 150, '1'),
(630, 312, 388, NULL, 1, 120, 1, 180, 180, 0, 180, '1'),
(631, 313, 429, NULL, 1, 950, 1, 1450, 1450, 0, 1450, '1'),
(632, 313, 400, NULL, 1, 140, 1, 220, 220, 0, 220, '1'),
(633, 314, 414, NULL, 1, 200, 1, 290, 290, 0, 290, '1'),
(634, 314, 419, NULL, 1, 285, 1, 380, 380, 0, 380, '1'),
(635, 314, 87, NULL, 1, 450, 1, 600, 600, 0, 600, '1'),
(636, 315, 427, NULL, 1, 2350, 1, 2850, 2850, 0, 2850, '1'),
(637, 315, 432, NULL, 1, 290, 1, 380, 380, 0, 380, '1'),
(638, 315, 456, NULL, 1, 850, 1, 1200, 1200, 0, 1200, '1'),
(639, 316, 299, NULL, 1, 360, 1, 550, 550, 0, 550, '1'),
(640, 316, 388, NULL, 1, 120, 2, 180, 360, 0, 360, '1'),
(641, 317, 449, NULL, 1, 120, 1, 180, 180, 0, 180, '1'),
(642, 318, 93, NULL, 1, 150, 1, 260, 260, 0, 260, '1'),
(643, 318, 35, NULL, 1, 1200, 1, 1400, 1400, 0, 1400, '1'),
(644, 319, 428, NULL, 1, 1100, 1, 1400, 1400, 0, 1400, '1'),
(645, 319, 453, NULL, 1, 700, 1, 950, 950, 0, 950, '1'),
(646, 320, 356, NULL, 1, 25, 1, 35, 35, 0, 35, '1'),
(647, 320, 376, NULL, 1, 12, 1, 30, 30, 0, 30, '1'),
(648, 320, 320, NULL, 1, 25, 1, 50, 50, 0, 50, '1'),
(649, 321, 235, NULL, 1, 265, 1, 350, 350, 0, 350, '1'),
(650, 321, 237, NULL, 1, 165, 1, 250, 250, 0, 250, '1'),
(651, 321, 284, NULL, 1, 35, 1, 50, 50, 0, 50, '1'),
(652, 321, 388, NULL, 1, 120, 1, 180, 180, 0, 180, '1'),
(653, 322, 285, NULL, 1, 90, 2, 150, 300, 0, 300, '1'),
(654, 322, 262, NULL, 1, 55, 1, 100, 100, 0, 100, '1'),
(655, 323, 107, NULL, 1, 440, 1, 570, 570, 0, 570, '1'),
(656, 323, 290, NULL, 1, 130, 1, 200, 200, 0, 200, '1'),
(657, 323, 479, NULL, 1, 120, 1, 180, 180, 0, 180, '1'),
(658, 323, 378, NULL, 1, 15, 1, 20, 20, 0, 20, '1'),
(659, 323, 284, NULL, 1, 35, 2, 50, 100, 0, 100, '1'),
(660, 324, 199, NULL, 1, 600, 1, 950, 950, 0, 950, '1'),
(661, 324, 478, NULL, 1, 100, 1, 150, 150, 0, 150, '1'),
(662, 324, 339, NULL, 1, 80, 1, 120, 120, 0, 120, '1'),
(663, 325, 421, NULL, 1, 150, 1, 280, 280, 0, 280, '1'),
(664, 325, 20, NULL, 1, 580, 1, 950, 950, 0, 950, '1'),
(665, 326, 56, NULL, 1, 800, 1, 1200, 1200, 0, 1200, '1'),
(666, 327, 498, NULL, 1, 80, 1, 130, 100, 0, 100, '1'),
(667, 328, 500, NULL, 1, 300, 1, 470, 470, 0, 470, '1'),
(668, 328, 296, NULL, 1, 150, 1, 250, 250, 0, 250, '1'),
(669, 328, 477, NULL, 1, 80, 1, 120, 120, 0, 120, '1'),
(670, 328, 92, NULL, 1, 80, 1, 150, 150, 0, 150, '1'),
(671, 328, 37, NULL, 1, 150, 1, 190, 190, 0, 190, '1'),
(672, 328, 478, NULL, 1, 100, 1, 150, 150, 0, 150, '1'),
(673, 328, 388, NULL, 1, 120, 1, 180, 180, 0, 180, '1'),
(674, 329, 141, NULL, 1, 60, 1, 100, 100, 0, 100, '1'),
(675, 329, 421, NULL, 1, 150, 1, 280, 280, 0, 280, '1'),
(676, 330, 494, NULL, 1, 250, 1, 440, 440, 0, 440, '1'),
(677, 330, 214, NULL, 1, 110, 1, 150, 150, 0, 150, '1'),
(678, 330, 288, NULL, 1, 60, 1, 120, 120, 0, 120, '1'),
(679, 330, 491, NULL, 1, 230, 2, 420, 840, 0, 840, '1'),
(680, 331, 478, NULL, 1, 100, 2, 150, 300, 0, 300, '1'),
(681, 331, 288, NULL, 1, 60, 1, 120, 120, 0, 120, '1'),
(682, 331, 477, NULL, 1, 80, 1, 120, 120, 0, 120, '1'),
(683, 332, 56, NULL, 1, 800, 1, 1200, 1200, 0, 1200, '1'),
(684, 333, 504, NULL, 1, 310, 1, 550, 550, 0, 550, '1'),
(685, 333, 297, NULL, 1, 220, 1, 280, 280, 0, 280, '1'),
(686, 333, 476, NULL, 1, 70, 1, 100, 100, 0, 100, '1'),
(687, 334, 379, NULL, 1, 250, 1, 300, 300, 0, 300, '1'),
(688, 334, 382, NULL, 1, 100, 1, 150, 150, 0, 150, '1'),
(689, 334, 334, NULL, 1, 50, 2, 80, 160, 0, 160, '1'),
(690, 335, 369, NULL, 1, 600, 1, 980, 980, 0, 980, '1'),
(691, 336, 494, NULL, 1, 250, 1, 440, 440, 0, 440, '1'),
(692, 336, 214, NULL, 1, 110, 3, 150, 450, 0, 450, '1'),
(693, 336, 37, NULL, 1, 150, 1, 190, 190, 0, 190, '1'),
(694, 337, 284, NULL, 1, 35, 1, 50, 50, 0, 50, '1'),
(695, 337, 502, NULL, 1, 370, 1, 650, 650, 0, 650, '1'),
(696, 338, 276, NULL, 1, 205, 1, 250, 250, 0, 250, '1'),
(697, 338, 264, NULL, 1, 145, 1, 250, 250, 0, 250, '1'),
(698, 338, 200, NULL, 1, 100, 1, 180, 180, 0, 180, '1'),
(699, 338, 315, NULL, 1, 100, 1, 150, 150, 0, 150, '1'),
(700, 338, 275, NULL, 1, 140, 1, 190, 190, 0, 190, '1'),
(701, 338, 294, NULL, 1, 15, 1, 60, 60, 0, 60, '1'),
(702, 339, 154, NULL, 1, 250, 1, 300, 300, 0, 300, '1'),
(703, 339, 329, NULL, 1, 50, 1, 80, 80, 0, 80, '1'),
(704, 339, 388, NULL, 1, 120, 1, 180, 180, 0, 180, '1'),
(705, 339, 315, NULL, 1, 100, 2, 150, 300, 0, 300, '1'),
(706, 339, 285, NULL, 1, 90, 2, 150, 300, 0, 300, '1'),
(707, 339, 262, NULL, 1, 55, 1, 100, 100, 0, 100, '1'),
(708, 339, 293, NULL, 1, 20, 1, 80, 80, 0, 80, '1'),
(709, 339, 303, NULL, 1, 150, 1, 250, 250, 0, 250, '1'),
(710, 339, 172, NULL, 1, 150, 2, 190, 380, 0, 380, '1'),
(711, 339, 153, NULL, 1, 360, 1, 450, 450, 0, 450, '1'),
(712, 339, 477, NULL, 1, 80, 2, 120, 240, 0, 240, '1'),
(713, 339, 330, NULL, 1, 65, 1, 90, 90, 0, 90, '1'),
(714, 339, 275, NULL, 1, 140, 1, 190, 190, 0, 190, '1'),
(715, 339, 276, NULL, 1, 205, 1, 250, 250, 0, 250, '1'),
(716, 339, 284, NULL, 1, 35, 1, 50, 50, 0, 50, '1'),
(717, 339, 476, NULL, 1, 70, 1, 100, 100, 0, 100, '1'),
(718, 339, 277, NULL, 1, 330, 1, 450, 450, 0, 450, '1'),
(719, 339, 228, NULL, 1, 100, 1, 180, 180, 0, 180, '1'),
(720, 339, 478, NULL, 1, 100, 4, 150, 600, 0, 600, '1'),
(721, 339, 376, NULL, 1, 12, 1, 30, 30, 0, 30, '1'),
(722, 340, 417, NULL, 1, 150, 2, 240, 480, 0, 480, '1'),
(723, 341, 394, NULL, 1, 500, 1, 680, 680, 0, 680, '1'),
(724, 341, 290, NULL, 1, 130, 2, 200, 400, 0, 400, '1'),
(725, 341, 482, NULL, 1, 160, 1, 280, 280, 0, 280, '1'),
(726, 341, 288, NULL, 1, 60, 1, 120, 120, 0, 120, '1'),
(727, 341, 474, NULL, 1, 25, 1, 50, 50, 0, 50, '1'),
(728, 341, 308, NULL, 1, 190, 1, 250, 250, 0, 250, '1'),
(729, 341, 388, NULL, 1, 120, 1, 180, 180, 0, 180, '1'),
(730, 342, 477, NULL, 1, 80, 2, 120, 240, 0, 240, '1'),
(731, 342, 503, NULL, 1, 620, 1, 950, 950, 0, 950, '1'),
(732, 342, 376, NULL, 1, 12, 1, 30, 30, 0, 30, '1'),
(733, 342, 320, NULL, 1, 25, 1, 50, 50, 0, 50, '1'),
(734, 343, 222, NULL, 1, 520, 1, 740, 740, 0, 740, '1'),
(735, 343, 388, NULL, 1, 120, 1, 180, 180, 0, 180, '1'),
(736, 344, 354, NULL, 1, 60, 1, 90, 90, 0, 90, '1'),
(737, 344, 9, NULL, 1, 40, 1, 75, 75, 0, 75, '1'),
(738, 344, 288, NULL, 1, 60, 1, 120, 120, 0, 120, '1'),
(739, 345, 228, NULL, 1, 100, 2, 180, 360, 0, 360, '1'),
(740, 345, 426, NULL, 1, 130, 1, 190, 190, 0, 190, '1'),
(741, 345, 92, NULL, 1, 80, 1, 150, 150, 0, 150, '1'),
(742, 346, 388, NULL, 1, 120, 1, 180, 180, 0, 180, '1'),
(743, 346, 141, NULL, 1, 60, 4, 100, 400, 0, 400, '1'),
(744, 346, 132, NULL, 1, 220, 1, 300, 300, 0, 300, '1'),
(745, 346, 228, NULL, 1, 100, 2, 180, 360, 0, 360, '1'),
(746, 346, 290, NULL, 1, 130, 1, 200, 200, 0, 200, '1'),
(747, 346, 296, NULL, 1, 150, 1, 250, 250, 0, 250, '1'),
(748, 346, 288, NULL, 1, 60, 1, 120, 120, 0, 120, '1'),
(749, 347, 477, NULL, 1, 80, 1, 120, 120, 0, 120, '1'),
(750, 347, 481, NULL, 1, 150, 1, 250, 250, 0, 250, '1'),
(751, 347, 517, NULL, 1, 160, 1, 250, 250, 0, 250, '1'),
(752, 348, 200, NULL, 1, 100, 1, 180, 180, 0, 180, '1'),
(753, 348, 334, NULL, 1, 50, 2, 80, 160, 0, 160, '1'),
(754, 348, 385, NULL, 1, 80, 1, 120, 120, 0, 120, '1'),
(755, 348, 214, NULL, 1, 110, 1, 150, 150, 0, 150, '1'),
(756, 348, 421, NULL, 1, 150, 3, 280, 840, 0, 840, '1'),
(757, 348, 481, NULL, 1, 150, 1, 250, 250, 0, 250, '1'),
(758, 348, 13, NULL, 1, 220, 1, 300, 300, 0, 300, '1'),
(759, 348, 264, NULL, 1, 145, 1, 250, 250, 0, 250, '1'),
(760, 348, 376, NULL, 1, 12, 1, 30, 30, 0, 30, '1'),
(761, 348, 9, NULL, 1, 40, 1, 75, 75, 0, 75, '1'),
(762, 348, 434, NULL, 1, 60, 1, 120, 120, 0, 120, '1'),
(763, 349, 235, NULL, 1, 265, 1, 350, 350, 0, 350, '1'),
(764, 349, 284, NULL, 1, 35, 1, 50, 50, 0, 50, '1'),
(765, 349, 509, NULL, 1, 70, 2, 120, 240, 0, 240, '1'),
(766, 349, 1, NULL, 1, 400, 1, 520, 520, 0, 520, '1'),
(767, 349, 388, NULL, 1, 120, 1, 180, 180, 0, 180, '1'),
(768, 349, 327, NULL, 1, 30, 1, 60, 60, 0, 60, '1'),
(769, 350, 430, NULL, 1, 1120, 1, 1700, 1700, 0, 1700, '1'),
(770, 350, 37, NULL, 1, 150, 1, 190, 190, 0, 190, '1'),
(771, 351, 219, NULL, 1, 470, 1, 650, 650, 0, 650, '1'),
(772, 351, 4, NULL, 1, 780, 1, 1250, 1250, 0, 1250, '1'),
(773, 351, 14, NULL, 1, 950, 1, 1200, 1200, 0, 1200, '1'),
(774, 352, 434, NULL, 1, 60, 2, 120, 240, 0, 240, '1'),
(775, 352, 380, NULL, 1, 200, 1, 250, 250, 0, 250, '1'),
(776, 353, 369, NULL, 1, 600, 1, 980, 980, 0, 980, '1'),
(777, 354, 381, NULL, 1, 160, 2, 200, 400, 0, 400, '1'),
(778, 354, 382, NULL, 1, 100, 2, 150, 300, 0, 300, '1'),
(779, 354, 214, NULL, 1, 110, 1, 150, 150, 0, 150, '1'),
(780, 355, 288, NULL, 1, 60, 1, 120, 120, 0, 120, '1'),
(781, 355, 376, NULL, 1, 12, 1, 30, 30, 0, 30, '1'),
(782, 355, 378, NULL, 1, 15, 1, 20, 20, 0, 20, '1'),
(783, 355, 509, NULL, 1, 70, 1, 120, 120, 0, 120, '1'),
(784, 356, 396, NULL, 1, 800, 1, 1150, 1150, 0, 1150, '1'),
(785, 356, 421, NULL, 1, 150, 1, 280, 280, 0, 280, '1'),
(786, 357, 284, NULL, 1, 35, 5, 50, 250, 0, 250, '1'),
(787, 357, 336, NULL, 1, 70, 2, 100, 200, 0, 200, '1'),
(788, 358, 496, NULL, 1, 260, 1, 480, 480, 0, 480, '1'),
(789, 358, 214, NULL, 1, 110, 2, 150, 300, 0, 300, '1'),
(790, 358, 478, NULL, 1, 100, 1, 150, 150, 0, 150, '1'),
(791, 358, 290, NULL, 1, 130, 1, 200, 200, 0, 200, '1'),
(792, 359, 453, NULL, 1, 700, 1, 950, 950, 0, 950, '1'),
(793, 360, 365, NULL, 1, 80, 1, 130, 130, 0, 130, '1'),
(794, 360, 315, NULL, 1, 100, 1, 150, 150, 0, 150, '1'),
(795, 360, 378, NULL, 1, 15, 4, 20, 80, 0, 80, '1'),
(796, 361, 372, NULL, 1, 600, 1, 750, 750, 0, 750, '1'),
(797, 361, 291, NULL, 1, 55, 1, 120, 120, 0, 120, '1'),
(798, 362, 504, NULL, 1, 310, 1, 550, 550, 0, 550, '1'),
(799, 363, 22, NULL, 1, 650, 1, 1200, 1200, 0, 1200, '1'),
(800, 363, 504, NULL, 1, 310, 1, 550, 550, 0, 550, '1'),
(801, 364, 522, NULL, 1, 560, 1, 900, 900, 0, 900, '1'),
(802, 364, 509, NULL, 1, 70, 1, 120, 120, 0, 120, '1'),
(803, 365, 399, NULL, 1, 550, 1, 850, 850, 0, 850, '1'),
(804, 365, 370, NULL, 1, 370, 1, 450, 450, 0, 450, '1'),
(805, 366, 219, NULL, 1, 420, 1, 650, 650, 0, 650, '1'),
(806, 367, 52, NULL, 1, 300, 1, 350, 350, 0, 350, '1'),
(807, 367, 16, NULL, 1, 650, 1, 750, 750, 0, 750, '1'),
(808, 367, 509, NULL, 1, 70, 1, 120, 120, 0, 120, '1'),
(809, 367, 376, NULL, 1, 12, 1, 30, 30, 0, 30, '1'),
(810, 368, 376, NULL, 1, 12, 1, 30, 30, 0, 30, '1'),
(811, 368, 510, NULL, 1, 100, 2, 150, 300, 0, 300, '1'),
(812, 368, 508, NULL, 1, 55, 1, 70, 70, 0, 70, '1'),
(813, 369, 19, NULL, 1, 130, 1, 200, 200, 0, 200, '1'),
(814, 369, 105, NULL, 1, 110, 4, 180, 720, 0, 720, '1'),
(815, 369, 284, NULL, 1, 35, 6, 50, 300, 0, 300, '1'),
(816, 369, 128, NULL, 1, 170, 1, 180, 180, 0, 180, '1'),
(817, 369, 400, NULL, 1, 140, 1, 220, 220, 0, 220, '1'),
(818, 369, 334, NULL, 1, 50, 5, 80, 400, 0, 400, '1'),
(819, 370, 284, NULL, 1, 35, 2, 50, 100, 0, 100, '1'),
(820, 370, 345, NULL, 1, 100, 1, 150, 150, 0, 150, '1'),
(821, 370, 298, NULL, 1, 130, 2, 200, 400, 0, 400, '1'),
(822, 371, 22, NULL, 1, 650, 1, 1200, 1200, 0, 1200, '1'),
(823, 372, 334, NULL, 1, 50, 1, 80, 80, 0, 80, '1'),
(824, 372, 290, NULL, 1, 130, 1, 200, 200, 0, 200, '1'),
(825, 372, 144, NULL, 1, 200, 1, 250, 250, 0, 250, '1'),
(826, 372, 479, NULL, 1, 120, 1, 180, 180, 0, 180, '1'),
(827, 373, 394, NULL, 1, 500, 1, 680, 680, 0, 680, '1'),
(828, 373, 247, NULL, 1, 230, 1, 340, 340, 0, 340, '1'),
(829, 373, 167, NULL, 1, 50, 1, 80, 80, 0, 80, '1'),
(830, 374, 391, NULL, 1, 210, 1, 380, 380, 0, 380, '1'),
(831, 375, 519, NULL, 1, 620, 1, 950, 950, 0, 950, '1'),
(832, 375, 132, NULL, 1, 220, 1, 300, 300, 0, 300, '1'),
(833, 376, 494, NULL, 1, 250, 2, 440, 880, 0, 880, '1'),
(834, 376, 441, NULL, 1, 150, 1, 250, 250, 0, 250, '1'),
(835, 376, 72, NULL, 1, 100, 1, 150, 150, 0, 150, '1'),
(836, 377, 307, NULL, 1, 1150, 1, 1550, 1550, 0, 1550, '1'),
(837, 378, 34, NULL, 1, 1300, 1, 1600, 1600, 0, 1600, '1'),
(838, 379, 380, NULL, 1, 200, 1, 250, 250, 0, 250, '1'),
(839, 379, 314, NULL, 1, 110, 1, 200, 200, 0, 200, '1'),
(840, 379, 310, NULL, 1, 250, 1, 350, 350, 0, 350, '1'),
(841, 379, 120, NULL, 1, 150, 1, 220, 220, 0, 220, '1'),
(842, 379, 328, NULL, 1, 250, 1, 300, 300, 0, 300, '1'),
(843, 379, 424, NULL, 1, 65, 1, 100, 100, 0, 100, '1'),
(844, 379, 510, NULL, 1, 100, 2, 150, 300, 0, 300, '1'),
(845, 379, 284, NULL, 1, 35, 1, 50, 50, 0, 50, '1'),
(846, 379, 334, NULL, 1, 50, 1, 80, 80, 0, 80, '1'),
(847, 379, 479, NULL, 1, 120, 1, 180, 180, 0, 180, '1'),
(848, 379, 388, NULL, 1, 120, 1, 180, 180, 0, 180, '1'),
(849, 380, 22, NULL, 1, 650, 2, 1200, 2400, 0, 2400, '1'),
(850, 380, 29, NULL, 1, 230, 1, 300, 300, 0, 300, '1'),
(851, 381, 105, NULL, 1, 110, 2, 180, 360, 0, 360, '1'),
(852, 381, 528, NULL, 1, 300, 1, 450, 450, 0, 450, '1'),
(853, 381, 37, NULL, 1, 150, 1, 190, 190, 0, 190, '1'),
(854, 381, 320, NULL, 1, 25, 1, 50, 50, 0, 50, '1'),
(855, 381, 138, NULL, 1, 165, 1, 220, 220, 0, 220, '1'),
(856, 381, 482, NULL, 1, 160, 1, 280, 280, 0, 280, '1'),
(857, 381, 478, NULL, 1, 100, 1, 150, 150, 0, 150, '1'),
(858, 381, 289, NULL, 1, 50, 1, 100, 100, 0, 100, '1'),
(859, 381, 294, NULL, 1, 15, 1, 60, 60, 0, 60, '1'),
(860, 382, 372, NULL, 1, 600, 1, 750, 750, 0, 750, '1'),
(861, 382, 357, NULL, 1, 35, 1, 50, 50, 0, 50, '1'),
(862, 382, 285, NULL, 1, 90, 1, 150, 150, 0, 150, '1'),
(863, 383, 33, NULL, 1, 950, 1, 1350, 1350, 0, 1350, '1'),
(864, 383, 496, NULL, 1, 260, 1, 480, 480, 0, 480, '1'),
(865, 383, 488, NULL, 1, 130, 2, 220, 440, 0, 440, '1'),
(866, 384, 33, NULL, 1, 950, 1, 1350, 1350, 0, 1350, '1'),
(867, 384, 390, NULL, 1, 950, 1, 1350, 1350, 0, 1350, '1'),
(868, 384, 35, NULL, 1, 1000, 1, 1400, 1400, 0, 1400, '1'),
(869, 384, 537, NULL, 1, 280, 1, 350, 350, 0, 350, '1'),
(870, 384, 330, NULL, 1, 65, 2, 90, 180, 0, 180, '1'),
(871, 384, 339, NULL, 1, 80, 1, 120, 120, 0, 120, '1'),
(872, 384, 405, NULL, 1, 320, 1, 450, 450, 0, 450, '1'),
(873, 384, 416, NULL, 1, 170, 1, 260, 260, 0, 260, '1'),
(874, 384, 482, NULL, 1, 160, 3, 280, 840, 0, 840, '1'),
(875, 384, 481, NULL, 1, 150, 1, 250, 250, 0, 250, '1'),
(876, 384, 478, NULL, 1, 100, 1, 150, 150, 0, 150, '1'),
(877, 384, 161, NULL, 1, 940, 1, 980, 980, 0, 980, '1'),
(878, 385, 302, NULL, 1, 300, 1, 350, 350, 0, 350, '1'),
(879, 386, 507, NULL, 1, 470, 1, 790, 790, 0, 790, '1'),
(880, 387, 332, NULL, 1, 1500, 1, 2200, 2200, 0, 2200, '1'),
(881, 387, 34, NULL, 1, 1300, 2, 1600, 3200, 0, 3200, '1'),
(882, 388, 372, NULL, 1, 600, 1, 750, 750, 0, 750, '1'),
(883, 388, 388, NULL, 1, 120, 2, 180, 360, 0, 360, '1'),
(884, 389, 49, NULL, 1, 1100, 1, 1500, 1500, 0, 1500, '1'),
(885, 390, 421, NULL, 1, 150, 1, 280, 280, 0, 280, '1'),
(886, 390, 175, NULL, 1, 100, 1, 140, 140, 0, 140, '1'),
(887, 390, 52, NULL, 1, 300, 1, 350, 350, 0, 350, '1'),
(888, 391, 87, NULL, 1, 450, 1, 600, 600, 0, 600, '1'),
(889, 392, 298, NULL, 1, 130, 1, 200, 200, 0, 200, '1'),
(890, 392, 380, NULL, 1, 200, 1, 250, 250, 0, 250, '1'),
(891, 392, 385, NULL, 1, 80, 1, 120, 120, 0, 120, '1'),
(892, 392, 284, NULL, 1, 35, 1, 50, 50, 0, 50, '1'),
(893, 392, 291, NULL, 1, 55, 1, 120, 120, 0, 120, '1'),
(894, 392, 317, NULL, 1, 40, 1, 70, 70, 0, 70, '1'),
(895, 393, 12, NULL, 1, 105, 1, 150, 150, 0, 150, '1'),
(896, 393, 164, NULL, 1, 50, 2, 100, 200, 0, 200, '1'),
(897, 393, 289, NULL, 1, 50, 1, 100, 100, 0, 100, '1'),
(898, 394, 219, NULL, 1, 420, 1, 650, 650, 0, 650, '1'),
(899, 395, 52, NULL, 1, 300, 1, 350, 350, 0, 350, '1'),
(900, 395, 314, NULL, 1, 110, 1, 200, 200, 0, 200, '1'),
(901, 395, 408, NULL, 1, 180, 2, 250, 500, 0, 500, '1'),
(902, 395, 509, NULL, 1, 70, 2, 120, 240, 0, 240, '1'),
(903, 395, 33, NULL, 1, 950, 1, 1350, 1350, 0, 1350, '1'),
(904, 396, 523, NULL, 1, 700, 1, 1250, 1250, 0, 1250, '1'),
(905, 397, 182, NULL, 1, 700, 2, 1020, 2040, 0, 2040, '1'),
(906, 397, 307, NULL, 1, 1150, 1, 1550, 1550, 0, 1550, '1'),
(907, 397, 141, NULL, 1, 60, 1, 100, 100, 0, 100, '1'),
(908, 397, 288, NULL, 1, 60, 1, 120, 120, 0, 120, '1'),
(909, 397, 289, NULL, 1, 50, 1, 100, 100, 0, 100, '1'),
(910, 397, 510, NULL, 1, 100, 1, 150, 150, 0, 150, '1'),
(911, 397, 284, NULL, 1, 35, 2, 50, 100, 0, 100, '1'),
(912, 398, 459, NULL, 1, 850, 2, 1250, 2500, 0, 2500, '1'),
(913, 398, 153, NULL, 1, 400, 1, 480, 480, 0, 480, '1'),
(914, 399, 22, NULL, 1, 650, 1, 1200, 1200, 0, 1200, '1'),
(915, 400, 214, NULL, 1, 110, 1, 150, 150, 0, 150, '1'),
(916, 400, 307, NULL, 1, 1150, 1, 1550, 1550, 0, 1550, '1'),
(917, 400, 453, NULL, 1, 700, 1, 950, 950, 0, 950, '1'),
(918, 401, 45, NULL, 1, 250, 1, 380, 380, 0, 380, '1'),
(919, 401, 2, NULL, 1, 600, 1, 850, 850, 0, 850, '1');
INSERT INTO `cart_items` (`cart_item_id`, `cart_id`, `product_id`, `size_id`, `unit_id`, `unit_purchase_cost`, `quantity`, `unit_sales_cost`, `total_price`, `vat`, `net_amount`, `is_confirmed`) VALUES
(920, 402, 45, NULL, 1, 250, 1, 380, 380, 0, 380, '1'),
(921, 403, 388, NULL, 1, 120, 1, 180, 180, 0, 180, '1'),
(922, 403, 490, NULL, 1, 160, 1, 280, 280, 0, 280, '1'),
(923, 404, 33, NULL, 1, 950, 1, 1350, 1350, 0, 1350, '1'),
(924, 405, 500, NULL, 1, 300, 1, 470, 470, 0, 470, '1'),
(925, 406, 491, NULL, 1, 227, 1, 420, 420, 0, 420, '1'),
(926, 406, 22, NULL, 1, 650, 1, 1200, 1200, 0, 1200, '1'),
(927, 407, 464, NULL, 1, 520, 1, 780, 780, 0, 780, '1'),
(928, 408, 435, NULL, 1, 700, 1, 1040, 1040, 0, 1040, '1'),
(929, 408, 388, NULL, 1, 120, 2, 180, 360, 0, 360, '1'),
(930, 408, 186, NULL, 1, 750, 1, 1150, 1150, 0, 1150, '1'),
(931, 409, 464, NULL, 1, 520, 1, 780, 780, 0, 780, '1'),
(932, 409, 544, NULL, 1, 200, 1, 340, 340, 0, 340, '1'),
(933, 410, 542, NULL, 1, 500, 2, 620, 1240, 0, 1240, '1'),
(934, 410, 284, NULL, 1, 35, 4, 50, 200, 0, 200, '1'),
(935, 410, 464, NULL, 1, 520, 1, 780, 780, 0, 780, '1'),
(936, 411, 494, NULL, 1, 250, 1, 440, 440, 0, 440, '1'),
(937, 411, 500, NULL, 1, 300, 3, 470, 1410, 0, 1410, '1'),
(938, 411, 503, NULL, 1, 620, 1, 950, 950, 0, 950, '1'),
(939, 411, 23, NULL, 1, 800, 1, 1200, 1200, 0, 1200, '1'),
(940, 412, 544, NULL, 1, 200, 1, 340, 340, 0, 340, '1'),
(941, 412, 372, NULL, 1, 600, 1, 750, 750, 0, 750, '1'),
(942, 412, 539, NULL, 1, 360, 1, 620, 620, 0, 620, '1'),
(943, 412, 2, NULL, 1, 600, 2, 850, 1700, 0, 1700, '1'),
(944, 413, 2, NULL, 1, 600, 1, 850, 850, 0, 850, '1'),
(945, 413, 186, NULL, 1, 750, 1, 1150, 1150, 0, 1150, '1'),
(946, 413, 128, NULL, 1, 170, 1, 180, 180, 0, 180, '1'),
(947, 413, 539, NULL, 1, 360, 1, 620, 620, 0, 620, '1'),
(948, 413, 376, NULL, 1, 12, 1, 30, 30, 0, 30, '1'),
(949, 414, 433, NULL, 1, 1100, 1, 1650, 1650, 0, 1650, '1'),
(950, 415, 22, NULL, 1, 650, 1, 1200, 1200, 0, 1200, '1'),
(951, 416, 2, NULL, 1, 600, 1, 850, 850, 0, 850, '1'),
(952, 417, 538, NULL, 1, 350, 1, 580, 580, 0, 580, '1'),
(953, 417, 284, NULL, 1, 35, 6, 50, 300, 0, 300, '1'),
(954, 417, 441, NULL, 1, 150, 1, 250, 250, 0, 250, '1'),
(955, 417, 19, NULL, 1, 130, 1, 200, 200, 0, 200, '1'),
(956, 417, 381, NULL, 1, 160, 2, 200, 400, 0, 400, '1'),
(957, 418, 494, NULL, 1, 250, 1, 440, 440, 0, 440, '1'),
(958, 418, 449, NULL, 1, 120, 2, 180, 360, 0, 360, '1'),
(959, 418, 120, NULL, 1, 150, 1, 220, 220, 0, 220, '1'),
(960, 418, 545, NULL, 1, 400, 1, 550, 550, 0, 550, '1'),
(961, 418, 32, NULL, 1, 600, 1, 950, 950, 0, 950, '1'),
(962, 418, 224, NULL, 1, 450, 1, 680, 680, 0, 680, '1'),
(963, 418, 421, NULL, 1, 150, 1, 280, 280, 0, 280, '1'),
(964, 419, 52, NULL, 1, 300, 1, 350, 350, 0, 350, '1'),
(965, 419, 56, NULL, 1, 850, 1, 1200, 1200, 0, 1200, '1'),
(966, 419, 320, NULL, 1, 25, 1, 50, 50, 0, 50, '1'),
(967, 420, 456, NULL, 1, 850, 1, 1200, 1200, 0, 1200, '1'),
(968, 421, 16, NULL, 1, 500, 1, 700, 700, 0, 700, '1'),
(969, 421, 381, NULL, 1, 160, 1, 200, 200, 0, 200, '1'),
(970, 421, 382, NULL, 1, 100, 1, 150, 150, 0, 150, '1'),
(971, 421, 403, NULL, 1, 150, 1, 230, 230, 0, 230, '1'),
(972, 422, 220, NULL, 1, 800, 1, 1350, 1350, 0, 1350, '1'),
(973, 423, 318, NULL, 1, 400, 1, 520, 520, 0, 520, '1'),
(974, 423, 370, NULL, 1, 370, 1, 450, 450, 0, 450, '1'),
(975, 423, 522, NULL, 1, 560, 1, 900, 900, 0, 900, '1'),
(976, 424, 45, NULL, 1, 250, 1, 380, 380, 0, 380, '1'),
(977, 424, 108, NULL, 1, 250, 1, 350, 350, 0, 350, '1'),
(978, 425, 1, NULL, 1, 410, 1, 520, 520, 0, 520, '1'),
(979, 425, 2, NULL, 1, 600, 1, 850, 850, 0, 850, '1'),
(980, 425, 45, NULL, 1, 250, 1, 380, 380, 0, 380, '1'),
(981, 425, 464, NULL, 1, 520, 1, 780, 780, 0, 780, '1'),
(982, 426, 464, NULL, 1, 520, 1, 780, 780, 0, 780, '1'),
(983, 426, 48, NULL, 1, 120, 1, 170, 170, 0, 170, '1'),
(984, 427, 307, NULL, 1, 1150, 1, 1550, 1550, 0, 1550, '1'),
(985, 427, 98, NULL, 1, 420, 1, 550, 550, 0, 550, '1'),
(986, 427, 363, NULL, 1, 70, 1, 100, 100, 0, 100, '1'),
(987, 427, 9, NULL, 1, 40, 1, 75, 75, 0, 75, '1'),
(988, 427, 290, NULL, 1, 130, 1, 200, 200, 0, 200, '1'),
(989, 427, 242, NULL, 1, 315, 1, 400, 400, 0, 400, '1'),
(990, 427, 509, NULL, 1, 70, 3, 120, 360, 0, 360, '1'),
(991, 427, 236, NULL, 1, 265, 1, 350, 350, 0, 350, '1'),
(992, 427, 511, NULL, 1, 120, 1, 180, 180, 0, 180, '1'),
(993, 428, 500, NULL, 1, 300, 1, 470, 470, 0, 470, '1'),
(994, 428, 453, NULL, 1, 700, 1, 950, 950, 0, 950, '1'),
(995, 429, 45, NULL, 1, 250, 1, 380, 380, 0, 380, '1'),
(996, 429, 1, NULL, 1, 410, 1, 520, 520, 0, 520, '1'),
(997, 429, 496, NULL, 1, 260, 1, 480, 480, 0, 480, '1'),
(998, 429, 4, NULL, 1, 840, 1, 1250, 1250, 0, 1250, '1'),
(999, 429, 541, NULL, 1, 440, 1, 670, 670, 0, 670, '1'),
(1000, 430, 1, NULL, 1, 410, 1, 520, 520, 0, 520, '1'),
(1001, 431, 464, NULL, 1, 520, 2, 780, 1560, 0, 1560, '1'),
(1002, 431, 546, NULL, 1, 190, 1, 270, 270, 0, 270, '1'),
(1003, 431, 218, NULL, 1, 280, 1, 520, 520, 0, 520, '1'),
(1004, 431, 2, NULL, 1, 600, 2, 850, 1700, 0, 1700, '1'),
(1005, 431, 390, NULL, 1, 950, 1, 1350, 1350, 0, 1350, '1'),
(1006, 432, 20, NULL, 1, 650, 1, 950, 950, 0, 950, '1'),
(1007, 432, 200, NULL, 1, 100, 1, 180, 180, 0, 180, '1'),
(1008, 432, 431, NULL, 1, 1200, 1, 1750, 1750, 0, 1750, '1'),
(1009, 433, 496, NULL, 1, 260, 1, 480, 480, 0, 480, '1'),
(1010, 433, 218, NULL, 1, 280, 1, 520, 520, 0, 520, '1'),
(1011, 433, 539, NULL, 1, 360, 1, 620, 620, 0, 620, '1'),
(1012, 434, 309, NULL, 1, 450, 1, 550, 550, 0, 550, '1'),
(1013, 435, 522, NULL, 1, 560, 1, 900, 900, 0, 900, '1'),
(1014, 435, 22, NULL, 1, 650, 1, 1200, 1200, 0, 1200, '1'),
(1015, 436, 233, NULL, 1, 900, 1, 1250, 1250, 0, 1250, '1'),
(1016, 436, 392, NULL, 1, 700, 1, 1050, 1050, 0, 1050, '1'),
(1017, 436, 538, NULL, 1, 350, 2, 580, 1160, 0, 1160, '1'),
(1018, 436, 555, NULL, 1, 950, 1, 1370, 1370, 0, 1370, '1'),
(1019, 437, 397, NULL, 1, 1200, 1, 1580, 1580, 0, 1580, '1'),
(1020, 437, 9, NULL, 1, 40, 1, 75, 75, 0, 75, '1'),
(1021, 438, 396, NULL, 1, 800, 1, 1150, 1150, 0, 1150, '1'),
(1022, 438, 372, NULL, 1, 600, 1, 750, 750, 0, 750, '1'),
(1023, 438, 464, NULL, 1, 520, 1, 780, 780, 0, 780, '1'),
(1024, 439, 556, NULL, 1, 500, 5, 650, 2900, 0, 2900, '1'),
(1025, 439, 557, NULL, 1, 500, 1, 750, 650, 0, 650, '1'),
(1026, 440, 428, NULL, 1, 1000, 1, 1400, 1400, 0, 1400, '1'),
(1027, 441, 30, NULL, 1, 350, 1, 500, 500, 0, 500, '1'),
(1028, 441, 1, NULL, 1, 410, 1, 520, 520, 0, 520, '1'),
(1029, 441, 47, NULL, 1, 150, 1, 250, 250, 0, 250, '1'),
(1030, 441, 32, NULL, 1, 600, 1, 950, 950, 0, 950, '1'),
(1031, 442, 428, NULL, 1, 1000, 3, 1400, 4200, 0, 4200, '1'),
(1032, 442, 502, NULL, 1, 370, 1, 650, 650, 0, 650, '1'),
(1033, 442, 2, NULL, 1, 600, 1, 850, 850, 0, 850, '1'),
(1034, 442, 52, NULL, 1, 300, 2, 350, 700, 0, 700, '1'),
(1035, 442, 288, NULL, 1, 60, 1, 120, 120, 0, 120, '1'),
(1036, 442, 214, NULL, 1, 130, 1, 200, 200, 0, 200, '1'),
(1037, 442, 490, NULL, 1, 160, 1, 280, 280, 0, 280, '1'),
(1038, 443, 61, NULL, 1, 440, 1, 550, 550, 0, 550, '1'),
(1039, 444, 46, NULL, 1, 370, 4, 450, 1800, 0, 1800, '1'),
(1040, 444, 1, NULL, 1, 410, 1, 520, 520, 0, 520, '1'),
(1041, 444, 136, NULL, 1, 450, 1, 750, 750, 0, 750, '1'),
(1042, 445, 572, NULL, 1, 200, 2, 280, 560, 0, 560, '1'),
(1043, 445, 16, NULL, 1, 500, 1, 700, 700, 0, 700, '1'),
(1044, 445, 142, NULL, 1, 280, 1, 350, 350, 0, 350, '1'),
(1045, 445, 594, NULL, 1, 150, 1, 250, 250, 0, 250, '1'),
(1046, 445, 571, NULL, 1, 220, 2, 280, 560, 0, 560, '1'),
(1047, 445, 1, NULL, 1, 410, 1, 520, 520, 0, 520, '1'),
(1048, 446, 46, NULL, 1, 370, 3, 450, 1350, 0, 1350, '1'),
(1049, 447, 46, NULL, 1, 370, 1, 450, 450, 0, 450, '1'),
(1050, 448, 46, NULL, 1, 370, 2, 450, 900, 0, 900, '1'),
(1051, 450, 46, NULL, 1, 370, 1, 450, 450, 0, 450, '1'),
(1052, 451, 46, NULL, 1, 370, 1, 450, 450, 0, 450, '1'),
(1053, 452, 46, NULL, 1, 370, 1, 450, 450, 0, 450, '1'),
(1054, 453, 46, NULL, 1, 370, 7, 450, 3150, 0, 3150, '1'),
(1055, 454, 541, NULL, 1, 440, 1, 670, 670, 0, 670, '1'),
(1056, 455, 1, NULL, 1, 410, 1, 520, 520, 0, 520, '1'),
(1057, 456, 332, NULL, 1, 1500, 1, 2200, 2200, 0, 2200, '1'),
(1058, 457, 433, NULL, 1, 1100, 1, 1650, 1650, 0, 1650, '1'),
(1059, 457, 510, NULL, 1, 100, 1, 150, 150, 0, 150, '1'),
(1060, 458, 32, NULL, 1, 600, 1, 950, 950, 0, 950, '1'),
(1061, 459, 33, NULL, 1, 950, 1, 1350, 1350, 0, 1350, '1'),
(1062, 460, 666, NULL, 1, 570, 1, 820, 820, 0, 820, '1'),
(1063, 460, 32, NULL, 1, 600, 1, 950, 950, 0, 950, '1'),
(1064, 460, 548, NULL, 1, 1000, 1, 1350, 1350, 0, 1350, '1'),
(1065, 461, 46, NULL, 1, 370, 1, 450, 450, 0, 450, '1'),
(1066, 462, 479, NULL, 1, 120, 2, 180, 360, 0, 360, '1'),
(1067, 462, 290, NULL, 1, 130, 1, 200, 200, 0, 200, '1'),
(1068, 462, 288, NULL, 1, 60, 2, 120, 240, 0, 240, '1'),
(1069, 462, 474, NULL, 1, 25, 2, 50, 100, 0, 100, '1'),
(1070, 463, 16, NULL, 1, 500, 1, 700, 700, 0, 700, '1'),
(1071, 464, 433, NULL, 1, 1100, 1, 1650, 1650, 0, 1650, '1'),
(1072, 464, 72, NULL, 1, 100, 1, 150, 150, 0, 150, '1'),
(1073, 464, 327, NULL, 1, 30, 1, 60, 60, 0, 60, '1'),
(1074, 464, 392, NULL, 1, 700, 1, 1050, 1050, 0, 1050, '1'),
(1075, 464, 372, NULL, 1, 600, 1, 750, 750, 0, 750, '1'),
(1076, 464, 518, NULL, 1, 180, 2, 280, 560, 0, 560, '1'),
(1077, 464, 326, NULL, 1, 25, 1, 40, 40, 0, 40, '1'),
(1078, 465, 218, NULL, 1, 280, 1, 520, 520, 0, 520, '1'),
(1079, 466, 109, NULL, 1, 630, 1, 730, 730, 0, 730, '1'),
(1080, 467, 567, NULL, 1, 180, 1, 280, 280, 0, 280, '1'),
(1081, 467, 288, NULL, 1, 60, 1, 120, 120, 0, 120, '1'),
(1082, 467, 636, NULL, 1, 120, 1, 150, 150, 0, 150, '1'),
(1083, 468, 22, NULL, 1, 850, 1, 1200, 1200, 0, 1200, '1'),
(1084, 469, 72, NULL, 1, 100, 1, 150, 150, 0, 150, '1'),
(1085, 469, 392, NULL, 1, 700, 1, 1050, 1050, 0, 1050, '1'),
(1086, 470, 372, NULL, 1, 600, 1, 750, 750, 0, 750, '1'),
(1087, 471, 529, NULL, 1, 400, 1, 550, 550, 0, 550, '1'),
(1088, 471, 233, NULL, 1, 900, 1, 1250, 1250, 0, 1250, '1'),
(1089, 471, 288, NULL, 1, 60, 1, 120, 120, 0, 120, '1'),
(1090, 471, 478, NULL, 1, 100, 1, 150, 150, 0, 150, '1'),
(1091, 472, 397, NULL, 1, 1200, 1, 1580, 1580, 0, 1580, '1'),
(1092, 473, 397, NULL, 1, 1200, 1, 1580, 1580, 0, 1580, '1'),
(1093, 474, 233, NULL, 1, 900, 1, 1250, 1250, 0, 1250, '1'),
(1094, 475, 46, NULL, 1, 370, 1, 450, 450, 0, 450, '1'),
(1095, 476, 46, NULL, 1, 370, 1, 450, 450, 0, 450, '1'),
(1096, 477, 372, NULL, 1, 600, 1, 750, 750, 0, 750, '1'),
(1097, 478, 213, NULL, 1, 170, 2, 320, 640, 0, 640, '1'),
(1098, 478, 496, NULL, 1, 260, 1, 480, 480, 0, 480, '1'),
(1099, 478, 218, NULL, 1, 280, 2, 520, 1040, 0, 1040, '1'),
(1100, 479, 233, NULL, 1, 900, 1, 1250, 1250, 0, 1250, '1'),
(1101, 480, 521, NULL, 1, 570, 1, 800, 800, 0, 800, '1'),
(1102, 481, 397, NULL, 1, 1200, 1, 1580, 1580, 0, 1580, '1'),
(1103, 482, 667, NULL, 1, 350, 1, 490, 490, 0, 490, '1'),
(1104, 483, 519, NULL, 1, 620, 1, 950, 950, 0, 950, '1'),
(1105, 483, 233, NULL, 1, 900, 1, 1250, 1250, 0, 1250, '1'),
(1106, 484, 519, NULL, 1, 620, 1, 950, 950, 0, 950, '1'),
(1107, 485, 668, NULL, 1, 900, 1, 1350, 1350, 0, 1350, '1'),
(1108, 485, 136, NULL, 1, 450, 1, 750, 750, 0, 750, '1'),
(1109, 486, 668, NULL, 1, 900, 1, 1350, 1350, 0, 1350, '1'),
(1110, 487, 719, NULL, 1, 60, 1, 100, 100, 0, 100, '1'),
(1111, 487, 718, NULL, 1, 50, 1, 120, 120, 0, 120, '1'),
(1112, 488, 519, NULL, 1, 620, 1, 950, 950, 0, 950, '1'),
(1113, 489, 692, NULL, 1, 410, 1, 590, 590, 0, 590, '1'),
(1114, 489, 688, NULL, 1, 410, 1, 590, 590, 0, 590, '1'),
(1115, 490, 714, NULL, 1, 190, 1, 340, 340, 0, 340, '1'),
(1116, 490, 214, NULL, 1, 100, 1, 150, 150, 0, 150, '1'),
(1117, 490, 553, NULL, 1, 650, 1, 870, 870, 0, 870, '1'),
(1118, 491, 711, NULL, 1, 200, 1, 320, 320, 0, 320, '1'),
(1119, 491, 709, NULL, 1, 450, 1, 750, 750, 0, 750, '1'),
(1120, 491, 644, NULL, 1, 1100, 1, 1350, 1350, 0, 1350, '1'),
(1121, 491, 329, NULL, 1, 50, 1, 80, 80, 0, 80, '1'),
(1122, 491, 339, NULL, 1, 80, 1, 120, 120, 0, 120, '1'),
(1123, 492, 670, NULL, 1, 750, 1, 1080, 1080, 0, 1080, '1'),
(1124, 493, 753, NULL, 1, 400, 2, 680, 1360, 0, 1360, '1'),
(1125, 493, 233, NULL, 1, 900, 1, 1250, 1250, 0, 1250, '1'),
(1126, 494, 32, NULL, 1, 600, 1, 950, 950, 0, 950, '1'),
(1127, 494, 479, NULL, 1, 120, 1, 180, 180, 0, 180, '1'),
(1128, 495, 327, NULL, 1, 30, 2, 60, 120, 0, 120, '1'),
(1129, 495, 670, NULL, 1, 750, 1, 1080, 1080, 0, 1080, '1'),
(1130, 495, 71, NULL, 1, 350, 1, 450, 450, 0, 450, '1'),
(1131, 495, 516, NULL, 1, 140, 1, 220, 220, 0, 220, '1'),
(1132, 495, 518, NULL, 1, 180, 1, 280, 280, 0, 280, '1'),
(1133, 495, 484, NULL, 1, 200, 1, 350, 350, 0, 350, '1'),
(1134, 495, 482, NULL, 1, 160, 1, 280, 280, 0, 280, '1'),
(1135, 495, 474, NULL, 1, 25, 2, 50, 100, 0, 100, '1'),
(1136, 495, 476, NULL, 1, 70, 1, 100, 100, 0, 100, '1'),
(1137, 495, 711, NULL, 1, 200, 1, 320, 320, 0, 320, '1'),
(1138, 495, 479, NULL, 1, 120, 2, 180, 360, 0, 360, '1'),
(1139, 495, 329, NULL, 1, 50, 1, 80, 80, 0, 80, '1'),
(1140, 495, 429, NULL, 1, 1150, 1, 1450, 1450, 0, 1450, '1'),
(1141, 495, 644, NULL, 1, 1100, 1, 1350, 1350, 0, 1350, '1'),
(1142, 495, 232, NULL, 1, 800, 1, 950, 950, 0, 950, '1'),
(1143, 496, 32, NULL, 1, 600, 1, 950, 950, 0, 950, '1'),
(1144, 496, 232, NULL, 1, 800, 2, 950, 1900, 0, 1900, '1'),
(1145, 496, 754, NULL, 1, 1200, 1, 1650, 1650, 0, 1650, '1'),
(1146, 496, 670, NULL, 1, 750, 2, 1080, 2160, 0, 2160, '1'),
(1147, 496, 724, NULL, 1, 110, 1, 180, 180, 0, 180, '1'),
(1148, 496, 209, NULL, 1, 380, 1, 650, 650, 0, 650, '1'),
(1149, 497, 61, NULL, 1, 440, 1, 550, 550, 0, 550, '1'),
(1150, 497, 135, NULL, 1, 50, 1, 75, 75, 0, 75, '1'),
(1151, 497, 136, NULL, 1, 450, 1, 750, 750, 0, 750, '1'),
(1152, 498, 136, NULL, 1, 450, 1, 750, 750, 0, 750, '1'),
(1153, 499, 299, NULL, 1, 450, 1, 650, 650, 0, 650, '1'),
(1154, 499, 61, NULL, 1, 440, 1, 550, 550, 0, 550, '1'),
(1155, 499, 479, NULL, 1, 120, 2, 180, 360, 0, 360, '1'),
(1156, 500, 32, NULL, 1, 600, 1, 950, 950, 0, 950, '1'),
(1157, 501, 197, NULL, 1, 410, 2, 550, 1100, 0, 1100, '1'),
(1158, 501, 552, NULL, 1, 1000, 1, 1420, 1420, 0, 1420, '1'),
(1159, 502, 754, NULL, 1, 1200, 1, 1650, 1650, 0, 1650, '1'),
(1160, 503, 709, NULL, 1, 450, 2, 750, 1500, 0, 1500, '1'),
(1161, 503, 524, NULL, 1, 250, 2, 390, 780, 0, 780, '1'),
(1162, 504, 299, NULL, 1, 450, 1, 650, 650, 0, 650, '1'),
(1163, 505, 669, NULL, 1, 600, 1, 980, 980, 0, 980, '1'),
(1164, 505, 510, NULL, 1, 100, 1, 150, 150, 0, 150, '1'),
(1165, 506, 56, NULL, 1, 850, 1, 1200, 1200, 0, 1200, '1'),
(1166, 506, 669, NULL, 1, 600, 1, 980, 980, 0, 980, '1'),
(1167, 507, 718, NULL, 1, 50, 1, 120, 120, 0, 120, '1'),
(1168, 508, 497, NULL, 1, 100, 1, 160, 160, 0, 160, '1'),
(1169, 508, 721, NULL, 1, 90, 1, 150, 150, 0, 150, '1'),
(1170, 509, 32, NULL, 1, 600, 1, 950, 950, 0, 950, '1'),
(1171, 510, 32, NULL, 1, 600, 1, 950, 950, 0, 950, '1'),
(1172, 511, 397, NULL, 1, 1200, 1, 1580, 1580, 0, 1580, '1'),
(1173, 511, 136, NULL, 1, 450, 1, 750, 750, 0, 750, '1'),
(1174, 512, 670, NULL, 1, 750, 1, 1080, 1080, 0, 1080, '1'),
(1175, 513, 397, NULL, 1, 1200, 1, 1580, 1580, 0, 1580, '1'),
(1176, 514, 765, NULL, 1, 450, 1, 680, 680, 0, 680, '1'),
(1177, 514, 479, NULL, 1, 120, 1, 180, 180, 0, 180, '1'),
(1178, 515, 754, NULL, 1, 1200, 1, 1650, 1650, 0, 1650, '1'),
(1179, 515, 339, NULL, 1, 80, 1, 120, 120, 0, 120, '1'),
(1180, 516, 718, NULL, 1, 50, 1, 120, 120, 0, 120, '1'),
(1181, 517, 207, NULL, 1, 330, 1, 620, 620, 0, 620, '1'),
(1182, 517, 514, NULL, 1, 100, 1, 130, 130, 0, 130, '1'),
(1183, 517, 719, NULL, 1, 60, 1, 100, 100, 0, 100, '1'),
(1184, 517, 339, NULL, 1, 80, 3, 120, 360, 0, 360, '1'),
(1185, 517, 481, NULL, 1, 150, 1, 250, 250, 0, 250, '1'),
(1186, 517, 645, NULL, 1, 220, 1, 320, 320, 0, 320, '1'),
(1187, 517, 513, NULL, 1, 150, 1, 200, 200, 0, 200, '1'),
(1188, 517, 478, NULL, 1, 100, 1, 150, 150, 0, 150, '1'),
(1189, 518, 61, NULL, 1, 440, 1, 550, 550, 0, 550, '1'),
(1190, 519, 206, NULL, 1, 330, 1, 580, 580, 0, 580, '1'),
(1191, 520, 670, NULL, 1, 750, 1, 1080, 1080, 0, 1080, '1'),
(1192, 521, 761, NULL, 1, 300, 1, 420, 420, 0, 420, '1'),
(1193, 521, 197, NULL, 1, 410, 3, 550, 1650, 0, 1650, '1'),
(1194, 522, 399, NULL, 1, 550, 1, 850, 850, 0, 850, '1'),
(1195, 522, 309, NULL, 1, 450, 1, 550, 550, 0, 550, '1'),
(1196, 523, 61, NULL, 1, 440, 1, 550, 550, 0, 550, '1'),
(1197, 524, 429, NULL, 1, 1150, 1, 1450, 1450, 0, 1450, '1'),
(1198, 524, 748, NULL, 1, 2450, 1, 3050, 3050, 0, 3050, '1'),
(1199, 524, 433, NULL, 1, 1100, 1, 1650, 1650, 0, 1650, '1'),
(1200, 525, 754, NULL, 1, 1200, 1, 1650, 1650, 0, 1650, '1'),
(1201, 526, 524, NULL, 1, 250, 1, 390, 390, 0, 390, '1'),
(1202, 526, 61, NULL, 1, 440, 1, 550, 550, 0, 550, '1'),
(1203, 527, 232, NULL, 1, 800, 1, 950, 950, 0, 950, '1'),
(1204, 527, 299, NULL, 1, 450, 1, 650, 650, 0, 650, '1'),
(1205, 527, 400, NULL, 1, 140, 2, 220, 440, 0, 440, '1'),
(1206, 527, 483, NULL, 1, 180, 1, 300, 300, 0, 300, '1'),
(1207, 528, 699, NULL, 1, 730, 1, 980, 980, 0, 980, '1'),
(1208, 528, 288, NULL, 1, 60, 2, 120, 240, 0, 240, '1'),
(1209, 529, 673, NULL, 1, 230, 1, 430, 430, 0, 430, '1'),
(1210, 529, 433, NULL, 1, 1100, 1, 1650, 1650, 0, 1650, '1'),
(1211, 529, 6, NULL, 1, 250, 1, 350, 350, 0, 350, '1'),
(1212, 529, 645, NULL, 1, 220, 1, 320, 320, 0, 320, '1'),
(1213, 530, 544, NULL, 1, 200, 1, 340, 340, 0, 340, '1'),
(1214, 531, 644, NULL, 1, 1100, 1, 1350, 1350, 0, 1350, '1'),
(1215, 532, 697, NULL, 1, 780, 2, 1050, 2100, 0, 2100, '1'),
(1216, 532, 381, NULL, 1, 160, 1, 200, 200, 0, 200, '1'),
(1217, 532, 765, NULL, 1, 450, 1, 680, 680, 0, 680, '1'),
(1218, 532, 759, NULL, 1, 220, 1, 350, 350, 0, 350, '1'),
(1219, 532, 288, NULL, 1, 60, 6, 120, 720, 0, 720, '1'),
(1220, 532, 289, NULL, 1, 50, 1, 100, 100, 0, 100, '1'),
(1221, 532, 285, NULL, 1, 90, 2, 150, 300, 0, 300, '1'),
(1222, 532, 670, NULL, 1, 750, 1, 1080, 1080, 0, 1080, '1'),
(1223, 532, 32, NULL, 1, 600, 1, 950, 950, 0, 950, '1'),
(1224, 533, 556, NULL, 1, 500, 1, 650, 650, 0, 650, '1'),
(1225, 533, 61, NULL, 1, 440, 1, 550, 550, 0, 550, '1'),
(1226, 534, 433, NULL, 1, 1100, 1, 1650, 1650, 0, 1650, '1'),
(1227, 534, 476, NULL, 1, 70, 1, 100, 100, 0, 100, '1'),
(1228, 535, 388, NULL, 1, 120, 1, 180, 180, 0, 180, '1'),
(1229, 536, 745, NULL, 1, 380, 1, 580, 580, 0, 580, '1'),
(1230, 537, 721, NULL, 1, 90, 2, 150, 300, 0, 300, '1'),
(1231, 538, 200, NULL, 1, 100, 1, 180, 180, 0, 180, '1'),
(1232, 538, 329, NULL, 1, 50, 1, 80, 80, 0, 80, '1'),
(1233, 539, 478, NULL, 1, 100, 2, 150, 300, 0, 300, '1'),
(1234, 539, 719, NULL, 1, 60, 1, 100, 100, 0, 100, '1'),
(1235, 540, 516, NULL, 1, 140, 1, 220, 220, 0, 220, '1'),
(1236, 541, 644, NULL, 1, 1100, 1, 1350, 1350, 0, 1350, '1'),
(1237, 541, 414, NULL, 1, 200, 1, 290, 290, 0, 290, '1'),
(1238, 542, 517, NULL, 1, 160, 1, 250, 250, 0, 250, '1'),
(1239, 543, 516, NULL, 1, 140, 1, 220, 220, 0, 220, '1'),
(1240, 543, 511, NULL, 1, 120, 1, 180, 180, 0, 180, '1'),
(1241, 544, 56, NULL, 1, 850, 1, 1200, 1200, 0, 1200, '1'),
(1242, 544, 755, NULL, 1, 170, 1, 200, 200, 0, 200, '1'),
(1243, 545, 767, NULL, 1, 600, 1, 870, 870, 0, 870, '1'),
(1244, 546, 761, NULL, 1, 300, 1, 420, 420, 0, 420, '1'),
(1245, 547, 392, NULL, 1, 700, 1, 1050, 1050, 0, 1050, '1'),
(1246, 548, 644, NULL, 1, 1100, 1, 1350, 1350, 0, 1350, '1'),
(1247, 549, 709, NULL, 1, 450, 1, 750, 750, 0, 750, '1'),
(1248, 549, 200, NULL, 1, 100, 1, 180, 180, 0, 180, '1'),
(1249, 550, 11, NULL, 1, 380, 1, 480, 480, 0, 480, '1'),
(1250, 550, 740, NULL, 1, 210, 1, 300, 300, 0, 300, '1'),
(1251, 550, 127, NULL, 1, 70, 1, 120, 120, 0, 120, '1'),
(1252, 550, 537, NULL, 1, 280, 1, 350, 350, 0, 350, '1'),
(1253, 550, 285, NULL, 1, 90, 1, 150, 150, 0, 150, '1'),
(1254, 551, 581, NULL, 1, 270, 1, 350, 350, 0, 350, '1'),
(1255, 551, 609, NULL, 1, 200, 1, 250, 250, 0, 250, '1'),
(1256, 552, 519, NULL, 1, 620, 1, 950, 950, 0, 950, '1'),
(1257, 553, 777, NULL, 1, 120, 1, 220, 220, 0, 220, '1'),
(1258, 554, 669, NULL, 1, 600, 1, 980, 980, 0, 980, '1'),
(1259, 555, 325, NULL, 1, 700, 1, 950, 950, 0, 950, '1'),
(1260, 556, 197, NULL, 1, 410, 1, 550, 550, 0, 550, '1'),
(1261, 557, 32, NULL, 1, 600, 1, 950, 950, 0, 950, '1'),
(1262, 558, 32, NULL, 1, 600, 2, 950, 1900, 0, 1900, '1'),
(1263, 559, 332, NULL, 1, 1500, 1, 2200, 2200, 0, 2200, '1'),
(1264, 560, 709, NULL, 1, 450, 1, 750, 750, 0, 750, '1'),
(1265, 560, 319, NULL, 1, 120, 1, 150, 150, 0, 150, '1'),
(1266, 560, 331, NULL, 1, 420, 1, 550, 550, 0, 550, '1'),
(1267, 561, 418, NULL, 1, 100, 2, 150, 300, 0, 300, '1'),
(1268, 561, 795, NULL, 1, 200, 1, 290, 290, 0, 290, '1'),
(1269, 561, 320, NULL, 1, 25, 2, 50, 100, 0, 100, '1'),
(1270, 561, 327, NULL, 1, 30, 1, 60, 60, 0, 60, '1'),
(1271, 562, 285, NULL, 1, 90, 1, 150, 150, 0, 150, '1'),
(1272, 563, 392, NULL, 1, 700, 1, 1050, 1050, 0, 1050, '1'),
(1273, 563, 397, NULL, 1, 1200, 1, 1580, 1580, 0, 1580, '1'),
(1274, 563, 299, NULL, 1, 450, 1, 650, 650, 0, 650, '1'),
(1275, 563, 753, NULL, 1, 400, 2, 680, 1360, 0, 1360, '1'),
(1276, 563, 412, NULL, 1, 180, 1, 250, 250, 0, 250, '1'),
(1277, 563, 793, NULL, 1, 30, 1, 50, 50, 0, 50, '1'),
(1278, 564, 409, NULL, 1, 200, 1, 290, 290, 0, 290, '1'),
(1279, 565, 190, NULL, 1, 100, 1, 150, 150, 0, 150, '1'),
(1280, 566, 667, NULL, 1, 350, 1, 490, 490, 0, 490, '1'),
(1281, 566, 285, NULL, 1, 90, 1, 150, 150, 0, 150, '1'),
(1282, 567, 299, NULL, 1, 450, 1, 650, 650, 0, 650, '1'),
(1283, 567, 224, NULL, 1, 450, 1, 680, 680, 0, 680, '1'),
(1284, 568, 164, NULL, 1, 150, 1, 240, 240, 0, 240, '1'),
(1285, 569, 2, NULL, 1, 600, 1, 850, 850, 0, 850, '1'),
(1286, 570, 224, NULL, 1, 450, 1, 680, 680, 0, 680, '1'),
(1287, 571, 180, NULL, 1, 1150, 1, 1280, 1280, 0, 1280, '1'),
(1288, 571, 524, NULL, 1, 250, 1, 390, 390, 0, 390, '1'),
(1289, 571, 718, NULL, 1, 50, 1, 120, 120, 0, 120, '1'),
(1290, 572, 397, NULL, 1, 1200, 1, 1580, 1580, 0, 1580, '1'),
(1291, 572, 544, NULL, 1, 200, 1, 340, 340, 0, 340, '1'),
(1292, 572, 412, NULL, 1, 180, 1, 250, 250, 0, 250, '1'),
(1293, 572, 163, NULL, 1, 90, 1, 160, 160, 0, 160, '1'),
(1294, 572, 288, NULL, 1, 60, 1, 120, 120, 0, 120, '1'),
(1295, 572, 724, NULL, 1, 110, 1, 180, 180, 0, 180, '1'),
(1296, 573, 669, NULL, 1, 600, 1, 980, 980, 0, 980, '1'),
(1297, 573, 232, NULL, 1, 800, 1, 950, 950, 0, 950, '1'),
(1298, 574, 186, NULL, 1, 750, 1, 1150, 1150, 0, 1150, '1'),
(1299, 574, 668, NULL, 1, 900, 1, 1350, 1350, 0, 1350, '1'),
(1300, 574, 392, NULL, 1, 700, 1, 1050, 1050, 0, 1050, '1'),
(1301, 575, 720, NULL, 1, 30, 2, 75, 150, 0, 150, '1'),
(1302, 575, 719, NULL, 1, 60, 2, 100, 200, 0, 200, '1'),
(1303, 576, 369, NULL, 1, 600, 1, 980, 980, 0, 980, '1'),
(1304, 576, 519, NULL, 1, 620, 1, 950, 950, 0, 950, '1'),
(1305, 576, 214, NULL, 1, 100, 1, 150, 150, 0, 150, '1'),
(1306, 576, 233, NULL, 1, 900, 1, 1250, 1250, 0, 1250, '1'),
(1307, 577, 307, NULL, 1, 999, 1, 1550, 1550, 0, 1550, '1'),
(1308, 578, 810, NULL, 1, 1600, 1, 2050, 2050, 0, 2050, '1'),
(1309, 579, 196, NULL, 1, 450, 1, 600, 600, 0, 600, '1'),
(1310, 579, 197, NULL, 1, 410, 1, 550, 550, 0, 550, '1');

-- --------------------------------------------------------

--
-- Table structure for table `cart_item_return`
--

CREATE TABLE `cart_item_return` (
  `cart_item_return_id` int(11) NOT NULL,
  `login_id` int(11) DEFAULT NULL,
  `cart_id` int(11) DEFAULT NULL,
  `cart_item_id` int(11) NOT NULL,
  `received_by_id` int(11) DEFAULT NULL,
  `reason_of_return` varchar(128) DEFAULT NULL,
  `total_amount` varchar(128) DEFAULT NULL,
  `non_refundable_vat` varchar(128) DEFAULT NULL,
  `refund_amount` varchar(128) DEFAULT NULL,
  `return_date` varchar(32) DEFAULT NULL,
  `authorized_by` int(11) DEFAULT NULL,
  `authorize_date` varchar(32) DEFAULT NULL,
  `return_status` varchar(11) DEFAULT NULL
) ENGINE=InnoDB DEFAULT CHARSET=latin1 COLLATE=latin1_swedish_ci;

-- --------------------------------------------------------

--
-- Table structure for table `cart_payment_information`
--

CREATE TABLE `cart_payment_information` (
  `payment_id` int(11) NOT NULL,
  `cart_id` int(11) NOT NULL,
  `payment_method_id` int(11) NOT NULL,
  `paid_amount` float NOT NULL,
  `balance_amount` float NOT NULL,
  `is_verified` int(11) NOT NULL DEFAULT 0
) ENGINE=InnoDB DEFAULT CHARSET=latin1 COLLATE=latin1_swedish_ci;

-- --------------------------------------------------------

--
-- Table structure for table `cart_payment_methods`
--

CREATE TABLE `cart_payment_methods` (
  `payment_method_id` int(11) NOT NULL,
  `payment_method` varchar(64) NOT NULL,
  `payment_method_symbol` varchar(16) NOT NULL,
  `payment_method_charge` float NOT NULL,
  `is_verified` int(11) NOT NULL
) ENGINE=InnoDB DEFAULT CHARSET=latin1 COLLATE=latin1_swedish_ci;

--
-- Dumping data for table `cart_payment_methods`
--

INSERT INTO `cart_payment_methods` (`payment_method_id`, `payment_method`, `payment_method_symbol`, `payment_method_charge`, `is_verified`) VALUES
(1, 'Cash on Delivery', 'CoD', 0, 1),
(3, 'Pay Using Redeem Points', 'RP', 0, 1);

-- --------------------------------------------------------

--
-- Table structure for table `cart_temporary`
--

CREATE TABLE `cart_temporary` (
  `temp_cart_id` int(11) NOT NULL,
  `temporary_consumer_id` int(11) DEFAULT NULL,
  `consumer_id` int(11) DEFAULT NULL,
  `create_date` varchar(32) DEFAULT NULL,
  `from_ip` varchar(15) DEFAULT NULL,
  `created_by` int(11) NOT NULL,
  `table_no` varchar(32) DEFAULT NULL,
  `waiter_id` int(11) DEFAULT NULL,
  `expected_delivery_date` varchar(32) DEFAULT NULL,
  `sales_type` int(11) NOT NULL DEFAULT 1,
  `is_suspended` int(11) DEFAULT NULL
) ENGINE=InnoDB DEFAULT CHARSET=latin1 COLLATE=latin1_swedish_ci;

--
-- Dumping data for table `cart_temporary`
--

INSERT INTO `cart_temporary` (`temp_cart_id`, `temporary_consumer_id`, `consumer_id`, `create_date`, `from_ip`, `created_by`, `table_no`, `waiter_id`, `expected_delivery_date`, `sales_type`, `is_suspended`) VALUES
(454, 86902, NULL, '2023-06-17 16:27:58', '103.204.210.72', 3, NULL, NULL, NULL, 1, 0),
(464, 7852, NULL, '2023-08-01 05:57:20', '118.179.44.49', 2, '1', 1, NULL, 1, 1),
(490, 18472, NULL, '2023-09-20 05:15:24', '118.179.190.242', 2, NULL, NULL, NULL, 1, 0),
(600, 20397, NULL, '2024-02-08 12:41:23', '118.179.190.240', 8, NULL, NULL, NULL, 1, 0);

-- --------------------------------------------------------

--
-- Table structure for table `cart_temporary_items`
--

CREATE TABLE `cart_temporary_items` (
  `temp_cart_item_id` int(11) NOT NULL,
  `temp_cart_id` int(11) DEFAULT NULL,
  `product_id` int(11) DEFAULT NULL,
  `quantity` int(11) DEFAULT NULL,
  `total_discount` int(11) DEFAULT NULL,
  `size_id` int(11) DEFAULT NULL,
  `color_id` int(11) DEFAULT NULL,
  `temp_net_amount` float DEFAULT NULL,
  `vat` float DEFAULT 0
) ENGINE=InnoDB DEFAULT CHARSET=latin1 COLLATE=latin1_swedish_ci;

--
-- Dumping data for table `cart_temporary_items`
--

INSERT INTO `cart_temporary_items` (`temp_cart_item_id`, `temp_cart_id`, `product_id`, `quantity`, `total_discount`, `size_id`, `color_id`, `temp_net_amount`, `vat`) VALUES
(1121, 464, 625, 1, 0, NULL, NULL, 290, 0),
(1122, 464, 620, 1, 0, NULL, NULL, 250, 0),
(1123, 464, 636, 1, 0, NULL, NULL, 150, 0),
(1124, 464, 290, 4, 0, NULL, NULL, 800, 0),
(1125, 464, 629, 1, 0, NULL, NULL, 220, 0),
(1126, 464, 624, 1, 0, NULL, NULL, 250, 0),
(1127, 464, 612, 1, 0, NULL, NULL, 250, 0),
(1128, 464, 606, 1, 0, NULL, NULL, 250, 0),
(1129, 464, 610, 1, 0, NULL, NULL, 280, 0),
(1130, 464, 274, 1, 0, NULL, NULL, 190, 0),
(1131, 464, 631, 2, 0, NULL, NULL, 400, 0),
(1132, 464, 279, 1, 0, NULL, NULL, 180, 0),
(1133, 464, 611, 1, 0, NULL, NULL, 250, 0),
(1134, 464, 609, 1, 0, NULL, NULL, 250, 0);

-- --------------------------------------------------------

--
-- Table structure for table `cart_temporary_payment`
--

CREATE TABLE `cart_temporary_payment` (
  `cart_temporary_payment_id` int(11) NOT NULL,
  `cart_temporary_id` int(11) NOT NULL,
  `cart_temporary_total` int(32) NOT NULL,
  `discount_amount` int(32) NOT NULL,
  `total_payable` int(32) NOT NULL,
  `payment_method_id` int(32) NOT NULL,
  `paid_amount` int(32) NOT NULL,
  `due_amount` int(32) NOT NULL,
  `change_amount` int(32) NOT NULL,
  `vat` float DEFAULT 0
) ENGINE=InnoDB DEFAULT CHARSET=latin1 COLLATE=latin1_swedish_ci;

--
-- Dumping data for table `cart_temporary_payment`
--

INSERT INTO `cart_temporary_payment` (`cart_temporary_payment_id`, `cart_temporary_id`, `cart_temporary_total`, `discount_amount`, `total_payable`, `payment_method_id`, `paid_amount`, `due_amount`, `change_amount`, `vat`) VALUES
(2, 4, 1520, 0, 1520, 1, 1520, 0, 0, 0);

-- --------------------------------------------------------

--
-- Table structure for table `consumer_Login`
--

CREATE TABLE `consumer_Login` (
  `login_id` int(11) NOT NULL,
  `mobile_no` varchar(255) DEFAULT NULL
) ENGINE=InnoDB DEFAULT CHARSET=latin1 COLLATE=latin1_swedish_ci;

--
-- Dumping data for table `consumer_Login`
--

INSERT INTO `consumer_Login` (`login_id`, `mobile_no`) VALUES
(125, '01717810721'),
(126, '01516705104'),
(127, '01717006925'),
(128, '01941265499'),
(129, '01711970986'),
(130, '01712104770'),
(131, '0151670504'),
(132, '01902189808'),
(133, '01922652095'),
(134, '01700709727'),
(135, 'NO'),
(136, '00000000001'),
(137, '01718555579'),
(138, '01712709748'),
(139, '01636091964'),
(140, '01641923668'),
(141, '01902195367'),
(142, '01736655864'),
(143, '01922005252'),
(144, '01914406501'),
(145, '01714339566'),
(146, '01960012911'),
(147, '0177556009'),
(148, '01832647646'),
(149, '01911273750'),
(150, '01770574704'),
(151, '01749957086'),
(152, '01681818920'),
(153, '01611215757'),
(154, '01742912662'),
(155, '01878865402'),
(156, '01711355223'),
(157, '01711872250'),
(158, '01918596828'),
(159, '01815256195'),
(160, '01679503005'),
(161, '01721479508'),
(162, '01797598721'),
(163, '01762022178'),
(164, '01735806976'),
(165, '01610042589'),
(166, '01715225232'),
(167, '01740292617'),
(168, '01952810646'),
(169, '01945128722'),
(170, '01777556555'),
(171, '01747950410'),
(172, '01922160090'),
(173, '01921282949'),
(174, '01912939573'),
(175, '01515294472'),
(176, '01704028808'),
(177, '01950071753'),
(178, '01700822699'),
(179, '01710121985'),
(180, '01300529997'),
(181, '01403728431'),
(182, '01302716162'),
(183, '01712716162'),
(184, '01569128091'),
(185, '01924202020'),
(186, '01911950347'),
(187, '01743966730'),
(188, '01736515422'),
(189, '01624616277'),
(190, '01893603136'),
(191, '01728320470'),
(192, '01717008677'),
(193, '01991199875'),
(194, '01674691783'),
(195, '01637222737'),
(196, '01799337669'),
(197, '01711080078'),
(198, '01914143474'),
(199, '01985955700'),
(200, '01974744651'),
(201, '01911803739'),
(202, '01911098306'),
(203, '01986391000'),
(204, '01929073671'),
(205, '01929809338'),
(206, '01780231232'),
(207, '01717469636'),
(208, '01786698439'),
(209, '01318476369'),
(210, '01755904747'),
(211, '01736722929'),
(212, '01791314145'),
(213, '01610905042'),
(214, '01995135289'),
(215, '01712508390'),
(216, '01934037554'),
(217, '01632837007'),
(218, '01799403044'),
(219, '01918095548'),
(220, '01870415252'),
(221, '01402072572'),
(222, '01842422823'),
(223, '017120408940'),
(224, '01303995536'),
(225, '01873109960'),
(226, '01989257217'),
(227, '01778363419'),
(228, '01313786034'),
(229, '01626785078'),
(230, '01713382598'),
(231, '01931430427'),
(232, '01324199828'),
(233, '01521410488'),
(234, '01736519309'),
(235, '01948435651'),
(236, '01980072207'),
(237, '01954312614'),
(238, '01309665295'),
(239, '01986921857'),
(240, '01957164262'),
(241, '01795648685'),
(242, '01304568506'),
(243, '01636676767'),
(244, '01312399525'),
(245, '01401307024'),
(246, '01984104350'),
(247, '01878909821'),
(248, '01793372623'),
(249, '01313246935'),
(250, '01915318765'),
(251, '01979334005'),
(252, '01921730370'),
(253, '01711019341'),
(254, '01933557552'),
(255, '01817157253'),
(256, '01733790104'),
(257, '01929010459'),
(258, '01887812116'),
(259, '01956648782'),
(260, '01720601285'),
(261, '01979618558'),
(262, '01981021272'),
(263, '01757322055'),
(264, '01319772166'),
(265, '01730978283'),
(266, '01720003376'),
(267, '01980127226'),
(268, '01521410200'),
(269, '01777160088'),
(270, '01786480896'),
(271, '01300364143'),
(272, '01725756024'),
(273, '01689830099'),
(274, '01941234006'),
(275, '01911633224'),
(276, '01765283698'),
(277, '01711170497'),
(278, '01716469691'),
(279, '01718704969'),
(280, '01971550310'),
(281, '01322086956'),
(282, '01946665002'),
(283, '01910280786'),
(284, '01612332558'),
(285, '01799119807'),
(286, '01773354153'),
(287, '01952070240'),
(288, '01880018892'),
(289, '01960476762'),
(290, '01955343117'),
(291, '01783349651'),
(292, '01919471365'),
(293, '01731235058'),
(294, '01714670477'),
(295, '01534703121'),
(296, '01921154263'),
(297, '01711080075'),
(298, '01404711275'),
(299, '01738925404'),
(300, '01747400089'),
(301, '01835357090'),
(302, '01912050259'),
(303, '01948158476'),
(304, '01308523472'),
(305, '01911318519'),
(306, '01707696941'),
(307, '01722990839'),
(308, '01610469039'),
(309, '01710061215'),
(310, '01309668489'),
(311, '01400727317'),
(312, '01400853793'),
(313, '01930761140'),
(314, '01743134364'),
(315, '01751535167'),
(316, '01701034639'),
(317, '01313538983'),
(318, '01755882043'),
(319, '01722242035'),
(320, '01956602903'),
(321, '01636980151'),
(322, '01926326315'),
(323, '01922669824'),
(324, '01858698113'),
(325, '01765718704'),
(326, '01766415399'),
(327, '01867623133'),
(328, '01988597462'),
(329, '01768688652'),
(330, '01980450138'),
(331, '01728834431'),
(332, '01885454488'),
(333, '01992214841'),
(334, '019307611140'),
(335, '01646638943'),
(336, '01789913151'),
(337, '01742599862'),
(338, '01726333210'),
(339, '01711401254'),
(340, '01759558600'),
(341, '01732105489'),
(342, '01719667760'),
(343, '01715301107'),
(344, '01783930779'),
(345, '01938796085'),
(346, '01629456071'),
(347, '01934745921'),
(348, '01792193333'),
(349, '01719353011'),
(350, '01795925171'),
(351, '01727429219'),
(352, '01911059425'),
(353, '01953889687'),
(354, '01741030877'),
(355, '01861677895'),
(356, '01760894946'),
(357, '01761781294'),
(358, '01714067706'),
(359, '01795966339'),
(360, '01750921995'),
(361, '01914663740'),
(362, '01876803812'),
(363, '01780272299'),
(364, '01303771330'),
(365, '01921330756'),
(366, '01916480953'),
(367, '01716058450'),
(368, '01746924567'),
(369, '01689969695'),
(370, '01714479811'),
(371, '01783364642'),
(372, '01521412616'),
(373, '01944443701'),
(374, '01954252766'),
(375, '01711360307'),
(376, '01741277333'),
(377, '01790570424'),
(378, '01941055036'),
(379, '01754570713'),
(380, '01734646196'),
(381, '01705201348'),
(382, '01793783404'),
(383, '019288640'),
(384, '01710940727'),
(385, '01309030706'),
(386, '01708512380'),
(387, '01729778599'),
(388, '01719406496'),
(389, '01980467722'),
(390, '01718955055'),
(391, '01920111411'),
(392, '01775427070'),
(393, '01736727481'),
(394, '01680579119'),
(395, '01733309622'),
(396, '01743675655'),
(397, '01983871347'),
(398, '01911333502'),
(399, '01714553863'),
(400, '01712107527'),
(401, '01300200178'),
(402, '01716280166'),
(403, '01401037024'),
(404, '017129450330288'),
(405, '01791431213'),
(406, '01759041680'),
(407, '01779182247'),
(408, '01741536441'),
(409, '01756600991'),
(410, '01778141620'),
(411, '01600336949'),
(412, '01961973539'),
(413, '01775753957'),
(414, '01971440644'),
(415, '01959579974'),
(416, '01921147907'),
(417, '01757322022'),
(418, '01624933464'),
(419, '01996128320'),
(420, '01876803813'),
(421, '01711171970'),
(422, '01864082832'),
(423, '01715398621'),
(424, '01949207823'),
(425, '01521310735'),
(426, '01310947880'),
(427, '01711840716'),
(428, '01853466128'),
(429, '01962704498'),
(430, '01740291729'),
(431, '01982705910'),
(432, '01950629845'),
(433, '01533572313'),
(434, '01751052691'),
(435, '01979826989'),
(436, '01306357951'),
(437, '01911076609'),
(438, '01725260362'),
(439, '01743675644'),
(440, '0178921993'),
(441, '01907507093'),
(442, '01812004180'),
(443, '01983874347'),
(444, '01705723520'),
(445, '01747607307'),
(446, '0170626538'),
(447, '01712652099'),
(448, '01914266740'),
(449, '01756565891'),
(450, '01631666585'),
(451, '01959966259'),
(452, '01756623326'),
(453, '01756698453'),
(454, '01725881378'),
(455, '01731790704'),
(456, '01894756850'),
(457, '01303481377'),
(458, '01770855544'),
(459, '01759079200'),
(460, '01998902739'),
(461, '01925474046'),
(462, '01718370829'),
(463, '01792466550'),
(464, '01619189966'),
(465, '01731140884'),
(466, '01716674975'),
(467, '01300261906'),
(468, '01923756511'),
(469, '01790040617'),
(470, '01780164870'),
(471, '01646158011'),
(472, '01674162092'),
(473, '01328094903'),
(474, '01908508119'),
(475, '01718452831'),
(476, '01952866248'),
(477, '01734889131'),
(478, '01782644330'),
(479, '01755900139'),
(480, '01319326012'),
(481, '019123990504'),
(482, '017744479594'),
(483, '01786525777'),
(484, '01990095018'),
(485, '01853595203'),
(486, '01825208828'),
(487, '01610892015'),
(488, '01756946731'),
(489, '0163248500'),
(490, '01721708600'),
(491, '01758333533'),
(492, '01902517379'),
(493, '01743684812'),
(494, '01959805627'),
(495, '01918349725'),
(496, '01740407575'),
(497, '01842464908'),
(498, '01306440984'),
(499, '01881753593'),
(500, '01771851295'),
(501, '01728982096'),
(502, '01893292523'),
(503, '01531359006'),
(504, '01710774717'),
(505, '01710775775'),
(506, '01401212870'),
(507, '01998921350'),
(508, '01922872726'),
(509, '01732611124'),
(510, '01765799757'),
(511, '01756600914'),
(512, '01948512080'),
(513, '01978321638'),
(514, '01978018218'),
(515, '01719326394'),
(516, '01405606986'),
(517, '01715092904'),
(518, '01304914070'),
(519, '01906680914'),
(520, '01712116989'),
(521, '01937467516'),
(522, '01625247104'),
(523, '01576634503'),
(524, '01745807370'),
(525, '01796396767'),
(526, '01632436005'),
(527, '01914117543'),
(528, '01621214998'),
(529, '019422567962'),
(530, '01711212139'),
(531, '01914148726'),
(532, '01719769233'),
(533, '01401474340'),
(534, '01926316100'),
(535, '01581291633'),
(536, '01984703319'),
(537, '017034440633'),
(538, '01838396077'),
(539, '01736589526'),
(540, '01995633007'),
(541, '01788345185'),
(542, '01925687765'),
(543, '01733767613'),
(544, '01965781966'),
(545, '01939856315'),
(546, '01780232220'),
(547, '01742969505'),
(548, '01557463699'),
(549, '01634083358'),
(550, '01716600061'),
(551, '01303022964'),
(552, '01645702692'),
(553, '01797194346'),
(554, '01885432200'),
(555, '01716820346'),
(556, '01920513901'),
(557, '01834106312'),
(558, '01713166323'),
(559, '01321936134'),
(560, '01984289208'),
(561, '01521241313');

-- --------------------------------------------------------

--
-- Table structure for table `delivery_status_definition`
--

CREATE TABLE `delivery_status_definition` (
  `delivery_status_id` int(11) NOT NULL,
  `delivery_status` varchar(256) NOT NULL,
  `delivery_status_client` varchar(256) DEFAULT NULL,
  `delivery_status_symbol` varchar(16) NOT NULL,
  `is_active` int(11) NOT NULL DEFAULT 1
) ENGINE=InnoDB DEFAULT CHARSET=latin1 COLLATE=latin1_swedish_ci;

--
-- Dumping data for table `delivery_status_definition`
--

INSERT INTO `delivery_status_definition` (`delivery_status_id`, `delivery_status`, `delivery_status_client`, `delivery_status_symbol`, `is_active`) VALUES
(1, 'Cart Checked Out', 'Awaiting Order Placement', 'CCO', 1),
(2, 'Order Placed', 'Awaiting For Approval', 'OP', 1),
(3, 'Cart Accepted and escallated to Warehouse', 'Your order is being processed', 'CADW', 1),
(4, 'Waiting for Administrator Confirmation', 'Your order is being processed', 'WAC', 1),
(5, 'Waiting For Delivery Agency Confirmation', 'Your order is being processed', 'WAGF', 1),
(6, 'Parcel Handedover to delivery agent', 'Your order is on the way', 'PHTA', 1),
(7, 'Product Delivered and Payment Collected', 'Your order is delivered', 'PDPC', 1),
(8, 'Delivery Completted', 'Your order is delivered', 'DC', 1),
(9, 'Order Cancelled', 'Order Cancelled', 'DOC', 1);

-- --------------------------------------------------------

--
-- Table structure for table `final_stock_table`
--

CREATE TABLE `final_stock_table` (
  `stock_id` int(11) NOT NULL,
  `product_id` int(11) DEFAULT NULL,
  `total_purchased_quantity` float DEFAULT NULL,
  `total_sold_quantity` float DEFAULT NULL,
  `total_ordered_quantity` float DEFAULT NULL,
  `in_order_queue` float DEFAULT NULL,
  `temp_quantity` float DEFAULT NULL,
  `final_quantity` float DEFAULT NULL,
  `purchase_id` int(11) DEFAULT NULL
) ENGINE=InnoDB DEFAULT CHARSET=latin1 COLLATE=latin1_swedish_ci;

--
-- Dumping data for table `final_stock_table`
--

INSERT INTO `final_stock_table` (`stock_id`, `product_id`, `total_purchased_quantity`, `total_sold_quantity`, `total_ordered_quantity`, `in_order_queue`, `temp_quantity`, `final_quantity`, `purchase_id`) VALUES
(1, 1, NULL, 13, NULL, NULL, NULL, 147, NULL),
(2, 2, NULL, 12, NULL, NULL, NULL, 75, NULL),
(3, 3, NULL, NULL, NULL, NULL, NULL, 3, NULL),
(4, 4, NULL, 8, NULL, NULL, NULL, 32, NULL),
(5, 5, NULL, 5, NULL, NULL, NULL, 7, NULL),
(6, 6, NULL, 1, NULL, NULL, NULL, 39, NULL),
(7, 7, NULL, NULL, NULL, NULL, NULL, 8, NULL),
(8, 8, NULL, 3, NULL, NULL, NULL, 10, NULL),
(9, 9, NULL, 18, NULL, NULL, NULL, 54, NULL),
(10, 10, NULL, NULL, NULL, NULL, NULL, 0, NULL),
(11, 11, NULL, 5, NULL, NULL, NULL, 11, NULL),
(12, 12, NULL, 1, NULL, NULL, NULL, -1, NULL),
(13, 13, NULL, 2, NULL, NULL, NULL, 5, NULL),
(14, 14, NULL, 7, NULL, NULL, NULL, -2, NULL),
(15, 15, 0, 1, NULL, NULL, 0, 75, NULL),
(16, 16, 0, 8, NULL, NULL, 0, 31, NULL),
(17, 17, 0, 0, NULL, NULL, 0, 12, NULL),
(18, 18, 0, 0, NULL, NULL, 0, 10, NULL),
(19, 19, 0, 2, NULL, NULL, 0, 16, NULL),
(20, 20, 0, 2, NULL, NULL, 0, 3, NULL),
(21, 21, 0, 0, NULL, NULL, 0, 9, NULL),
(22, 22, 0, 12, NULL, NULL, 0, 32, NULL),
(23, 23, 0, 1, NULL, NULL, 0, 4, NULL),
(24, 24, 0, 0, NULL, NULL, 0, 22, NULL),
(25, 25, 0, 3, NULL, NULL, 0, 31, NULL),
(26, 26, 0, 1, NULL, NULL, 0, 33, NULL),
(27, 27, 0, 0, NULL, NULL, 0, 2, NULL),
(28, 28, 0, 0, NULL, NULL, 0, 8, NULL),
(29, 29, 0, 2, NULL, NULL, 0, 11, NULL),
(30, 30, 0, 1, NULL, NULL, 0, 65, NULL),
(31, 31, 0, 0, NULL, NULL, 0, 105, NULL),
(32, 32, 0, 13, NULL, NULL, 0, 42, NULL),
(33, 33, 0, 6, NULL, NULL, 0, 32, NULL),
(34, 34, 0, 6, NULL, NULL, 0, 9, NULL),
(35, 35, 0, 2, NULL, NULL, 0, 15, NULL),
(36, 36, 0, 0, NULL, NULL, 0, 12, NULL),
(37, 37, 0, 5, NULL, NULL, 0, -3, NULL),
(38, 38, 0, 2, NULL, NULL, 0, 103, NULL),
(39, 39, 0, 2, NULL, NULL, 0, 171, NULL),
(40, 40, 0, 0, NULL, NULL, 0, 7, NULL),
(41, 41, 0, 0, NULL, NULL, 0, 14, NULL),
(42, 42, 0, 1, NULL, NULL, 0, 69, NULL),
(43, 43, 0, 0, NULL, NULL, 0, 39, NULL),
(44, 44, 0, 3, NULL, NULL, 0, 6, NULL),
(45, 45, 0, 6, NULL, NULL, 0, 115, NULL),
(46, 46, 0, 24, NULL, NULL, 0, 205, NULL),
(47, 47, 0, 1, NULL, NULL, 0, 3, NULL),
(48, 48, 0, 1, NULL, NULL, 0, 23, NULL),
(49, 49, 0, 2, NULL, NULL, 0, 8, NULL),
(50, 50, 0, 1, NULL, NULL, 0, 5, NULL),
(51, 51, 0, 1, NULL, NULL, 0, 30, NULL),
(52, 52, 0, 9, NULL, NULL, 0, 91, NULL),
(53, 53, 0, 1, NULL, NULL, 0, 9, NULL),
(54, 54, 0, 0, NULL, NULL, 0, 68, NULL),
(55, 55, 0, 4, NULL, NULL, 0, 100, NULL),
(56, 56, 0, 7, NULL, NULL, 0, 17, NULL),
(57, 57, 0, 0, NULL, NULL, 0, 48, NULL),
(58, 58, 0, 0, NULL, NULL, 0, 7, NULL),
(59, 59, 0, 0, NULL, NULL, 0, 5, NULL),
(60, 60, 0, 1, NULL, NULL, 0, 20, NULL),
(61, 61, 0, 8, NULL, NULL, 0, 73, NULL),
(62, 62, 0, 0, NULL, NULL, 0, 7, NULL),
(63, 63, 0, 2, NULL, NULL, 0, 8, NULL),
(64, 64, 0, 1, NULL, NULL, 0, 4, NULL),
(65, 65, 0, 0, NULL, NULL, 0, 13, NULL),
(66, 66, 0, 0, NULL, NULL, 0, 5, NULL),
(67, 67, 0, 6, NULL, NULL, 0, 90, NULL),
(68, 68, 0, 0, NULL, NULL, 0, 4, NULL),
(69, 69, 0, 1, NULL, NULL, 0, 28, NULL),
(70, 70, 0, 2, NULL, NULL, 0, 2, NULL),
(71, 71, 0, 1, NULL, NULL, 0, 39, NULL),
(72, 72, 0, 3, NULL, NULL, 0, 37, NULL),
(73, 73, 0, 1, NULL, NULL, 0, 38, NULL),
(74, 74, 0, 0, NULL, NULL, 0, 12, NULL),
(75, 75, 0, 2, NULL, NULL, 0, 28, NULL),
(76, 76, 0, 5, NULL, NULL, 0, 11, NULL),
(77, 77, 0, 0, NULL, NULL, 0, 6, NULL),
(78, 78, 0, 1, NULL, NULL, 0, 11, NULL),
(79, 79, 0, 4, NULL, NULL, 0, 29, NULL),
(80, 80, 0, 0, NULL, NULL, 0, 3, NULL),
(81, 81, 0, 0, NULL, NULL, 0, 63, NULL),
(82, 82, 0, 0, NULL, NULL, 0, 3, NULL),
(83, 83, 0, 0, NULL, NULL, 0, 49, NULL),
(84, 84, 0, 0, NULL, NULL, 0, 25, NULL),
(85, 85, 0, 3, NULL, NULL, 0, 32, NULL),
(86, 86, 0, 2, NULL, NULL, 0, 13, NULL),
(87, 87, 0, 5, NULL, NULL, 0, 37, NULL),
(88, 88, 0, 3, NULL, NULL, 0, 4, NULL),
(89, 89, 0, 0, NULL, NULL, 0, 47, NULL),
(90, 90, 0, 2, NULL, NULL, 0, 11, NULL),
(91, 91, 0, 2, NULL, NULL, 0, 16, NULL),
(92, 92, 0, 7, NULL, NULL, 0, 55, NULL),
(93, 93, 0, 3, NULL, NULL, 0, 67, NULL),
(94, 94, 0, 0, NULL, NULL, 0, 10, NULL),
(95, 95, 0, 0, NULL, NULL, 0, 2, NULL),
(96, 96, 0, 2, NULL, NULL, 0, 2, NULL),
(97, 97, 0, 0, NULL, NULL, 0, 3, NULL),
(98, 98, 0, 1, NULL, NULL, 0, 5, NULL),
(99, 99, 0, 0, NULL, NULL, 0, 3, NULL),
(100, 100, 0, 1, NULL, NULL, 0, 2, NULL),
(101, 101, 0, 0, NULL, NULL, 0, 12, NULL),
(102, 102, 0, 0, NULL, NULL, 0, 25, NULL),
(103, 103, 0, 1, NULL, NULL, 0, 20, NULL),
(104, 104, 0, 0, NULL, NULL, 0, 13, NULL),
(105, 105, 0, 12, NULL, NULL, 0, 180, NULL),
(106, 106, 0, 0, NULL, NULL, 0, 3, NULL),
(107, 107, 0, 1, NULL, NULL, 0, 4, NULL),
(108, 108, 0, 4, NULL, NULL, 0, 3, NULL),
(109, 109, 0, 1, NULL, NULL, 0, 5, NULL),
(110, 110, 0, 0, NULL, NULL, 0, 6, NULL),
(111, 111, 0, 9, NULL, NULL, 0, 3, NULL),
(112, 112, 0, 1, NULL, NULL, 0, 3, NULL),
(113, 113, 0, 0, NULL, NULL, 0, 4, NULL),
(114, 114, 0, 0, NULL, NULL, 0, 3, NULL),
(115, 115, 0, 0, NULL, NULL, 0, 3, NULL),
(116, 116, 0, 0, NULL, NULL, 0, 3, NULL),
(117, 117, 0, 1, NULL, NULL, 0, 8, NULL),
(118, 118, 0, 0, NULL, NULL, 0, 16, NULL),
(119, 119, 0, 1, NULL, NULL, 0, 24, NULL),
(120, 120, 0, 3, NULL, NULL, 0, 84, NULL),
(121, 121, 0, 0, NULL, NULL, 0, 12, NULL),
(122, 122, 0, 1, NULL, NULL, 0, 14, NULL),
(123, 123, 0, 0, NULL, NULL, 0, 6, NULL),
(124, 124, 0, 0, NULL, NULL, 0, 3, NULL),
(125, 125, 0, 0, NULL, NULL, 0, 3, NULL),
(126, 126, 0, 1, NULL, NULL, 0, 5, NULL),
(127, 127, 0, 1, NULL, NULL, 0, 71, NULL),
(128, 128, 0, 5, NULL, NULL, 0, 26, NULL),
(129, 129, 0, 1, NULL, NULL, 0, 6, NULL),
(130, 130, 0, 2, NULL, NULL, 0, 7, NULL),
(131, 131, 0, 0, NULL, NULL, 0, 12, NULL),
(132, 132, 0, 5, NULL, NULL, 0, 30, NULL),
(133, 133, 0, 0, NULL, NULL, 0, 43, NULL),
(134, 134, 0, 2, NULL, NULL, 0, 3, NULL),
(135, 135, 0, 1, NULL, NULL, 0, 49, NULL),
(136, 136, 0, 7, NULL, NULL, 0, 90, NULL),
(137, 137, 0, 1, NULL, NULL, 0, 207, NULL),
(138, 138, 0, 1, NULL, NULL, 0, 11, NULL),
(139, 139, 0, 0, NULL, NULL, 0, 55, NULL),
(140, 140, 0, 1, NULL, NULL, 0, 8, NULL),
(141, 141, 0, 10, NULL, NULL, 0, 233, NULL),
(142, 142, 0, 1, NULL, NULL, 0, 13, NULL),
(143, 143, 0, 0, NULL, NULL, 0, 6, NULL),
(144, 144, 0, 3, NULL, NULL, 0, 5, NULL),
(145, 145, 0, 3, NULL, NULL, 0, 7, NULL),
(146, 146, 0, 0, NULL, NULL, 0, 33, NULL),
(147, 147, 0, 1, NULL, NULL, 0, 11, NULL),
(148, 148, 0, 8, NULL, NULL, 0, 15, NULL),
(149, 149, 0, 0, NULL, NULL, 0, 6, NULL),
(150, 150, 0, 0, NULL, NULL, 0, 6, NULL),
(151, 151, 0, 0, NULL, NULL, 0, 18, NULL),
(152, 152, 0, 0, NULL, NULL, 0, 3, NULL),
(153, 153, 0, 7, NULL, NULL, 0, 37, NULL),
(154, 154, 0, 2, NULL, NULL, 0, 18, NULL),
(155, 155, 0, 0, NULL, NULL, 0, 8, NULL),
(156, 156, 0, 1, NULL, NULL, 0, 9, NULL),
(157, 157, 0, 0, NULL, NULL, 0, 6, NULL),
(158, 158, 0, 0, NULL, NULL, 0, 6, NULL),
(159, 159, 0, 1, NULL, NULL, 0, 5, NULL),
(160, 160, 0, 0, NULL, NULL, 0, 50, NULL),
(161, 161, 0, 1, NULL, NULL, 0, 18, NULL),
(162, 162, 0, 2, NULL, NULL, 0, 14, NULL),
(163, 163, 0, 1, NULL, NULL, 0, 2, NULL),
(164, 164, 0, 3, NULL, NULL, 0, 2, NULL),
(165, 165, 0, 0, NULL, NULL, 0, 44, NULL),
(166, 166, 0, 0, NULL, NULL, 0, 3, NULL),
(167, 167, 0, 1, NULL, NULL, 0, 3, NULL),
(168, 168, 0, 0, NULL, NULL, 0, 3, NULL),
(169, 169, 0, 1, NULL, NULL, 0, 11, NULL),
(170, 170, 0, 0, NULL, NULL, 0, 7, NULL),
(171, 171, 0, 1, NULL, NULL, 0, 5, NULL),
(172, 172, 0, 3, NULL, NULL, 0, 6, NULL),
(173, 173, 0, 0, NULL, NULL, 0, 20, NULL),
(174, 174, 0, 0, NULL, NULL, 0, 3, NULL),
(175, 175, 0, 2, NULL, NULL, 0, 3, NULL),
(176, 176, 0, 0, NULL, NULL, 0, 23, NULL),
(177, 177, 0, 1, NULL, NULL, 0, 8, NULL),
(178, 178, 0, 4, NULL, NULL, 0, 12, NULL),
(179, 179, 0, 1, NULL, NULL, 0, 9, NULL),
(180, 180, 0, 2, NULL, NULL, 0, 7, NULL),
(181, 181, 0, 0, NULL, NULL, 0, 7, NULL),
(182, 182, 0, 3, NULL, NULL, 0, 10, NULL),
(183, 183, 0, 0, NULL, NULL, 0, 3, NULL),
(184, 184, 0, 0, NULL, NULL, 0, 9, NULL),
(185, 185, 0, 1, NULL, NULL, 0, 67, NULL),
(186, 186, 0, 3, NULL, NULL, 0, 41, NULL),
(187, 187, 0, 1, NULL, NULL, 0, 3, NULL),
(188, 188, 0, 3, NULL, NULL, 0, 3, NULL),
(189, 189, 0, 0, NULL, NULL, 0, 9, NULL),
(190, 190, 0, 2, NULL, NULL, 0, 2, NULL),
(191, 191, 0, 1, NULL, NULL, 0, 9, NULL),
(192, 192, 0, 0, NULL, NULL, 0, 30, NULL),
(193, 193, 0, 5, NULL, NULL, 0, 9, NULL),
(194, 194, 0, 1, NULL, NULL, 0, 8, NULL),
(195, 195, 0, 0, NULL, NULL, 0, 10, NULL),
(196, 196, 0, 4, NULL, NULL, 0, 17, NULL),
(197, 197, 0, 7, NULL, NULL, 0, 27, NULL),
(198, 198, 0, 8, NULL, NULL, 0, 20, NULL),
(199, 199, 0, 2, NULL, NULL, 0, 8, NULL),
(200, 200, 0, 19, NULL, NULL, 0, 81, NULL),
(201, 201, 0, 0, NULL, NULL, 0, 5, NULL),
(202, 202, 0, 0, NULL, NULL, 0, 12, NULL),
(203, 203, 0, 0, NULL, NULL, 0, 5, NULL),
(204, 204, 0, 1, NULL, NULL, 0, 3, NULL),
(205, 205, 0, 0, NULL, NULL, 0, 5, NULL),
(206, 206, 0, 1, NULL, NULL, 0, 10, NULL),
(207, 207, 0, 1, NULL, NULL, 0, 8, NULL),
(208, 208, 0, 0, NULL, NULL, 0, 6, NULL),
(209, 209, 0, 2, NULL, NULL, 0, 7, NULL),
(210, 210, 0, 7, NULL, NULL, 0, 17, NULL),
(211, 211, 0, 0, NULL, NULL, 0, 4, NULL),
(212, 212, 0, 0, NULL, NULL, 0, 6, NULL),
(213, 213, 0, 2, NULL, NULL, 0, 10, NULL),
(214, 214, 0, 19, NULL, NULL, 0, 46, NULL),
(215, 215, 0, 1, NULL, NULL, 0, 6, NULL),
(216, 216, 0, 0, NULL, NULL, 0, 6, NULL),
(217, 217, 0, 1, NULL, NULL, 0, 25, NULL),
(218, 218, 0, 5, NULL, NULL, 0, 22, NULL),
(219, 219, 0, 15, NULL, NULL, 0, 37, NULL),
(220, 220, 0, 5, NULL, NULL, 0, 5, NULL),
(221, 221, 0, 2, NULL, NULL, 0, 4, NULL),
(222, 222, 0, 3, NULL, NULL, 0, 11, NULL),
(223, 223, 0, 1, NULL, NULL, 0, 2, NULL),
(224, 224, 0, 5, NULL, NULL, 0, 33, NULL),
(225, 225, 0, 0, NULL, NULL, 0, 30, NULL),
(226, 226, 0, 0, NULL, NULL, 0, 20, NULL),
(227, 227, 0, 0, NULL, NULL, 0, 22, NULL),
(228, 228, 0, 5, NULL, NULL, 0, 31, NULL),
(229, 229, 0, 2, NULL, NULL, 0, 18, NULL),
(230, 230, 0, 0, NULL, NULL, 0, 19, NULL),
(231, 231, 0, 0, NULL, NULL, 0, 49, NULL),
(232, 232, 0, 7, NULL, NULL, 0, 18, NULL),
(233, 233, 0, 15, NULL, NULL, 0, 51, NULL),
(234, 234, 0, 0, NULL, NULL, 0, 6, NULL),
(235, 235, 0, 7, NULL, NULL, 0, 12, NULL),
(236, 236, 0, 5, NULL, NULL, 0, 19, NULL),
(237, 237, 0, 1, NULL, NULL, 0, 7, NULL),
(238, 238, 0, 0, NULL, NULL, 0, 8, NULL),
(239, 239, 0, 0, NULL, NULL, 0, 6, NULL),
(240, 240, 0, 1, NULL, NULL, 0, 5, NULL),
(241, 241, 0, 3, NULL, NULL, 0, 9, NULL),
(242, 242, 0, 2, NULL, NULL, 0, 4, NULL),
(243, 243, 0, 0, NULL, NULL, 0, 12, NULL),
(244, 244, 0, 0, NULL, NULL, 0, 4, NULL),
(245, 245, 0, 0, NULL, NULL, 0, 4, NULL),
(246, 246, 0, 0, NULL, NULL, 0, 4, NULL),
(247, 247, 0, 1, NULL, NULL, 0, 2, NULL),
(248, 248, 0, 0, NULL, NULL, 0, 3, NULL),
(249, 249, 0, 0, NULL, NULL, 0, 4, NULL),
(250, 250, 0, 0, NULL, NULL, 0, 4, NULL),
(251, 251, 0, 2, NULL, NULL, 0, 24, NULL),
(252, 252, 0, 0, NULL, NULL, 0, 6, NULL),
(253, 253, 0, 5, NULL, NULL, 0, 7, NULL),
(254, 254, 0, 6, NULL, NULL, 0, 6, NULL),
(255, 255, 0, 1, NULL, NULL, 0, 9, NULL),
(256, 256, 0, 3, NULL, NULL, 0, 10, NULL),
(257, 257, 0, 1, NULL, NULL, 0, 15, NULL),
(258, 258, 0, 0, NULL, NULL, 0, 14, NULL),
(259, 259, 0, 0, NULL, NULL, 0, 6, NULL),
(260, 260, 0, 0, NULL, NULL, 0, 12, NULL),
(261, 261, 0, 0, NULL, NULL, 0, 9, NULL),
(262, 262, 0, 5, NULL, NULL, 0, 7, NULL),
(263, 263, 0, 0, NULL, NULL, 0, 12, NULL),
(264, 264, 0, 5, NULL, NULL, 0, 1, NULL),
(265, 265, 0, 3, NULL, NULL, 0, 45, NULL),
(266, 266, 0, 0, NULL, NULL, 0, 5, NULL),
(267, 267, 0, 0, NULL, NULL, 0, 4, NULL),
(268, 268, 0, 2, NULL, NULL, 0, 70, NULL),
(269, 269, 0, 2, NULL, NULL, 0, 22, NULL),
(270, 270, 0, 2, NULL, NULL, 0, 13, NULL),
(271, 271, 0, 3, NULL, NULL, 0, 6, NULL),
(272, 272, 0, 0, NULL, NULL, 0, 6, NULL),
(273, 273, 0, 1, NULL, NULL, 0, 3, NULL),
(274, 274, 0, 1, NULL, NULL, 0, 7, NULL),
(275, 275, 0, 10, NULL, NULL, 0, 54, NULL),
(276, 276, 0, 6, NULL, NULL, 0, 24, NULL),
(277, 277, 0, 1, NULL, NULL, 0, 5, NULL),
(278, 278, 0, 2, NULL, NULL, 0, 9, NULL),
(279, 279, 0, 1, NULL, NULL, 0, 19, NULL),
(280, 280, 0, 1, NULL, NULL, 0, 8, NULL),
(281, 281, 0, 1, NULL, NULL, 0, 3, NULL),
(282, 282, 0, 2, NULL, NULL, 0, 1, NULL),
(283, 283, 0, 2, NULL, NULL, 0, 2, NULL),
(284, 284, 0, 79, NULL, NULL, 0, 411, NULL),
(285, 285, 0, 31, NULL, NULL, 0, 155, NULL),
(286, 286, 0, 5, NULL, NULL, 0, 6, NULL),
(287, 287, 0, 2, NULL, NULL, 0, 21, NULL),
(288, 288, 0, 32, NULL, NULL, 0, 93, NULL),
(289, 289, 0, 17, NULL, NULL, 0, 169, NULL),
(290, 290, 0, 11, NULL, NULL, 0, 89, NULL),
(291, 291, 0, 2, NULL, NULL, 0, 24, NULL),
(292, 292, 0, 0, NULL, NULL, 0, 12, NULL),
(293, 293, 0, 6, NULL, NULL, 0, 18, NULL),
(294, 294, 0, 8, NULL, NULL, 0, -6, NULL),
(295, 295, 0, 6, NULL, NULL, 0, -1, NULL),
(296, 296, 0, 2, NULL, NULL, 0, 47, NULL),
(297, 297, 0, 10, NULL, NULL, 0, -4, NULL),
(298, 298, 0, 5, NULL, NULL, 0, 27, NULL),
(299, 299, 0, 10, NULL, NULL, 0, 21, NULL),
(300, 300, 0, 0, NULL, NULL, 0, 6, NULL),
(301, 301, 0, 2, NULL, NULL, 0, 1, NULL),
(302, 302, 0, 1, NULL, NULL, 0, 8, NULL),
(303, 303, 0, 2, NULL, NULL, 0, 20, NULL),
(304, 304, 0, 0, NULL, NULL, 0, 6, NULL),
(305, 305, 0, 0, NULL, NULL, 0, 5, NULL),
(306, 306, 0, 1, NULL, NULL, 0, 5, NULL),
(307, 307, 0, 6, NULL, NULL, 0, 32, NULL),
(308, 308, 0, 6, NULL, NULL, 0, 6, NULL),
(309, 309, 0, 2, NULL, NULL, 0, 3, NULL),
(310, 310, 0, 3, NULL, NULL, 0, 66, NULL),
(311, 311, 0, 0, NULL, NULL, 0, 4, NULL),
(312, 312, 0, 0, NULL, NULL, 0, 4, NULL),
(313, 313, 0, 2, NULL, NULL, 0, 5, NULL),
(314, 314, 0, 2, NULL, NULL, 0, 6, NULL),
(315, 315, 0, 17, NULL, NULL, 0, 244, NULL),
(316, 316, 0, 1, NULL, NULL, 0, 44, NULL),
(317, 317, 0, 3, NULL, NULL, 0, 44, NULL),
(318, 318, 0, 2, NULL, NULL, 0, 5, NULL),
(319, 319, 0, 2, NULL, NULL, 0, 5, NULL),
(320, 320, 0, 18, NULL, NULL, 0, 422, NULL),
(321, 321, 0, 0, NULL, NULL, 0, 3, NULL),
(322, 322, 0, 0, NULL, NULL, 0, 9, NULL),
(323, 323, 0, 0, NULL, NULL, 0, 12, NULL),
(324, 324, 0, 0, NULL, NULL, 0, 2, NULL),
(325, 325, 0, 1, NULL, NULL, 0, 3, NULL),
(326, 326, 0, 3, NULL, NULL, 0, 21, NULL),
(327, 327, 0, 7, NULL, NULL, 0, 105, NULL),
(328, 328, 0, 1, NULL, NULL, 0, 14, NULL),
(329, 329, 0, 5, NULL, NULL, 0, 137, NULL),
(330, 330, 0, 10, NULL, NULL, 0, 251, NULL),
(331, 331, 0, 1, NULL, NULL, 0, 8, NULL),
(332, 332, 0, 3, NULL, NULL, 0, 4, NULL),
(333, 333, 0, 0, NULL, NULL, 0, 6, NULL),
(334, 334, 0, 28, NULL, NULL, 0, 361, NULL),
(335, 335, 0, 31, NULL, NULL, 0, 105, NULL),
(336, 336, 0, 7, NULL, NULL, 0, 218, NULL),
(337, 337, 0, 0, NULL, NULL, 0, 8, NULL),
(338, 338, 0, 0, NULL, NULL, 0, 24, NULL),
(339, 339, 0, 13, NULL, NULL, 0, 269, NULL),
(340, 340, 0, 0, NULL, NULL, 0, 11, NULL),
(341, 341, 0, 2, NULL, NULL, 0, 40, NULL),
(342, 342, 0, 0, NULL, NULL, 0, 77, NULL),
(343, 343, 0, 0, NULL, NULL, 0, 12, NULL),
(344, 344, 0, 0, NULL, NULL, 0, 47, NULL),
(345, 345, 0, 1, NULL, NULL, 0, 9, NULL),
(346, 346, 0, 0, NULL, NULL, 0, 4, NULL),
(347, 347, 0, 1, NULL, NULL, 0, 293, NULL),
(348, 348, 0, 1, NULL, NULL, 0, 1, NULL),
(349, 349, 0, 0, NULL, NULL, 0, 3, NULL),
(350, 350, 0, 1, NULL, NULL, 0, 2, NULL),
(351, 351, 0, 1, NULL, NULL, 0, 5, NULL),
(352, 352, 0, 0, NULL, NULL, 0, 5, NULL),
(353, 353, 0, 1, NULL, NULL, 0, 5, NULL),
(354, 354, 0, 2, NULL, NULL, 0, 1, NULL),
(355, 355, 0, 0, NULL, NULL, 0, 3, NULL),
(356, 356, 0, 2, NULL, NULL, 0, 4, NULL),
(357, 357, 0, 1, NULL, NULL, 0, 5, NULL),
(358, 358, 0, 0, NULL, NULL, 0, 3, NULL),
(359, 359, 0, 1, NULL, NULL, 0, 2, NULL),
(360, 360, 0, 0, NULL, NULL, 0, 3, NULL),
(361, 361, 0, 0, NULL, NULL, 0, 5, NULL),
(362, 362, 0, 0, NULL, NULL, 0, 2, NULL),
(363, 363, 0, 1, NULL, NULL, 0, 1, NULL),
(364, 364, 0, 0, NULL, NULL, 0, 15, NULL),
(365, 365, 0, 2, NULL, NULL, 0, 44, NULL),
(366, 366, 0, 1, NULL, NULL, 0, 16, NULL),
(367, 367, 0, 1, NULL, NULL, 0, 4, NULL),
(368, 368, 0, 0, NULL, NULL, 0, 3, NULL),
(369, 369, 0, 3, NULL, NULL, 0, 2, NULL),
(370, 370, 0, 2, NULL, NULL, 0, 20, NULL),
(371, 371, 0, 0, NULL, NULL, 0, 9, NULL),
(372, 372, 0, 9, NULL, NULL, 0, 33, NULL),
(373, 373, 0, 1, NULL, NULL, 0, 5, NULL),
(374, 374, 0, 0, NULL, NULL, 0, 15, NULL),
(375, 375, 0, 4, NULL, NULL, 0, 10, NULL),
(376, 376, 0, 19, NULL, NULL, 0, 179, NULL),
(377, 377, 0, 0, NULL, NULL, 0, 18, NULL),
(378, 378, 0, 12, NULL, NULL, 0, 75, NULL),
(379, 379, 0, 5, NULL, NULL, 0, 3, NULL),
(380, 380, 0, 6, NULL, NULL, 0, 3, NULL),
(381, 381, 0, 19, NULL, NULL, 0, 2, NULL),
(382, 382, 0, 6, NULL, NULL, 0, 3, NULL),
(383, 383, 0, 1, NULL, NULL, 0, 3, NULL),
(384, 384, 0, 0, NULL, NULL, 0, 3, NULL),
(385, 385, 0, 2, NULL, NULL, 0, 3, NULL),
(386, 386, 0, 1, NULL, NULL, 0, 3, NULL),
(387, 387, 0, 0, NULL, NULL, 0, 3, NULL),
(388, 388, 0, 20, NULL, NULL, 0, 29, NULL),
(389, 389, 0, 2, NULL, NULL, 0, 5, NULL),
(390, 390, 0, 5, NULL, NULL, 0, 3, NULL),
(391, 391, 0, 2, NULL, NULL, 0, 3, NULL),
(392, 392, 0, 6, NULL, NULL, 0, 37, NULL),
(393, 393, 0, 0, NULL, NULL, 0, 13, NULL),
(394, 394, 0, 3, NULL, NULL, 0, 7, NULL),
(395, 395, 0, 4, NULL, NULL, 0, 4, NULL),
(396, 396, 0, 7, NULL, NULL, 0, 24, NULL),
(397, 397, 0, 9, NULL, NULL, 0, 13, NULL),
(398, 398, 0, 0, NULL, NULL, 0, 22, NULL),
(399, 399, 0, 4, NULL, NULL, 0, 29, NULL),
(400, 400, 0, 11, NULL, NULL, 0, 189, NULL),
(401, 401, 0, 8, NULL, NULL, 0, 10, NULL),
(402, 402, 0, 4, NULL, NULL, 0, -2, NULL),
(403, 403, 0, 1, NULL, NULL, 0, 20, NULL),
(404, 404, 0, 0, NULL, NULL, 0, 47, NULL),
(405, 405, 0, 1, NULL, NULL, 0, 49, NULL),
(406, 406, 0, 0, NULL, NULL, 0, 20, NULL),
(407, 407, 0, 0, NULL, NULL, 0, 41, NULL),
(408, 408, 0, 2, NULL, NULL, 0, 18, NULL),
(409, 409, 0, 1, NULL, NULL, 0, 2, NULL),
(410, 410, 0, 0, NULL, NULL, 0, 3, NULL),
(411, 411, 0, 0, NULL, NULL, 0, 3, NULL),
(412, 412, 0, 2, NULL, NULL, 0, 1, NULL),
(413, 413, 0, 0, NULL, NULL, 0, 3, NULL),
(414, 414, 0, 2, NULL, NULL, 0, 48, NULL),
(415, 415, 0, 0, NULL, NULL, 0, 50, NULL),
(416, 416, 0, 1, NULL, NULL, 0, 24, NULL),
(417, 417, 0, 2, NULL, NULL, 0, 22, NULL),
(418, 418, 0, 2, NULL, NULL, 0, 1, NULL),
(419, 419, 0, 2, NULL, NULL, 0, 3, NULL),
(420, 420, 0, 0, NULL, NULL, 0, 3, NULL),
(421, 421, 0, 11, NULL, NULL, 0, 3, NULL),
(422, 422, 0, 0, NULL, NULL, 0, 3, NULL),
(423, 423, 0, 0, NULL, NULL, 0, 48, NULL),
(424, 424, 0, 1, NULL, NULL, 0, 119, NULL),
(425, 425, 0, 0, NULL, NULL, 0, 55, NULL),
(426, 426, 0, 1, NULL, NULL, 0, 149, NULL),
(427, 427, 0, 1, NULL, NULL, 0, 20, NULL),
(428, 428, 0, 6, NULL, NULL, 0, 32, NULL),
(429, 429, 0, 7, NULL, NULL, 0, 31, NULL),
(430, 430, 0, 2, NULL, NULL, 0, 2, NULL),
(431, 431, 0, 3, NULL, NULL, 0, 33, NULL),
(432, 432, 0, 1, NULL, NULL, 0, 6, NULL),
(433, 433, 0, 6, NULL, NULL, 0, 24, NULL),
(434, 434, 0, 3, NULL, NULL, 0, 9, NULL),
(435, 435, 0, 1, NULL, NULL, 0, 15, NULL),
(436, 436, 0, 0, NULL, NULL, 0, 23, NULL),
(437, 437, 0, 0, NULL, NULL, 0, 15, NULL),
(438, 438, 0, 0, NULL, NULL, 0, 5, NULL),
(439, 439, 0, 0, NULL, NULL, 0, 15, NULL),
(440, 440, 0, 0, NULL, NULL, 0, 7, NULL),
(441, 441, 0, 3, NULL, NULL, 0, 119, NULL),
(442, 442, 0, 0, NULL, NULL, 0, 3, NULL),
(443, 443, 0, 0, NULL, NULL, 0, 7, NULL),
(444, 444, 0, 0, NULL, NULL, 0, 4, NULL),
(445, 445, 0, 0, NULL, NULL, 0, 4, NULL),
(446, 446, 0, 0, NULL, NULL, 0, 3, NULL),
(447, 447, 0, 0, NULL, NULL, 0, 4, NULL),
(448, 448, 0, 0, NULL, NULL, 0, 65, NULL),
(449, 449, 0, 5, NULL, NULL, 0, 23, NULL),
(450, 450, 0, 0, NULL, NULL, 0, 12, NULL),
(451, 451, 0, 0, NULL, NULL, 0, 2, NULL),
(452, 452, 0, 0, NULL, NULL, 0, 1, NULL),
(453, 453, 0, 4, NULL, NULL, 0, 3, NULL),
(454, 454, 0, 0, NULL, NULL, 0, 1, NULL),
(455, 455, 0, 0, NULL, NULL, 0, 1, NULL),
(456, 456, 0, 2, NULL, NULL, 0, 20, NULL),
(457, 457, 0, 0, NULL, NULL, 0, 1, NULL),
(458, 458, 0, 0, NULL, NULL, 0, 1, NULL),
(459, 459, 0, 3, NULL, NULL, 0, 4, NULL),
(460, 460, 0, 0, NULL, NULL, 0, 3, NULL),
(461, 461, 0, 0, NULL, NULL, 0, 2, NULL),
(462, 462, 0, 0, NULL, NULL, 0, 2, NULL),
(463, 463, 0, 0, NULL, NULL, 0, 2, NULL),
(464, 464, 0, 8, NULL, NULL, 0, 40, NULL),
(465, 465, 0, 0, NULL, NULL, 0, 1, NULL),
(466, 466, 0, 0, NULL, NULL, 0, 1, NULL),
(467, 467, 0, 0, NULL, NULL, 0, 2, NULL),
(468, 468, 0, 0, NULL, NULL, 0, 1, NULL),
(469, 469, 0, 0, NULL, NULL, 0, 3, NULL),
(470, 470, 0, 0, NULL, NULL, 0, 3, NULL),
(471, 471, 0, 0, NULL, NULL, 0, 4, NULL),
(472, 472, 0, 0, NULL, NULL, 0, 9, NULL),
(473, 473, 0, 0, NULL, NULL, 0, 9, NULL),
(474, 474, 0, 5, NULL, NULL, 0, 51, NULL),
(475, 475, 0, 0, NULL, NULL, 0, 43, NULL),
(476, 476, 0, 4, NULL, NULL, 0, 122, NULL),
(477, 477, 0, 7, NULL, NULL, 0, 357, NULL),
(478, 478, 0, 15, NULL, NULL, 0, 215, NULL),
(479, 479, 0, 16, NULL, NULL, 0, 400, NULL),
(480, 480, 0, 0, NULL, NULL, 0, 39, NULL),
(481, 481, 0, 4, NULL, NULL, 0, 149, NULL),
(482, 482, 0, 6, NULL, NULL, 0, 102, NULL),
(483, 483, 0, 1, NULL, NULL, 0, 14, NULL),
(484, 484, 0, 1, NULL, NULL, 0, 34, NULL),
(485, 485, 0, 0, NULL, NULL, 0, 6, NULL),
(486, 486, 0, 0, NULL, NULL, 0, 3, NULL),
(487, 487, 0, 0, NULL, NULL, 0, 7, NULL),
(488, 488, 0, 2, NULL, NULL, 0, 3, NULL),
(489, 489, 0, 0, NULL, NULL, 0, 12, NULL),
(490, 490, 0, 2, NULL, NULL, 0, 20, NULL),
(491, 491, 0, 3, NULL, NULL, 0, 20, NULL),
(492, 492, 0, 0, NULL, NULL, 0, 13, NULL),
(493, 493, 0, 0, NULL, NULL, 0, 7, NULL),
(494, 494, 0, 6, NULL, NULL, 0, 2, NULL),
(495, 495, 0, 0, NULL, NULL, 0, 16, NULL),
(496, 496, 0, 5, NULL, NULL, 0, 10, NULL),
(497, 497, 0, 1, NULL, NULL, 0, 19, NULL),
(498, 498, 0, 1, NULL, NULL, 0, 8, NULL),
(499, 499, 0, 0, NULL, NULL, 0, 3, NULL),
(500, 500, 0, 6, NULL, NULL, 0, 7, NULL),
(501, 501, 0, 0, NULL, NULL, 0, 2, NULL),
(502, 502, 0, 2, NULL, NULL, 0, 3, NULL),
(503, 503, 0, 2, NULL, NULL, 0, 4, NULL),
(504, 504, 0, 3, NULL, NULL, 0, 5, NULL),
(505, 505, 0, 0, NULL, NULL, 0, 33, NULL),
(506, 506, 0, 0, NULL, NULL, 0, 2, NULL),
(507, 507, 0, 1, NULL, NULL, 0, 2, NULL),
(508, 508, 0, 1, NULL, NULL, 0, 19, NULL),
(509, 509, 0, 10, NULL, NULL, 0, 736, NULL),
(510, 510, 0, 7, NULL, NULL, 0, 487, NULL),
(511, 511, 0, 2, NULL, NULL, 0, 121, NULL),
(512, 512, 0, 0, NULL, NULL, 0, 56, NULL),
(513, 513, 0, 1, NULL, NULL, 0, 2, NULL),
(514, 514, 0, 1, NULL, NULL, 0, 109, NULL),
(515, 515, 0, 0, NULL, NULL, 0, 3, NULL),
(516, 516, 0, 3, NULL, NULL, 0, 8, NULL),
(517, 517, 0, 2, NULL, NULL, 0, 33, NULL),
(518, 518, 0, 3, NULL, NULL, 0, 34, NULL),
(519, 519, 0, 6, NULL, NULL, 0, 0, NULL),
(520, 520, 0, 0, NULL, NULL, 0, 12, NULL),
(521, 521, 0, 1, NULL, NULL, 0, 4, NULL),
(522, 522, 0, 3, NULL, NULL, 0, 2, NULL),
(523, 523, 0, 1, NULL, NULL, 0, 26, NULL),
(524, 524, 0, 4, NULL, NULL, 0, 20, NULL),
(525, 525, 0, 0, NULL, NULL, 0, 40, NULL),
(526, 526, 0, 0, NULL, NULL, 0, 23, NULL),
(527, 527, 0, 0, NULL, NULL, 0, 5, NULL),
(528, 528, 0, 1, NULL, NULL, 0, 11, NULL),
(529, 529, 0, 1, NULL, NULL, 0, 5, NULL),
(530, 530, 0, 0, NULL, NULL, 0, 6, NULL),
(531, 531, 0, 0, NULL, NULL, 0, 3, NULL),
(532, 532, 0, 0, NULL, NULL, 0, 3, NULL),
(533, 533, 0, 0, NULL, NULL, 0, 3, NULL),
(534, 534, 0, 0, NULL, NULL, 0, 3, NULL),
(535, 535, 0, 0, NULL, NULL, 0, 3, NULL),
(536, 536, 0, 0, NULL, NULL, 0, 4, NULL),
(537, 537, 0, 2, NULL, NULL, 0, 38, NULL),
(538, 538, 0, 3, NULL, NULL, 0, 7, NULL),
(539, 539, 0, 3, NULL, NULL, 0, 6, NULL),
(540, 540, 0, 0, NULL, NULL, 0, 5, NULL),
(541, 541, 0, 2, NULL, NULL, 0, 43, NULL),
(542, 542, 0, 2, NULL, NULL, 0, 10, NULL),
(543, 543, 0, 0, NULL, NULL, 0, 39, NULL),
(544, 544, 0, 4, NULL, NULL, 0, 1, NULL),
(545, 545, 0, 1, NULL, NULL, 0, 29, NULL),
(546, 546, 0, 1, NULL, NULL, 0, 49, NULL),
(547, 547, 0, 0, NULL, NULL, 0, 12, NULL),
(548, 548, 0, 1, NULL, NULL, 0, 5, NULL),
(549, 549, 0, 0, NULL, NULL, 0, 28, NULL),
(550, 550, 0, 0, NULL, NULL, 0, 10, NULL),
(551, 551, 0, 0, NULL, NULL, 0, 1, NULL),
(552, 552, 0, 1, NULL, NULL, 0, 5, NULL),
(553, 553, 0, 1, NULL, NULL, 0, 6, NULL),
(554, 554, 0, 0, NULL, NULL, 0, 4, NULL),
(555, 555, 0, 1, NULL, NULL, 0, 2, NULL),
(556, 556, 0, 6, NULL, NULL, 0, 74, NULL),
(557, 557, 0, 1, NULL, NULL, 0, 58, NULL),
(558, 558, 0, 0, NULL, NULL, 0, 6, NULL),
(559, 559, 0, 0, NULL, NULL, 0, 3, NULL),
(560, 560, 0, 0, NULL, NULL, 0, 12, NULL),
(561, 561, 0, 0, NULL, NULL, 0, 6, NULL),
(562, 562, 0, 0, NULL, NULL, 0, 6, NULL),
(563, 563, 0, 0, NULL, NULL, 0, 6, NULL),
(564, 564, 0, 0, NULL, NULL, 0, 6, NULL),
(565, 565, 0, 0, NULL, NULL, 0, 9, NULL),
(566, 566, 0, 0, NULL, NULL, 0, 10, NULL),
(567, 567, 0, 1, NULL, NULL, 0, 11, NULL),
(568, 568, 0, 0, NULL, NULL, 0, 4, NULL),
(569, 569, 0, 0, NULL, NULL, 0, 28, NULL),
(570, 570, 0, 0, NULL, NULL, 0, 48, NULL),
(571, 571, 0, 2, NULL, NULL, 0, 9, NULL),
(572, 572, 0, 2, NULL, NULL, 0, 9, NULL),
(573, 573, 0, 0, NULL, NULL, 0, 4, NULL),
(574, 574, 0, 0, NULL, NULL, 0, 12, NULL),
(575, 575, 0, 0, NULL, NULL, 0, 7, NULL),
(576, 576, 0, 0, NULL, NULL, 0, 2, NULL),
(577, 577, 0, 0, NULL, NULL, 0, 12, NULL),
(578, 578, 0, 0, NULL, NULL, 0, 2, NULL),
(579, 579, 0, 0, NULL, NULL, 0, 12, NULL),
(580, 580, 0, 0, NULL, NULL, 0, 5, NULL),
(581, 581, 0, 1, NULL, NULL, 0, 18, NULL),
(582, 582, 0, 0, NULL, NULL, 0, 68, NULL),
(583, 583, 0, 0, NULL, NULL, 0, 12, NULL),
(584, 584, 0, 0, NULL, NULL, 0, 11, NULL),
(585, 585, 0, 0, NULL, NULL, 0, 27, NULL),
(586, 586, 0, 0, NULL, NULL, 0, 12, NULL),
(587, 587, 0, 0, NULL, NULL, 0, 12, NULL),
(588, 588, 0, 0, NULL, NULL, 0, 12, NULL),
(589, 589, 0, 0, NULL, NULL, 0, 12, NULL),
(590, 590, 0, 0, NULL, NULL, 0, 16, NULL),
(591, 591, 0, 0, NULL, NULL, 0, 4, NULL),
(592, 592, 0, 0, NULL, NULL, 0, 5, NULL),
(593, 593, 0, 0, NULL, NULL, 0, 27, NULL),
(594, 594, 0, 1, NULL, NULL, 0, 22, NULL),
(595, 595, 0, 0, NULL, NULL, 0, 5, NULL),
(596, 596, 0, 0, NULL, NULL, 0, 5, NULL),
(597, 597, 0, 0, NULL, NULL, 0, 4, NULL),
(598, 598, 0, 0, NULL, NULL, 0, 5, NULL),
(599, 599, 0, 0, NULL, NULL, 0, 20, NULL),
(600, 600, 0, 0, NULL, NULL, 0, 5, NULL),
(601, 601, 0, 0, NULL, NULL, 0, 22, NULL),
(602, 602, 0, 0, NULL, NULL, 0, 33, NULL),
(603, 603, 0, 0, NULL, NULL, 0, 12, NULL),
(604, 604, 0, 0, NULL, NULL, 0, 63, NULL),
(605, 605, 0, 0, NULL, NULL, 0, 44, NULL),
(606, 606, 0, 0, NULL, NULL, 0, 12, NULL),
(607, 607, 0, 0, NULL, NULL, 0, 10, NULL),
(608, 608, 0, 0, NULL, NULL, 0, 11, NULL),
(609, 609, 0, 1, NULL, NULL, 0, 20, NULL),
(610, 610, 0, 0, NULL, NULL, 0, 12, NULL),
(611, 611, 0, 0, NULL, NULL, 0, 11, NULL),
(612, 612, 0, 0, NULL, NULL, 0, 11, NULL),
(613, 613, 0, 0, NULL, NULL, 0, 9, NULL),
(614, 614, 0, 0, NULL, NULL, 0, 10, NULL),
(615, 615, 0, 0, NULL, NULL, 0, 18, NULL),
(616, 616, 0, 0, NULL, NULL, 0, 18, NULL),
(617, 617, 0, 0, NULL, NULL, 0, 11, NULL),
(618, 618, 0, 0, NULL, NULL, 0, 11, NULL),
(619, 619, 0, 0, NULL, NULL, 0, 9, NULL),
(620, 620, 0, 0, NULL, NULL, 0, 4, NULL),
(621, 621, 0, 0, NULL, NULL, 0, 5, NULL),
(622, 622, 0, 0, NULL, NULL, 0, 20, NULL),
(623, 623, 0, 0, NULL, NULL, 0, 11, NULL),
(624, 624, 0, 0, NULL, NULL, 0, 13, NULL),
(625, 625, 0, 0, NULL, NULL, 0, 17, NULL),
(626, 626, 0, 0, NULL, NULL, 0, 8, NULL),
(627, 627, 0, 0, NULL, NULL, 0, 13, NULL),
(628, 628, 0, 0, NULL, NULL, 0, 15, NULL),
(629, 629, 0, 0, NULL, NULL, 0, 35, NULL),
(630, 630, 0, 0, NULL, NULL, 0, 29, NULL),
(631, 631, 0, 0, NULL, NULL, 0, 19, NULL),
(632, 632, 0, 0, NULL, NULL, 0, 6, NULL),
(633, 633, 0, 0, NULL, NULL, 0, 2, NULL),
(634, 634, 0, 0, NULL, NULL, 0, 6, NULL),
(635, 635, 0, 0, NULL, NULL, 0, 4, NULL),
(636, 636, 0, 1, NULL, NULL, 0, 109, NULL),
(637, 637, 0, 0, NULL, NULL, 0, 6, NULL),
(638, 638, 0, 0, NULL, NULL, 0, 20, NULL),
(639, 639, 0, 0, NULL, NULL, 0, 6, NULL),
(640, 640, 0, 0, NULL, NULL, 0, 2, NULL),
(641, 641, 0, 0, NULL, NULL, 0, 11, NULL),
(642, 642, 0, 0, NULL, NULL, 0, 12, NULL),
(643, 643, 0, 0, NULL, NULL, 0, 20, NULL),
(644, 644, 0, 5, NULL, NULL, 0, 21, NULL),
(645, 645, 0, 2, NULL, NULL, 0, 36, NULL),
(646, 646, 0, 0, NULL, NULL, 0, 20, NULL),
(647, 647, 0, 0, NULL, NULL, 0, 10, NULL),
(648, 648, 0, 0, NULL, NULL, 0, 10, NULL),
(649, 649, 0, 0, NULL, NULL, 0, 20, NULL),
(650, 650, 0, 0, NULL, NULL, 0, 30, NULL),
(651, 651, 0, 0, NULL, NULL, 0, 20, NULL),
(652, 652, 0, 0, NULL, NULL, 0, 20, NULL),
(653, 653, 0, 0, NULL, NULL, 0, 6, NULL),
(654, 654, 0, 0, NULL, NULL, 0, 33, NULL),
(655, 655, 0, 0, NULL, NULL, 0, 9, NULL),
(656, 656, 0, 0, NULL, NULL, 0, 6, NULL),
(657, 657, 0, 0, NULL, NULL, 0, 3, NULL),
(658, 658, 0, 0, NULL, NULL, 0, 7, NULL),
(659, 659, 0, 0, NULL, NULL, 0, 2, NULL),
(660, 660, 0, 0, NULL, NULL, 0, 2, NULL),
(661, 661, 0, 0, NULL, NULL, 0, 10, NULL),
(662, 662, 0, 0, NULL, NULL, 0, 5, NULL),
(663, 663, 0, 0, NULL, NULL, 0, 8, NULL),
(664, 664, 0, 0, NULL, NULL, 0, 21, NULL),
(665, 665, 0, 0, NULL, NULL, 0, 30, NULL),
(666, 666, 0, 1, NULL, NULL, 0, 29, NULL),
(667, 667, 0, 2, NULL, NULL, 0, 1, NULL),
(668, 668, 0, 3, NULL, NULL, 0, 20, NULL),
(669, 669, 0, 4, NULL, NULL, 0, 8, NULL),
(670, 670, 0, 7, NULL, NULL, 0, 9, NULL),
(671, 671, 0, 0, NULL, NULL, 0, 7, NULL),
(672, 672, 0, 0, NULL, NULL, 0, 24, NULL),
(673, 673, 0, 1, NULL, NULL, 0, 5, NULL),
(674, 674, 0, 0, NULL, NULL, 0, 16, NULL),
(675, 675, 0, 0, NULL, NULL, 0, 8, NULL),
(676, 676, 0, 0, NULL, NULL, 0, 6, NULL),
(677, 677, 0, 0, NULL, NULL, 0, 12, NULL),
(678, 678, 0, 0, NULL, NULL, 0, 24, NULL),
(679, 679, 0, 0, NULL, NULL, 0, 12, NULL),
(680, 680, 0, 0, NULL, NULL, 0, 3, NULL),
(681, 681, 0, 0, NULL, NULL, 0, 5, NULL),
(682, 682, 0, 0, NULL, NULL, 0, 2, NULL),
(683, 683, 0, 0, NULL, NULL, 0, 2, NULL),
(684, 684, 0, 0, NULL, NULL, 0, 4, NULL),
(685, 685, 0, 0, NULL, NULL, 0, 3, NULL),
(686, 686, 0, 0, NULL, NULL, 0, 1, NULL),
(687, 687, 0, 0, NULL, NULL, 0, 2, NULL),
(688, 688, 0, 1, NULL, NULL, 0, 0, NULL),
(689, 689, 0, 0, NULL, NULL, 0, 3, NULL),
(690, 690, 0, 0, NULL, NULL, 0, 1, NULL),
(691, 691, 0, 0, NULL, NULL, 0, 1, NULL),
(692, 692, 0, 1, NULL, NULL, 0, 0, NULL),
(693, 693, 0, 0, NULL, NULL, 0, 6, NULL),
(694, 694, 0, 0, NULL, NULL, 0, 1, NULL),
(695, 695, 0, 0, NULL, NULL, 0, 1, NULL),
(696, 696, 0, 0, NULL, NULL, 0, 1, NULL),
(697, 697, 0, 2, NULL, NULL, 0, 13, NULL),
(698, 698, 0, 0, NULL, NULL, 0, 3, NULL),
(699, 699, 0, 1, NULL, NULL, 0, 7, NULL),
(700, 700, 0, 0, NULL, NULL, 0, 2, NULL),
(701, 701, 0, 0, NULL, NULL, 0, 5000170000000, NULL),
(702, 702, 0, 0, NULL, NULL, 0, 1, NULL),
(703, 703, 0, 0, NULL, NULL, 0, 1, NULL),
(704, 704, 0, 0, NULL, NULL, 0, 1, NULL),
(705, 705, 0, 0, NULL, NULL, 0, 2, NULL),
(706, 706, 0, 0, NULL, NULL, 0, 9, NULL),
(707, 707, 0, 0, NULL, NULL, 0, 6, NULL),
(708, 708, 0, 0, NULL, NULL, 0, 6, NULL),
(709, 709, 0, 5, NULL, NULL, 0, 6, NULL),
(710, 710, 0, 0, NULL, NULL, 0, 6, NULL),
(711, 711, 0, 2, NULL, NULL, 0, 4, NULL),
(712, 712, 0, 0, NULL, NULL, 0, 3, NULL),
(713, 713, 0, 0, NULL, NULL, 0, 6, NULL),
(714, 714, 0, 1, NULL, NULL, 0, 6, NULL),
(715, 715, 0, 0, NULL, NULL, 0, 3, NULL),
(716, 716, 0, 0, NULL, NULL, 0, 6, NULL),
(717, 717, 0, 0, NULL, NULL, 0, 5, NULL),
(718, 718, 0, 4, NULL, NULL, 0, 2, NULL),
(719, 719, 0, 5, NULL, NULL, 0, 8, NULL),
(720, 720, 0, 2, NULL, NULL, 0, 22, NULL),
(721, 721, 0, 3, NULL, NULL, 0, 9, NULL),
(722, 722, 0, 0, NULL, NULL, 0, 7, NULL),
(723, 723, 0, 0, NULL, NULL, 0, 3, NULL),
(724, 724, 0, 2, NULL, NULL, 0, 1, NULL),
(725, 725, 0, 0, NULL, NULL, 0, 12, NULL),
(726, 726, 0, 0, NULL, NULL, 0, 6, NULL),
(727, 727, 0, 0, NULL, NULL, 0, 3, NULL),
(728, 728, 0, 0, NULL, NULL, 0, 3, NULL),
(729, 729, 0, 0, NULL, NULL, 0, 12, NULL),
(730, 730, 0, 0, NULL, NULL, 0, 4, NULL),
(731, 731, 0, 0, NULL, NULL, 0, 12, NULL),
(732, 732, 0, 0, NULL, NULL, 0, 12, NULL),
(733, 733, 0, 0, NULL, NULL, 0, 6, NULL),
(734, 734, 0, 0, NULL, NULL, 0, 12, NULL),
(735, 735, 0, 0, NULL, NULL, 0, 9, NULL),
(736, 736, 0, 0, NULL, NULL, 0, 23, NULL),
(737, 737, 0, 0, NULL, NULL, 0, 14, NULL),
(738, 738, 0, 0, NULL, NULL, 0, 13, NULL),
(739, 739, 0, 0, NULL, NULL, 0, 3, NULL),
(740, 740, 0, 1, NULL, NULL, 0, 5, NULL),
(741, 741, 0, 0, NULL, NULL, 0, 12, NULL),
(742, 742, 0, 0, NULL, NULL, 0, 40, NULL),
(743, 743, 0, 0, NULL, NULL, 0, 8, NULL),
(744, 744, 0, 0, NULL, NULL, 0, 5, NULL),
(745, 745, 0, 1, NULL, NULL, 0, 3, NULL),
(746, 746, 0, 0, NULL, NULL, 0, 5, NULL),
(747, 747, 0, 0, NULL, NULL, 0, 3, NULL),
(748, 748, 0, 1, NULL, NULL, 0, 2, NULL),
(749, 749, 0, 0, NULL, NULL, 0, 4, NULL),
(750, 750, 0, 0, NULL, NULL, 0, 3, NULL),
(751, 751, 0, 0, NULL, NULL, 0, 2, NULL),
(752, 752, 0, 0, NULL, NULL, 0, 2, NULL),
(753, 753, 0, 4, NULL, NULL, 0, 62, NULL),
(754, 754, 0, 4, NULL, NULL, 0, 8, NULL),
(755, 755, 0, 1, NULL, NULL, 0, 2, NULL),
(756, 756, 0, 0, NULL, NULL, 0, 3, NULL),
(757, 757, 0, 0, NULL, NULL, 0, 3, NULL),
(758, 758, 0, 0, NULL, NULL, 0, 3, NULL),
(759, 759, 0, 1, NULL, NULL, 0, 2, NULL),
(760, 760, 0, 0, NULL, NULL, 0, 3, NULL),
(761, 761, 0, 2, NULL, NULL, 0, 1, NULL),
(762, 762, 0, 0, NULL, NULL, 0, 3, NULL),
(763, 763, 0, 0, NULL, NULL, 0, 3, NULL),
(764, 764, 0, 0, NULL, NULL, 0, 3, NULL),
(765, 765, 0, 2, NULL, NULL, 0, 1, NULL),
(766, 766, 0, 0, NULL, NULL, 0, 3, NULL),
(767, 767, 0, 1, NULL, NULL, 0, 2, NULL),
(768, 768, 0, 0, NULL, NULL, 0, 3, NULL),
(769, 769, 0, 0, NULL, NULL, 0, 3, NULL),
(770, 770, 0, 0, NULL, NULL, 0, 3, NULL),
(771, 771, 0, 0, NULL, NULL, 0, 3, NULL),
(772, 772, 0, 0, NULL, NULL, 0, 3, NULL),
(773, 773, 0, 0, NULL, NULL, 0, 3, NULL),
(774, 774, 0, 0, NULL, NULL, 0, 3, NULL),
(775, 775, 0, 0, NULL, NULL, 0, 3, NULL),
(776, 776, 0, 0, NULL, NULL, 0, 3, NULL),
(777, 777, 0, 1, NULL, NULL, 0, 9, NULL),
(778, 778, 0, 0, NULL, NULL, 0, 30, NULL),
(779, 779, 0, 0, NULL, NULL, 0, 6, NULL),
(780, 780, 0, 0, NULL, NULL, 0, 3, NULL),
(781, 781, 0, 0, NULL, NULL, 0, 3, NULL),
(782, 782, 0, 0, NULL, NULL, 0, 3, NULL),
(783, 783, 0, 0, NULL, NULL, 0, 3, NULL),
(784, 784, 0, 0, NULL, NULL, 0, 3, NULL),
(785, 785, 0, 0, NULL, NULL, 0, 3, NULL),
(786, 786, 0, 0, NULL, NULL, 0, 3, NULL),
(787, 787, 0, 0, NULL, NULL, 0, 3, NULL),
(788, 788, 0, 0, NULL, NULL, 0, 3, NULL),
(789, 789, 0, 0, NULL, NULL, 0, 3, NULL),
(790, 790, 0, 0, NULL, NULL, 0, 3, NULL),
(791, 791, 0, 0, NULL, NULL, 0, 3, NULL),
(792, 792, 0, 0, NULL, NULL, 0, 3, NULL),
(793, 793, 0, 1, NULL, NULL, 0, 2, NULL),
(794, 794, 0, 0, NULL, NULL, 0, 2, NULL),
(795, 795, 0, 1, NULL, NULL, 0, 2, NULL),
(796, 796, 0, 0, NULL, NULL, 0, 3, NULL),
(797, 797, 0, 0, NULL, NULL, 0, 3, NULL),
(798, 798, 0, 0, NULL, NULL, 0, 3, NULL),
(799, 799, 0, 0, NULL, NULL, 0, 3, NULL),
(800, 800, 0, 0, NULL, NULL, 0, 3, NULL),
(801, 801, 0, 0, NULL, NULL, 0, 3, NULL),
(802, 802, 0, 0, NULL, NULL, 0, 3, NULL),
(803, 803, 0, 0, NULL, NULL, 0, 3, NULL),
(804, 804, 0, 0, NULL, NULL, 0, 3, NULL),
(805, 805, 0, 0, NULL, NULL, 0, 3, NULL),
(806, 806, 0, 0, NULL, NULL, 0, 3, NULL),
(807, 807, 0, 0, NULL, NULL, 0, 3, NULL),
(808, 808, 0, 0, NULL, NULL, 0, 5, NULL),
(809, 809, 0, 0, NULL, NULL, 0, 15, NULL),
(810, 810, 0, 1, NULL, NULL, 0, 17, NULL);

-- --------------------------------------------------------

--
-- Table structure for table `products`
--

CREATE TABLE `products` (
  `product_id` int(11) NOT NULL,
  `sc_one_id` int(11) NOT NULL,
  `attribute_id` varchar(255) DEFAULT NULL,
  `product_name` varchar(512) NOT NULL,
  `avg_rating` varchar(11) DEFAULT NULL,
  `product_description` text DEFAULT NULL,
  `unit_type` int(11) NOT NULL,
  `image_path` text DEFAULT 'https://kaynat.nescostore.com/public/backend/kaynat.jpeg',
  `product_image` varchar(255) DEFAULT 'kaynat.jpeg',
  `sku_no` varchar(11) DEFAULT NULL,
  `is_active` int(11) NOT NULL,
  `cost_price` float DEFAULT NULL,
  `bulk_price` float DEFAULT NULL,
  `sales_price` float DEFAULT NULL,
  `vat` float DEFAULT NULL,
  `barcode` varchar(20) DEFAULT NULL
) ENGINE=InnoDB DEFAULT CHARSET=latin1 COLLATE=latin1_swedish_ci;

--
-- Dumping data for table `products`
--

INSERT INTO `products` (`product_id`, `sc_one_id`, `attribute_id`, `product_name`, `avg_rating`, `product_description`, `unit_type`, `image_path`, `product_image`, `sku_no`, `is_active`, `cost_price`, `bulk_price`, `sales_price`, `vat`, `barcode`) VALUES
(1, 1, NULL, 'Bag 7', NULL, NULL, 1, 'https://kaynat.nescostore.com/public/backend/kaynat.jpeg', 'kaynat.jpeg', NULL, 1, 410, 450, 520, NULL, '0001'),
(2, 1, NULL, 'Box Bag', NULL, NULL, 1, 'https://kaynat.nescostore.com/public/backend/kaynat.jpeg', 'kaynat.jpeg', NULL, 1, 600, 750, 850, NULL, '0002'),
(3, 5, NULL, 'Chain 6', NULL, NULL, 1, 'https://kaynat.nescostore.com/public/backend/kaynat.jpeg', 'kaynat.jpeg', NULL, 1, 120, 160, 200, NULL, '0003'),
(4, 3, NULL, 'bag', NULL, NULL, 1, 'https://kaynat.nescostore.com/public/backend/kaynat.jpeg', 'kaynat.jpeg', NULL, 1, 840, 1050, 1250, NULL, '0004'),
(5, 3, NULL, 'viral bag 2', NULL, NULL, 1, 'https://kaynat.nescostore.com/public/backend/kaynat.jpeg', 'kaynat.jpeg', NULL, 1, 400, 450, 550, NULL, '0005'),
(6, 4, NULL, 'folding bag', NULL, NULL, 1, 'https://kaynat.nescostore.com/public/backend/kaynat.jpeg', 'kaynat.jpeg', NULL, 1, 250, 300, 350, NULL, '0006'),
(7, 6, NULL, 'tea tree facewash', NULL, NULL, 1, 'https://kaynat.nescostore.com/public/backend/kaynat.jpeg', 'kaynat.jpeg', NULL, 1, 290, 320, 380, NULL, '0007'),
(8, 6, NULL, 'tecnic highlighter', NULL, NULL, 1, 'https://kaynat.nescostore.com/public/backend/kaynat.jpeg', 'kaynat.jpeg', NULL, 1, 280, 310, 350, NULL, '0008'),
(9, 6, NULL, 'item 3', NULL, NULL, 1, 'https://kaynat.nescostore.com/public/backend/kaynat.jpeg', 'kaynat.jpeg', NULL, 1, 40, 55, 75, NULL, '0009'),
(10, 7, NULL, 'genji', NULL, NULL, 1, 'https://kaynat.nescostore.com/public/backend/kaynat.jpeg', 'kaynat.jpeg', NULL, 1, 130, 150, 150, NULL, '0010'),
(11, 6, NULL, 'tecnic', NULL, NULL, 1, 'https://kaynat.nescostore.com/public/backend/kaynat.jpeg', 'kaynat.jpeg', NULL, 1, 380, 420, 480, NULL, '0011'),
(12, 7, NULL, 'plazzu', NULL, NULL, 1, 'https://kaynat.nescostore.com/public/backend/kaynat.jpeg', 'kaynat.jpeg', NULL, 1, 105, 120, 150, NULL, '0012'),
(13, 7, NULL, 'oversize skart', NULL, NULL, 1, 'https://kaynat.nescostore.com/public/backend/kaynat.jpeg', 'kaynat.jpeg', NULL, 1, 220, 250, 300, NULL, '0013'),
(14, 1, NULL, 'party bag', NULL, NULL, 1, 'https://kaynat.nescostore.com/public/backend/kaynat.jpeg', 'kaynat.jpeg', NULL, 1, 950, 1200, 1200, NULL, '0014'),
(15, 5, NULL, 'dubai gold earring', NULL, NULL, 1, 'https://kaynat.nescostore.com/public/backend/kaynat.jpeg', 'kaynat.jpeg', NULL, 1, 200, 250, 280, NULL, '0015'),
(16, 1, NULL, 'party bag', NULL, NULL, 1, 'https://kaynat.nescostore.com/public/backend/kaynat.jpeg', 'kaynat.jpeg', NULL, 1, 500, 620, 700, NULL, '0016'),
(17, 5, NULL, 'earring', NULL, NULL, 1, 'https://kaynat.nescostore.com/public/backend/kaynat.jpeg', 'kaynat.jpeg', NULL, 1, 90, 90, 120, NULL, '0017'),
(18, 5, NULL, 'gajra eartop', NULL, NULL, 1, 'https://kaynat.nescostore.com/public/backend/kaynat.jpeg', 'kaynat.jpeg', NULL, 1, 90, 120, 160, NULL, '0018'),
(19, 8, NULL, 'band', NULL, NULL, 1, 'https://kaynat.nescostore.com/public/backend/images/product/231122clip.jpg', '231122clip.jpg', NULL, 1, 130, 160, 200, NULL, '0019'),
(20, 9, NULL, 'bag 13', NULL, NULL, 1, 'https://kaynat.nescostore.com/public/backend/kaynat.jpeg', 'kaynat.jpeg', NULL, 1, 650, 850, 950, NULL, '0020'),
(21, 9, NULL, 'travel bag small', NULL, NULL, 1, 'https://kaynat.nescostore.com/public/backend/kaynat.jpeg', 'kaynat.jpeg', NULL, 1, 550, 700, 800, NULL, '0021'),
(22, 9, NULL, 'bag', NULL, NULL, 1, 'https://kaynat.nescostore.com/public/backend/kaynat.jpeg', 'kaynat.jpeg', NULL, 1, 850, 950, 1200, NULL, '0022'),
(23, 1, NULL, 'wallet 4', NULL, NULL, 1, 'https://kaynat.nescostore.com/public/backend/kaynat.jpeg', 'kaynat.jpeg', NULL, 1, 800, 950, 1200, NULL, '0023'),
(24, 1, NULL, 'party bag', NULL, NULL, 1, 'https://kaynat.nescostore.com/public/backend/kaynat.jpeg', 'kaynat.jpeg', NULL, 1, 850, 950, 1200, NULL, '0024'),
(25, 10, NULL, 'daisy bag 1', NULL, NULL, 1, 'https://kaynat.nescostore.com/public/backend/kaynat.jpeg', 'kaynat.jpeg', NULL, 1, 280, 330, 400, NULL, '0025'),
(26, 10, NULL, 'bag with bagpack', NULL, NULL, 1, 'https://kaynat.nescostore.com/public/backend/kaynat.jpeg', 'kaynat.jpeg', NULL, 1, 280, 320, 420, NULL, '0026'),
(27, 1, NULL, 'purse', NULL, NULL, 1, 'https://kaynat.nescostore.com/public/backend/kaynat.jpeg', 'kaynat.jpeg', NULL, 1, 950, 970, 1400, NULL, '0027'),
(28, 1, NULL, 'purse 2', NULL, NULL, 1, 'https://kaynat.nescostore.com/public/backend/kaynat.jpeg', 'kaynat.jpeg', NULL, 1, 1000, 1050, 1200, NULL, '0028'),
(29, 10, NULL, 'make up bag', NULL, NULL, 1, 'https://kaynat.nescostore.com/public/backend/kaynat.jpeg', 'kaynat.jpeg', NULL, 1, 230, 270, 300, NULL, '0029'),
(30, 10, NULL, 'bag 9', NULL, NULL, 1, 'https://kaynat.nescostore.com/public/backend/kaynat.jpeg', 'kaynat.jpeg', NULL, 1, 350, 420, 500, NULL, '0030'),
(31, 10, NULL, 'daisy bag 2', NULL, NULL, 1, 'https://kaynat.nescostore.com/public/backend/kaynat.jpeg', 'kaynat.jpeg', NULL, 1, 250, 300, 400, NULL, '0031'),
(32, 10, NULL, 'bag 11', NULL, NULL, 1, 'https://kaynat.nescostore.com/public/backend/kaynat.jpeg', 'kaynat.jpeg', NULL, 1, 600, 850, 950, NULL, '0032'),
(33, 1, NULL, 'box bag 2', NULL, NULL, 1, 'https://kaynat.nescostore.com/public/backend/kaynat.jpeg', 'kaynat.jpeg', NULL, 1, 950, 1050, 1350, NULL, '0033'),
(34, 1, NULL, 'house bag', NULL, NULL, 1, 'https://kaynat.nescostore.com/public/backend/kaynat.jpeg', 'kaynat.jpeg', NULL, 1, 1300, 1450, 1600, NULL, '0034'),
(35, 1, NULL, 'bag', NULL, NULL, 1, 'https://kaynat.nescostore.com/public/backend/kaynat.jpeg', 'kaynat.jpeg', NULL, 1, 1000, 1200, 1400, NULL, '0035'),
(36, 10, NULL, 'make up bag', NULL, NULL, 1, 'https://kaynat.nescostore.com/public/backend/kaynat.jpeg', 'kaynat.jpeg', NULL, 1, 450, 540, 650, NULL, '0036'),
(37, 8, NULL, 'clip set 2', NULL, NULL, 1, 'https://kaynat.nescostore.com/public/backend/kaynat.jpeg', 'kaynat.jpeg', NULL, 1, 150, 170, 190, NULL, '0037'),
(38, 10, NULL, 'bag', NULL, NULL, 1, 'https://kaynat.nescostore.com/public/backend/kaynat.jpeg', 'kaynat.jpeg', NULL, 1, 250, 280, 350, NULL, '0038'),
(39, 8, NULL, 'clip set 3', NULL, NULL, 1, 'https://kaynat.nescostore.com/public/backend/kaynat.jpeg', 'kaynat.jpeg', NULL, 1, 130, 160, 220, NULL, '0039'),
(40, 2, NULL, 'school bag', NULL, NULL, 1, 'https://kaynat.nescostore.com/public/backend/kaynat.jpeg', 'kaynat.jpeg', NULL, 1, 800, 1200, 1500, NULL, '0040'),
(41, 10, NULL, 'fur bag', NULL, NULL, 1, 'https://kaynat.nescostore.com/public/backend/kaynat.jpeg', 'kaynat.jpeg', NULL, 1, 450, 450, 500, NULL, '0041'),
(42, 10, NULL, 'print bag', NULL, NULL, 1, 'https://kaynat.nescostore.com/public/backend/kaynat.jpeg', 'kaynat.jpeg', NULL, 1, 350, 350, 400, NULL, '0042'),
(43, 10, NULL, 'bag', NULL, NULL, 1, 'https://kaynat.nescostore.com/public/backend/kaynat.jpeg', 'kaynat.jpeg', NULL, 1, 300, 350, 400, NULL, '0043'),
(44, 10, NULL, 'bag', NULL, NULL, 1, 'https://kaynat.nescostore.com/public/backend/kaynat.jpeg', 'kaynat.jpeg', NULL, 1, 500, 550, 650, NULL, '0044'),
(45, 10, NULL, 'bag 12', NULL, NULL, 1, 'https://kaynat.nescostore.com/public/backend/kaynat.jpeg', 'kaynat.jpeg', NULL, 1, 250, 240, 380, NULL, '0045'),
(46, 10, NULL, 'bag', NULL, NULL, 1, 'https://kaynat.nescostore.com/public/backend/kaynat.jpeg', 'kaynat.jpeg', NULL, 1, 370, 400, 450, NULL, '0046'),
(47, 10, NULL, 'bag', NULL, NULL, 1, 'https://kaynat.nescostore.com/public/backend/kaynat.jpeg', 'kaynat.jpeg', NULL, 1, 150, 200, 250, NULL, '0047'),
(48, 10, NULL, 'baby bag', NULL, NULL, 1, 'https://kaynat.nescostore.com/public/backend/kaynat.jpeg', 'kaynat.jpeg', NULL, 1, 120, 140, 170, NULL, '0048'),
(49, 1, NULL, 'bag', NULL, NULL, 1, 'https://kaynat.nescostore.com/public/backend/kaynat.jpeg', 'kaynat.jpeg', NULL, 1, 1100, 1300, 1500, NULL, '0049'),
(50, 10, NULL, 'color bag', NULL, NULL, 1, 'https://kaynat.nescostore.com/public/backend/kaynat.jpeg', 'kaynat.jpeg', NULL, 1, 400, 450, 500, NULL, '0050'),
(51, 10, NULL, 'cute bag', NULL, NULL, 1, 'https://kaynat.nescostore.com/public/backend/kaynat.jpeg', 'kaynat.jpeg', NULL, 1, 300, 350, 350, NULL, '0051'),
(52, 10, NULL, 'bag', NULL, NULL, 1, 'https://kaynat.nescostore.com/public/backend/kaynat.jpeg', 'kaynat.jpeg', NULL, 1, 300, 300, 350, NULL, '0052'),
(53, 3, NULL, 'purse bag 3', NULL, NULL, 1, 'https://kaynat.nescostore.com/public/backend/kaynat.jpeg', 'kaynat.jpeg', NULL, 1, 500, 540, 600, NULL, '0053'),
(54, 8, NULL, 'clip set 4', NULL, NULL, 1, 'https://kaynat.nescostore.com/public/backend/kaynat.jpeg', 'kaynat.jpeg', NULL, 1, 150, 180, 240, NULL, '0054'),
(55, 15, NULL, 'pin', NULL, NULL, 1, 'https://kaynat.nescostore.com/public/backend/kaynat.jpeg', 'kaynat.jpeg', NULL, 1, 8, 10, 15, NULL, '0055'),
(56, 1, NULL, 'party bag', NULL, NULL, 1, 'https://kaynat.nescostore.com/public/backend/kaynat.jpeg', 'kaynat.jpeg', NULL, 1, 850, 1050, 1200, NULL, '0056'),
(57, 10, NULL, 'pad bag', NULL, NULL, 1, 'https://kaynat.nescostore.com/public/backend/kaynat.jpeg', 'kaynat.jpeg', NULL, 1, 90, 100, 150, NULL, '0057'),
(58, 10, NULL, 'bag pack 2', NULL, NULL, 1, 'https://kaynat.nescostore.com/public/backend/kaynat.jpeg', 'kaynat.jpeg', NULL, 1, 300, 350, 350, NULL, '0058'),
(59, 10, NULL, 'bagpack 2', NULL, NULL, 1, 'https://kaynat.nescostore.com/public/backend/kaynat.jpeg', 'kaynat.jpeg', NULL, 1, 380, 430, 980, NULL, '0059'),
(60, 10, NULL, 'pencil bag', NULL, NULL, 1, 'https://kaynat.nescostore.com/public/backend/kaynat.jpeg', 'kaynat.jpeg', NULL, 1, 100, 120, 150, NULL, '0060'),
(61, 10, NULL, 'black white bag', NULL, NULL, 1, 'https://kaynat.nescostore.com/public/backend/kaynat.jpeg', 'kaynat.jpeg', NULL, 1, 440, 500, 550, NULL, '0061'),
(62, 11, NULL, 'red dress', NULL, NULL, 1, 'https://kaynat.nescostore.com/public/backend/kaynat.jpeg', 'kaynat.jpeg', NULL, 1, 900, 950, 950, NULL, '0062'),
(63, 11, NULL, 'baby set', NULL, NULL, 1, 'https://kaynat.nescostore.com/public/backend/kaynat.jpeg', 'kaynat.jpeg', NULL, 1, 750, 850, 850, NULL, '0063'),
(64, 11, NULL, 'blue rupangel', NULL, NULL, 1, 'https://kaynat.nescostore.com/public/backend/kaynat.jpeg', 'kaynat.jpeg', NULL, 1, 1250, 1400, 1400, NULL, '0064'),
(65, 4, NULL, 'large bag', NULL, NULL, 1, 'https://kaynat.nescostore.com/public/backend/kaynat.jpeg', 'kaynat.jpeg', NULL, 1, 800, 1000, 1400, NULL, '0065'),
(66, 11, NULL, 'yellow dress', NULL, NULL, 1, 'https://kaynat.nescostore.com/public/backend/kaynat.jpeg', 'kaynat.jpeg', NULL, 1, 750, 800, 850, NULL, '0066'),
(67, 12, NULL, 'silk scarf', NULL, NULL, 1, 'https://kaynat.nescostore.com/public/backend/kaynat.jpeg', 'kaynat.jpeg', NULL, 1, 420, 480, 520, NULL, '0067'),
(68, 12, NULL, 'moslin scarf', NULL, NULL, 1, 'https://kaynat.nescostore.com/public/backend/kaynat.jpeg', 'kaynat.jpeg', NULL, 1, 450, 500, 550, NULL, '0068'),
(69, 12, NULL, 'small scarf', NULL, NULL, 1, 'https://kaynat.nescostore.com/public/backend/kaynat.jpeg', 'kaynat.jpeg', NULL, 1, 250, 250, 250, NULL, '0069'),
(70, 13, NULL, 'juta', NULL, NULL, 1, 'https://kaynat.nescostore.com/public/backend/kaynat.jpeg', 'kaynat.jpeg', NULL, 1, 800, 850, 850, NULL, '0070'),
(71, 6, NULL, 'churi', NULL, NULL, 1, 'https://kaynat.nescostore.com/public/backend/kaynat.jpeg', 'kaynat.jpeg', NULL, 1, 350, 400, 450, NULL, '0071'),
(72, 8, NULL, 'clip 9', NULL, NULL, 1, 'https://kaynat.nescostore.com/public/backend/kaynat.jpeg', 'kaynat.jpeg', NULL, 1, 100, 120, 150, NULL, '0072'),
(73, 14, NULL, 'coin bag', NULL, NULL, 1, 'https://kaynat.nescostore.com/public/backend/kaynat.jpeg', 'kaynat.jpeg', NULL, 1, 90, 120, 120, NULL, '0073'),
(74, 14, NULL, 'jar', NULL, NULL, 1, 'https://kaynat.nescostore.com/public/backend/kaynat.jpeg', 'kaynat.jpeg', NULL, 1, 150, 150, 150, NULL, '0074'),
(75, 8, NULL, 'clip set 7', NULL, NULL, 1, 'https://kaynat.nescostore.com/public/backend/kaynat.jpeg', 'kaynat.jpeg', NULL, 1, 200, 200, 250, NULL, '0075'),
(76, 13, NULL, 'juta', NULL, NULL, 1, 'https://kaynat.nescostore.com/public/backend/kaynat.jpeg', 'kaynat.jpeg', NULL, 1, 560, 650, 750, NULL, '0076'),
(77, 15, NULL, 'daimond cut churi', NULL, NULL, 1, 'https://kaynat.nescostore.com/public/backend/kaynat.jpeg', 'kaynat.jpeg', NULL, 1, 1380, 1500, 1650, NULL, '0077'),
(78, 14, NULL, 'mirror', NULL, NULL, 1, 'https://kaynat.nescostore.com/public/backend/kaynat.jpeg', 'kaynat.jpeg', NULL, 1, 110, 140, 180, NULL, '0078'),
(79, 14, NULL, 'mirror 2', NULL, NULL, 1, 'https://kaynat.nescostore.com/public/backend/kaynat.jpeg', 'kaynat.jpeg', NULL, 1, 90, 120, 150, NULL, '0079'),
(80, 15, NULL, 'churi', NULL, NULL, 1, 'https://kaynat.nescostore.com/public/backend/kaynat.jpeg', 'kaynat.jpeg', NULL, 1, 260, 300, 350, NULL, '0080'),
(81, 15, NULL, 'brooch set', NULL, NULL, 1, 'https://kaynat.nescostore.com/public/backend/kaynat.jpeg', 'kaynat.jpeg', NULL, 1, 140, 160, 180, NULL, '0081'),
(82, 14, NULL, 'pen', NULL, NULL, 1, 'https://kaynat.nescostore.com/public/backend/kaynat.jpeg', 'kaynat.jpeg', NULL, 1, 500, 600, 600, NULL, '0082'),
(83, 15, NULL, 'moon brooch', NULL, NULL, 1, 'https://kaynat.nescostore.com/public/backend/kaynat.jpeg', 'kaynat.jpeg', NULL, 1, 160, 250, 250, NULL, '0083'),
(84, 14, NULL, 'tape', NULL, NULL, 1, 'https://kaynat.nescostore.com/public/backend/kaynat.jpeg', 'kaynat.jpeg', NULL, 1, 120, 120, 150, NULL, '0084'),
(85, 15, NULL, 'crown brooch', NULL, NULL, 1, 'https://kaynat.nescostore.com/public/backend/kaynat.jpeg', 'kaynat.jpeg', NULL, 1, 100, 120, 150, NULL, '0085'),
(86, 13, NULL, 'juta', NULL, NULL, 1, 'https://kaynat.nescostore.com/public/backend/kaynat.jpeg', 'kaynat.jpeg', NULL, 1, 1100, 1250, 1250, NULL, '0086'),
(87, 13, NULL, 'shoe', NULL, NULL, 1, 'https://kaynat.nescostore.com/public/backend/kaynat.jpeg', 'kaynat.jpeg', NULL, 1, 450, 550, 600, NULL, '0087'),
(88, 15, NULL, 'brooch 2', NULL, NULL, 1, 'https://kaynat.nescostore.com/public/backend/kaynat.jpeg', 'kaynat.jpeg', NULL, 1, 150, 200, 250, NULL, '0088'),
(89, 15, NULL, 'brooch 3', NULL, NULL, 1, 'https://kaynat.nescostore.com/public/backend/kaynat.jpeg', 'kaynat.jpeg', NULL, 1, 130, 180, 240, NULL, '0089'),
(90, 15, NULL, 'brooch 4', NULL, NULL, 1, 'https://kaynat.nescostore.com/public/backend/kaynat.jpeg', 'kaynat.jpeg', NULL, 1, 150, 180, 250, NULL, '0090'),
(91, 15, NULL, 'brooch 5', NULL, NULL, 1, 'https://kaynat.nescostore.com/public/backend/kaynat.jpeg', 'kaynat.jpeg', NULL, 1, 130, 160, 240, NULL, '0091'),
(92, 15, NULL, 'brooch 6', NULL, NULL, 1, 'https://kaynat.nescostore.com/public/backend/kaynat.jpeg', 'kaynat.jpeg', NULL, 1, 80, 110, 150, NULL, '0092'),
(93, 15, NULL, 'brooch 7', NULL, NULL, 1, 'https://kaynat.nescostore.com/public/backend/kaynat.jpeg', 'kaynat.jpeg', NULL, 1, 150, 200, 260, NULL, '0093'),
(94, 15, NULL, 'brooch 9', NULL, NULL, 1, 'https://kaynat.nescostore.com/public/backend/kaynat.jpeg', 'kaynat.jpeg', NULL, 1, 140, 160, 200, NULL, '0094'),
(95, 14, NULL, 'huggies', NULL, NULL, 1, 'https://kaynat.nescostore.com/public/backend/kaynat.jpeg', 'kaynat.jpeg', NULL, 1, 1500, 1550, 1580, NULL, '0095'),
(96, 14, NULL, 'twinkle', NULL, NULL, 1, 'https://kaynat.nescostore.com/public/backend/kaynat.jpeg', 'kaynat.jpeg', NULL, 1, 580, 620, 650, NULL, '0096'),
(97, 14, NULL, 'urine alarm', NULL, NULL, 1, 'https://kaynat.nescostore.com/public/backend/kaynat.jpeg', 'kaynat.jpeg', NULL, 1, 110, 120, 160, NULL, '0097'),
(98, 6, NULL, 'facewash', NULL, NULL, 1, 'https://kaynat.nescostore.com/public/backend/kaynat.jpeg', 'kaynat.jpeg', NULL, 1, 420, 480, 550, NULL, '0098'),
(99, 14, NULL, 'twinkle tissue', NULL, NULL, 1, 'https://kaynat.nescostore.com/public/backend/kaynat.jpeg', 'kaynat.jpeg', NULL, 1, 185, 210, 230, NULL, '0099'),
(100, 14, NULL, 'neo care', NULL, NULL, 1, 'https://kaynat.nescostore.com/public/backend/kaynat.jpeg', 'kaynat.jpeg', NULL, 1, 165, 185, 210, NULL, '0100'),
(101, 6, NULL, 'lafz roller', NULL, NULL, 1, 'https://kaynat.nescostore.com/public/backend/kaynat.jpeg', 'kaynat.jpeg', NULL, 1, 90, 120, 150, NULL, '0101'),
(102, 14, NULL, 'hot water pot', NULL, NULL, 1, 'https://kaynat.nescostore.com/public/backend/kaynat.jpeg', 'kaynat.jpeg', NULL, 1, 60, 75, 90, NULL, '0102'),
(103, 14, NULL, 'soap holder', NULL, NULL, 1, 'https://kaynat.nescostore.com/public/backend/kaynat.jpeg', 'kaynat.jpeg', NULL, 1, 120, 140, 160, NULL, '0103'),
(104, 15, NULL, 'earring 1', NULL, NULL, 1, 'https://kaynat.nescostore.com/public/backend/kaynat.jpeg', 'kaynat.jpeg', NULL, 1, 50, 60, 90, NULL, '0104'),
(105, 6, NULL, 'false nail', NULL, NULL, 1, 'https://kaynat.nescostore.com/public/backend/kaynat.jpeg', 'kaynat.jpeg', NULL, 1, 110, 130, 180, NULL, '0105'),
(106, 6, NULL, 'dove lotion', NULL, NULL, 1, 'https://kaynat.nescostore.com/public/backend/kaynat.jpeg', 'kaynat.jpeg', NULL, 1, 550, 650, 700, NULL, '0106'),
(107, 6, NULL, 'neutrogena', NULL, NULL, 1, 'https://kaynat.nescostore.com/public/backend/kaynat.jpeg', 'kaynat.jpeg', NULL, 1, 560, 650, 740, NULL, '0107'),
(108, 14, NULL, 'watch 15', NULL, NULL, 1, 'https://kaynat.nescostore.com/public/backend/kaynat.jpeg', 'kaynat.jpeg', NULL, 1, 1000, 1150, 1250, NULL, '0108'),
(109, 6, NULL, 'shampo', NULL, NULL, 1, 'https://kaynat.nescostore.com/public/backend/kaynat.jpeg', 'kaynat.jpeg', NULL, 1, 630, 680, 730, NULL, '0109'),
(110, 6, NULL, 'loreal men roll on', NULL, NULL, 1, 'https://kaynat.nescostore.com/public/backend/kaynat.jpeg', 'kaynat.jpeg', NULL, 1, 290, 330, 380, NULL, '0110'),
(111, 14, NULL, 'watch 15', NULL, NULL, 1, 'https://kaynat.nescostore.com/public/backend/kaynat.jpeg', 'kaynat.jpeg', NULL, 1, 1000, 1100, 1200, NULL, '0111'),
(112, 14, NULL, 'loreal shower gel', NULL, NULL, 1, 'https://kaynat.nescostore.com/public/backend/kaynat.jpeg', 'kaynat.jpeg', NULL, 1, 460, 510, 550, NULL, '0112'),
(113, 6, NULL, 'lynx men shower gel', NULL, NULL, 1, 'https://kaynat.nescostore.com/public/backend/kaynat.jpeg', 'kaynat.jpeg', NULL, 1, 360, 410, 450, NULL, '0113'),
(114, 6, NULL, 'loreal hair gel', NULL, NULL, 1, 'https://kaynat.nescostore.com/public/backend/kaynat.jpeg', 'kaynat.jpeg', NULL, 1, 450, 500, 560, NULL, '0114'),
(115, 6, NULL, 'adidas shower gel', NULL, NULL, 1, 'https://kaynat.nescostore.com/public/backend/kaynat.jpeg', 'kaynat.jpeg', NULL, 1, 390, 450, 500, NULL, '0115'),
(116, 14, NULL, 'watch 21', NULL, NULL, 1, 'https://kaynat.nescostore.com/public/backend/kaynat.jpeg', 'kaynat.jpeg', NULL, 1, 1400, 1660, 1950, NULL, '0116'),
(117, 6, NULL, 'venus rajor', NULL, NULL, 1, 'https://kaynat.nescostore.com/public/backend/kaynat.jpeg', 'kaynat.jpeg', NULL, 1, 170, 200, 250, NULL, '0117'),
(118, 6, NULL, 'simple moistarizer', NULL, NULL, 1, 'https://kaynat.nescostore.com/public/backend/kaynat.jpeg', 'kaynat.jpeg', NULL, 1, 430, 520, 580, NULL, '0118'),
(119, 6, NULL, 'eyelah curler', NULL, NULL, 1, 'https://kaynat.nescostore.com/public/backend/kaynat.jpeg', 'kaynat.jpeg', NULL, 1, 90, 120, 150, NULL, '0119'),
(120, 14, NULL, 'watch 4', NULL, NULL, 1, 'https://kaynat.nescostore.com/public/backend/kaynat.jpeg', 'kaynat.jpeg', NULL, 1, 150, 180, 220, NULL, '0120'),
(121, 6, NULL, 'simple scrub', NULL, NULL, 1, 'https://kaynat.nescostore.com/public/backend/kaynat.jpeg', 'kaynat.jpeg', NULL, 1, 270, 340, 340, NULL, '0121'),
(122, 14, NULL, 'watch 5', NULL, NULL, 1, 'https://kaynat.nescostore.com/public/backend/kaynat.jpeg', 'kaynat.jpeg', NULL, 1, 550, 650, 650, NULL, '0122'),
(123, 6, NULL, 'facewash 2', NULL, NULL, 1, 'https://kaynat.nescostore.com/public/backend/kaynat.jpeg', 'kaynat.jpeg', NULL, 1, 200, 220, 240, NULL, '0123'),
(124, 6, NULL, 'sakura cleanser', NULL, NULL, 1, 'https://kaynat.nescostore.com/public/backend/kaynat.jpeg', 'kaynat.jpeg', NULL, 1, 150, 170, 170, NULL, '0124'),
(125, 6, NULL, 'scrub', NULL, NULL, 1, 'https://kaynat.nescostore.com/public/backend/kaynat.jpeg', 'kaynat.jpeg', NULL, 1, 220, 250, 250, NULL, '0125'),
(126, 6, NULL, 'clean  & care', NULL, NULL, 1, 'https://kaynat.nescostore.com/public/backend/kaynat.jpeg', 'kaynat.jpeg', NULL, 1, 350, 400, 450, NULL, '0126'),
(127, 6, NULL, 'make up puff', NULL, NULL, 1, 'https://kaynat.nescostore.com/public/backend/kaynat.jpeg', 'kaynat.jpeg', NULL, 1, 70, 90, 120, NULL, '0127'),
(128, 14, NULL, 'travel kit', NULL, NULL, 1, 'https://kaynat.nescostore.com/public/backend/kaynat.jpeg', 'kaynat.jpeg', NULL, 1, 170, 180, 180, NULL, '0128'),
(129, 14, NULL, 'china matt', NULL, NULL, 1, 'https://kaynat.nescostore.com/public/backend/kaynat.jpeg', 'kaynat.jpeg', NULL, 1, 150, 175, 220, NULL, '0129'),
(130, 6, NULL, 'vaselin', NULL, NULL, 1, 'https://kaynat.nescostore.com/public/backend/kaynat.jpeg', 'kaynat.jpeg', NULL, 1, 90, 120, 140, NULL, '0130'),
(131, 14, NULL, 'hand socks', NULL, NULL, 1, 'https://kaynat.nescostore.com/public/backend/kaynat.jpeg', 'kaynat.jpeg', NULL, 1, 95, 130, 150, NULL, '0131'),
(132, 14, NULL, 'watch 6', NULL, NULL, 1, 'https://kaynat.nescostore.com/public/backend/kaynat.jpeg', 'kaynat.jpeg', NULL, 1, 220, 250, 300, NULL, '0132'),
(133, 14, NULL, 'watch 7', NULL, NULL, 1, 'https://kaynat.nescostore.com/public/backend/kaynat.jpeg', 'kaynat.jpeg', NULL, 1, 170, 200, 230, NULL, '0133'),
(134, 14, NULL, 'watch 16', NULL, NULL, 1, 'https://kaynat.nescostore.com/public/backend/kaynat.jpeg', 'kaynat.jpeg', NULL, 1, 1000, 1150, 1280, NULL, '0134'),
(135, 15, NULL, 'clip 11', NULL, NULL, 1, 'https://kaynat.nescostore.com/public/backend/kaynat.jpeg', 'kaynat.jpeg', NULL, 1, 50, 60, 75, NULL, '0135'),
(136, 2, NULL, 'bag 2', NULL, NULL, 1, 'https://kaynat.nescostore.com/public/backend/kaynat.jpeg', 'kaynat.jpeg', NULL, 1, 450, 650, 750, NULL, '0136'),
(137, 14, NULL, 'socks', NULL, NULL, 1, 'https://kaynat.nescostore.com/public/backend/kaynat.jpeg', 'kaynat.jpeg', NULL, 1, 110, 140, 160, NULL, '0137'),
(138, 6, NULL, 'bob powder', NULL, NULL, 1, 'https://kaynat.nescostore.com/public/backend/kaynat.jpeg', 'kaynat.jpeg', NULL, 1, 165, 190, 250, NULL, '0138'),
(139, 15, NULL, 'clip 2', NULL, NULL, 1, 'https://kaynat.nescostore.com/public/backend/kaynat.jpeg', 'kaynat.jpeg', NULL, 1, 40, 50, 60, NULL, '0139'),
(140, 2, NULL, 'school bag 3', NULL, NULL, 1, 'https://kaynat.nescostore.com/public/backend/kaynat.jpeg', 'kaynat.jpeg', NULL, 1, 400, 550, 650, NULL, '0140'),
(141, 14, NULL, 'socks 2', NULL, NULL, 1, 'https://kaynat.nescostore.com/public/backend/kaynat.jpeg', 'kaynat.jpeg', NULL, 1, 60, 75, 100, NULL, '0141'),
(142, 6, NULL, 'emilie foundation', NULL, NULL, 1, 'https://kaynat.nescostore.com/public/backend/kaynat.jpeg', 'kaynat.jpeg', NULL, 1, 280, 310, 350, NULL, '0142'),
(143, 6, NULL, 'wet & wild foundation', NULL, NULL, 1, 'https://kaynat.nescostore.com/public/backend/kaynat.jpeg', 'kaynat.jpeg', NULL, 1, 570, 650, 750, NULL, '0143'),
(144, 6, NULL, 'straightner', NULL, NULL, 1, 'https://kaynat.nescostore.com/public/backend/kaynat.jpeg', 'kaynat.jpeg', NULL, 1, 240, 260, 300, NULL, '0144'),
(145, 6, NULL, 'milani foundation', NULL, NULL, 1, 'https://kaynat.nescostore.com/public/backend/kaynat.jpeg', 'kaynat.jpeg', NULL, 1, 590, 650, 750, NULL, '0145'),
(146, 15, NULL, 'strawberry earring', NULL, NULL, 1, 'https://kaynat.nescostore.com/public/backend/kaynat.jpeg', 'kaynat.jpeg', NULL, 1, 200, 200, 200, NULL, '0146'),
(147, 6, NULL, 'imagic foundation', NULL, NULL, 1, 'https://kaynat.nescostore.com/public/backend/kaynat.jpeg', 'kaynat.jpeg', NULL, 1, 360, 390, 420, NULL, '0147'),
(148, 6, NULL, 'profiber', NULL, NULL, 1, 'https://kaynat.nescostore.com/public/backend/kaynat.jpeg', 'kaynat.jpeg', NULL, 1, 165, 190, 290, NULL, '0148'),
(149, 6, NULL, 'imagic tube foundation', NULL, NULL, 1, 'https://kaynat.nescostore.com/public/backend/kaynat.jpeg', 'kaynat.jpeg', NULL, 1, 165, 200, 250, NULL, '0149'),
(150, 6, NULL, 'foundation', NULL, NULL, 1, 'https://kaynat.nescostore.com/public/backend/kaynat.jpeg', 'kaynat.jpeg', NULL, 1, 250, 290, 350, NULL, '0150'),
(151, 14, NULL, 'socks 3', NULL, NULL, 1, 'https://kaynat.nescostore.com/public/backend/kaynat.jpeg', 'kaynat.jpeg', NULL, 1, 60, 75, 90, NULL, '0151'),
(152, 6, NULL, 'note brush', NULL, NULL, 1, 'https://kaynat.nescostore.com/public/backend/kaynat.jpeg', 'kaynat.jpeg', NULL, 1, 340, 390, 430, NULL, '0152'),
(153, 6, NULL, 'item 4', NULL, NULL, 1, 'https://kaynat.nescostore.com/public/backend/kaynat.jpeg', 'kaynat.jpeg', NULL, 1, 400, 400, 480, NULL, '0153'),
(154, 6, NULL, 'bamboo brush set', NULL, NULL, 1, 'https://kaynat.nescostore.com/public/backend/kaynat.jpeg', 'kaynat.jpeg', NULL, 1, 250, 280, 350, NULL, '0154'),
(155, 15, NULL, 'watch 8', NULL, NULL, 1, 'https://kaynat.nescostore.com/public/backend/kaynat.jpeg', 'kaynat.jpeg', NULL, 1, 320, 350, 380, NULL, '0155'),
(156, 6, NULL, 'kabuki brush', NULL, NULL, 1, 'https://kaynat.nescostore.com/public/backend/kaynat.jpeg', 'kaynat.jpeg', NULL, 1, 190, 240, 280, NULL, '0156'),
(157, 6, NULL, 'mangee brush', NULL, NULL, 1, 'https://kaynat.nescostore.com/public/backend/kaynat.jpeg', 'kaynat.jpeg', NULL, 1, 220, 260, 320, NULL, '0157'),
(158, 6, NULL, 'mangee brush', NULL, NULL, 1, 'https://kaynat.nescostore.com/public/backend/kaynat.jpeg', 'kaynat.jpeg', NULL, 1, 270, 300, 350, NULL, '0158'),
(159, 15, NULL, 'zoava', NULL, NULL, 1, 'https://kaynat.nescostore.com/public/backend/kaynat.jpeg', 'kaynat.jpeg', NULL, 1, 380, 420, 450, NULL, '0159'),
(160, 15, NULL, 'brooch8', NULL, NULL, 1, 'https://kaynat.nescostore.com/public/backend/kaynat.jpeg', 'kaynat.jpeg', NULL, 1, 70, 100, 100, NULL, '0160'),
(161, 15, NULL, 'watch 9', NULL, NULL, 1, 'https://kaynat.nescostore.com/public/backend/kaynat.jpeg', 'kaynat.jpeg', NULL, 1, 940, 980, 980, NULL, '0161'),
(162, 6, NULL, 'cotton pad', NULL, NULL, 1, 'https://kaynat.nescostore.com/public/backend/kaynat.jpeg', 'kaynat.jpeg', NULL, 1, 90, 120, 150, NULL, '0162'),
(163, 15, NULL, 'chain 4', NULL, NULL, 1, 'https://kaynat.nescostore.com/public/backend/kaynat.jpeg', 'kaynat.jpeg', NULL, 1, 90, 120, 160, NULL, '0163'),
(164, 15, NULL, 'chain 8', NULL, NULL, 1, 'https://kaynat.nescostore.com/public/backend/kaynat.jpeg', 'kaynat.jpeg', NULL, 1, 150, 200, 240, NULL, '0164'),
(165, 15, NULL, 'daisy ring', NULL, NULL, 1, 'https://kaynat.nescostore.com/public/backend/kaynat.jpeg', 'kaynat.jpeg', NULL, 1, 50, 70, 100, NULL, '0165'),
(166, 15, NULL, 'bracelet 1', NULL, NULL, 1, 'https://kaynat.nescostore.com/public/backend/kaynat.jpeg', 'kaynat.jpeg', NULL, 1, 50, 70, 100, NULL, '0166'),
(167, 15, NULL, 'chain 7', NULL, NULL, 1, 'https://kaynat.nescostore.com/public/backend/kaynat.jpeg', 'kaynat.jpeg', NULL, 1, 150, 170, 220, NULL, '0167'),
(168, 15, NULL, 'chain 1', NULL, NULL, 1, 'https://kaynat.nescostore.com/public/backend/kaynat.jpeg', 'kaynat.jpeg', NULL, 1, 90, 100, 100, NULL, '0168'),
(169, 13, NULL, 'baby shoe', NULL, NULL, 1, 'https://kaynat.nescostore.com/public/backend/kaynat.jpeg', 'kaynat.jpeg', NULL, 1, 200, 210, 320, NULL, '0169'),
(170, 6, NULL, 'brush cleanser', NULL, NULL, 1, 'https://kaynat.nescostore.com/public/backend/kaynat.jpeg', 'kaynat.jpeg', NULL, 1, 120, 150, 150, NULL, '0170'),
(171, 6, NULL, 'music flower gwl eyeliner', NULL, NULL, 1, 'https://kaynat.nescostore.com/public/backend/kaynat.jpeg', 'kaynat.jpeg', NULL, 1, 120, 150, 220, NULL, '0171'),
(172, 6, NULL, 'pink flash powder', NULL, NULL, 1, 'https://kaynat.nescostore.com/public/backend/kaynat.jpeg', 'kaynat.jpeg', NULL, 1, 150, 190, 250, NULL, '0172'),
(173, 15, NULL, 'fish  chain', NULL, NULL, 1, 'https://kaynat.nescostore.com/public/backend/kaynat.jpeg', 'kaynat.jpeg', NULL, 1, 70, 100, 100, NULL, '0173'),
(174, 5, NULL, 'chain 5', NULL, NULL, 1, 'https://kaynat.nescostore.com/public/backend/kaynat.jpeg', 'kaynat.jpeg', NULL, 1, 100, 150, 190, NULL, '0174'),
(175, 15, NULL, 'chain 9', NULL, NULL, 1, 'https://kaynat.nescostore.com/public/backend/kaynat.jpeg', 'kaynat.jpeg', NULL, 1, 200, 250, 280, NULL, '0175'),
(176, 6, NULL, 'nail remover', NULL, NULL, 1, 'https://kaynat.nescostore.com/public/backend/kaynat.jpeg', 'kaynat.jpeg', NULL, 1, 90, 110, 130, NULL, '0176'),
(177, 6, NULL, 'twinkle rajor', NULL, NULL, 1, 'https://kaynat.nescostore.com/public/backend/kaynat.jpeg', 'kaynat.jpeg', NULL, 1, 70, 90, 90, NULL, '0177'),
(178, 13, NULL, 'boots', NULL, NULL, 1, 'https://kaynat.nescostore.com/public/backend/kaynat.jpeg', 'kaynat.jpeg', NULL, 1, 1000, 1050, 1150, NULL, '0178'),
(179, 13, NULL, 'boots 2', NULL, NULL, 1, 'https://kaynat.nescostore.com/public/backend/kaynat.jpeg', 'kaynat.jpeg', NULL, 1, 1550, 1620, 1750, NULL, '0179'),
(180, 13, NULL, 'boots 3', NULL, NULL, 1, 'https://kaynat.nescostore.com/public/backend/kaynat.jpeg', 'kaynat.jpeg', NULL, 1, 1150, 1200, 1280, NULL, '0180'),
(181, 13, NULL, 'boots 4', NULL, NULL, 1, 'https://kaynat.nescostore.com/public/backend/kaynat.jpeg', 'kaynat.jpeg', NULL, 1, 1100, 1150, 1280, NULL, '0181'),
(182, 13, NULL, 'shoe', NULL, NULL, 1, 'https://kaynat.nescostore.com/public/backend/kaynat.jpeg', 'kaynat.jpeg', NULL, 1, 700, 850, 1020, NULL, '0182'),
(183, 15, NULL, 'chain', NULL, NULL, 1, 'https://kaynat.nescostore.com/public/backend/kaynat.jpeg', 'kaynat.jpeg', NULL, 1, 55, 65, 80, NULL, '0183'),
(184, 13, NULL, 'snickers', NULL, NULL, 1, 'https://kaynat.nescostore.com/public/backend/kaynat.jpeg', 'kaynat.jpeg', NULL, 1, 1100, 1150, 1250, NULL, '0184'),
(185, 6, NULL, 'blender holder', NULL, NULL, 1, 'https://kaynat.nescostore.com/public/backend/kaynat.jpeg', 'kaynat.jpeg', NULL, 1, 1000, 120, 150, NULL, '0185'),
(186, 13, NULL, 'shoe 2', NULL, NULL, 1, 'https://kaynat.nescostore.com/public/backend/kaynat.jpeg', 'kaynat.jpeg', NULL, 1, 750, 1000, 1150, NULL, '0186'),
(187, 15, NULL, 'chain 11', NULL, NULL, 1, 'https://kaynat.nescostore.com/public/backend/kaynat.jpeg', 'kaynat.jpeg', NULL, 1, 220, 280, 320, NULL, '0187'),
(188, 15, NULL, 'chain 2', NULL, NULL, 1, 'https://kaynat.nescostore.com/public/backend/kaynat.jpeg', 'kaynat.jpeg', NULL, 0, 75, 90, 120, NULL, '0188'),
(189, 6, NULL, 'wet tissue', NULL, NULL, 1, 'https://kaynat.nescostore.com/public/backend/kaynat.jpeg', 'kaynat.jpeg', NULL, 1, 100, 120, 150, NULL, '0189'),
(190, 15, NULL, 'chain 3', NULL, NULL, 1, 'https://kaynat.nescostore.com/public/backend/kaynat.jpeg', 'kaynat.jpeg', NULL, 1, 100, 120, 150, NULL, '0190'),
(191, 6, NULL, 'bath brush', NULL, NULL, 1, 'https://kaynat.nescostore.com/public/backend/kaynat.jpeg', 'kaynat.jpeg', NULL, 1, 140, 170, 170, NULL, '0191'),
(192, 14, NULL, 'shoe pad', NULL, NULL, 1, 'https://kaynat.nescostore.com/public/backend/kaynat.jpeg', 'kaynat.jpeg', NULL, 1, 150, 170, 220, NULL, '0192'),
(193, 6, NULL, 'kajol', NULL, NULL, 1, 'https://kaynat.nescostore.com/public/backend/kaynat.jpeg', 'kaynat.jpeg', NULL, 1, 100, 120, 150, NULL, '0193'),
(194, 13, NULL, 'loofer', NULL, NULL, 1, 'https://kaynat.nescostore.com/public/backend/kaynat.jpeg', 'kaynat.jpeg', NULL, 1, 400, 440, 600, NULL, '0194'),
(195, 6, NULL, 'puff set', NULL, NULL, 1, 'https://kaynat.nescostore.com/public/backend/kaynat.jpeg', 'kaynat.jpeg', NULL, 1, 70, 90, 120, NULL, '0195'),
(196, 12, NULL, 'tops', NULL, NULL, 1, 'https://kaynat.nescostore.com/public/backend/kaynat.jpeg', 'kaynat.jpeg', NULL, 1, 450, 530, 600, NULL, '0196'),
(197, 12, NULL, 'tops 2', NULL, NULL, 1, 'https://kaynat.nescostore.com/public/backend/kaynat.jpeg', 'kaynat.jpeg', NULL, 1, 410, 500, 550, NULL, '0197'),
(198, 12, NULL, 'tops 3', NULL, NULL, 1, 'https://kaynat.nescostore.com/public/backend/kaynat.jpeg', 'kaynat.jpeg', NULL, 1, 500, 600, 720, NULL, '0198'),
(199, 12, NULL, 'Baby cotton dress', NULL, NULL, 1, 'https://kaynat.nescostore.com/public/backend/kaynat.jpeg', 'kaynat.jpeg', NULL, 1, 600, 820, 950, NULL, '0199'),
(200, 14, NULL, 'doll', NULL, NULL, 1, 'https://kaynat.nescostore.com/public/backend/kaynat.jpeg', 'kaynat.jpeg', NULL, 1, 100, 140, 180, NULL, '0200'),
(201, 12, NULL, 'baby cotton dress 2', NULL, NULL, 1, 'https://kaynat.nescostore.com/public/backend/kaynat.jpeg', 'kaynat.jpeg', NULL, 1, 520, 750, 900, NULL, '0201'),
(202, 12, NULL, 'baby tops', NULL, NULL, 1, 'https://kaynat.nescostore.com/public/backend/kaynat.jpeg', 'kaynat.jpeg', NULL, 1, 570, 780, 980, NULL, '0202'),
(203, 12, NULL, 'baby sweater', NULL, NULL, 1, 'https://kaynat.nescostore.com/public/backend/kaynat.jpeg', 'kaynat.jpeg', NULL, 1, 920, 1220, 1350, NULL, '0203'),
(204, 12, NULL, 'ramper', NULL, NULL, 1, 'https://kaynat.nescostore.com/public/backend/kaynat.jpeg', 'kaynat.jpeg', NULL, 1, 700, 1000, 1200, NULL, '0204'),
(205, 12, NULL, 'ramper', NULL, NULL, 1, 'https://kaynat.nescostore.com/public/backend/kaynat.jpeg', 'kaynat.jpeg', NULL, 1, 520, 650, 750, NULL, '0205'),
(206, 12, NULL, 'ramper 2', NULL, NULL, 1, 'https://kaynat.nescostore.com/public/backend/kaynat.jpeg', 'kaynat.jpeg', NULL, 1, 330, 480, 580, NULL, '0206'),
(207, 12, NULL, 'baby cotton dress 3', NULL, NULL, 1, 'https://kaynat.nescostore.com/public/backend/kaynat.jpeg', 'kaynat.jpeg', NULL, 1, 330, 500, 620, NULL, '0207'),
(208, 12, NULL, 'baby dress 4', NULL, NULL, 1, 'https://kaynat.nescostore.com/public/backend/kaynat.jpeg', 'kaynat.jpeg', NULL, 1, 330, 550, 720, NULL, '0208'),
(209, 12, NULL, 'ramper 3', NULL, NULL, 1, 'https://kaynat.nescostore.com/public/backend/kaynat.jpeg', 'kaynat.jpeg', NULL, 1, 380, 550, 650, NULL, '0209'),
(210, 14, NULL, 'baby dress 5', NULL, NULL, 1, 'https://kaynat.nescostore.com/public/backend/kaynat.jpeg', 'kaynat.jpeg', NULL, 1, 140, 200, 240, NULL, '0210'),
(211, 12, NULL, 'baby towel', NULL, NULL, 1, 'https://kaynat.nescostore.com/public/backend/kaynat.jpeg', 'kaynat.jpeg', NULL, 1, 200, 270, 350, NULL, '0211'),
(212, 12, NULL, 'boys genji', NULL, NULL, 1, 'https://kaynat.nescostore.com/public/backend/kaynat.jpeg', 'kaynat.jpeg', NULL, 1, 420, 550, 650, NULL, '0212'),
(213, 12, NULL, 'baby set 2', NULL, NULL, 1, 'https://kaynat.nescostore.com/public/backend/kaynat.jpeg', 'kaynat.jpeg', NULL, 1, 170, 250, 320, NULL, '0213'),
(214, 12, NULL, 'pant', NULL, NULL, 1, 'https://kaynat.nescostore.com/public/backend/kaynat.jpeg', 'kaynat.jpeg', NULL, 1, 100, 120, 150, NULL, '0214'),
(215, 12, NULL, 'baby set 3', NULL, NULL, 1, 'https://kaynat.nescostore.com/public/backend/kaynat.jpeg', 'kaynat.jpeg', NULL, 1, 170, 260, 350, NULL, '0215'),
(216, 12, NULL, 'genji 2', NULL, NULL, 1, 'https://kaynat.nescostore.com/public/backend/kaynat.jpeg', 'kaynat.jpeg', NULL, 1, 480, 700, 880, NULL, '0216'),
(217, 12, NULL, 'pant 2', NULL, NULL, 1, 'https://kaynat.nescostore.com/public/backend/kaynat.jpeg', 'kaynat.jpeg', NULL, 1, 270, 450, 550, NULL, '0217'),
(218, 12, NULL, 'baby set 4', NULL, NULL, 1, 'https://kaynat.nescostore.com/public/backend/kaynat.jpeg', 'kaynat.jpeg', NULL, 1, 280, 430, 520, NULL, '0218'),
(219, 13, NULL, 'shoe 3', NULL, NULL, 1, 'https://kaynat.nescostore.com/public/backend/kaynat.jpeg', 'kaynat.jpeg', NULL, 1, 400, 580, 650, NULL, '0219'),
(220, 13, NULL, 'lofer', NULL, NULL, 1, 'https://kaynat.nescostore.com/public/backend/kaynat.jpeg', 'kaynat.jpeg', NULL, 1, 800, 1100, 1350, NULL, '0220'),
(221, 14, NULL, 'bed set', NULL, NULL, 1, 'https://kaynat.nescostore.com/public/backend/kaynat.jpeg', 'kaynat.jpeg', NULL, 1, 820, 1200, 1400, NULL, '0221'),
(222, 12, NULL, 'tops 4', NULL, NULL, 1, 'https://kaynat.nescostore.com/public/backend/kaynat.jpeg', 'kaynat.jpeg', NULL, 1, 600, 760, 860, NULL, '0222'),
(223, 12, NULL, 'kaftan', NULL, NULL, 1, 'https://kaynat.nescostore.com/public/backend/kaynat.jpeg', 'kaynat.jpeg', NULL, 1, 470, 500, 540, NULL, '0223'),
(224, 12, NULL, 'tops 5', NULL, NULL, 1, 'https://kaynat.nescostore.com/public/backend/kaynat.jpeg', 'kaynat.jpeg', NULL, 1, 450, 600, 680, NULL, '0224'),
(225, 15, NULL, 'butterfly brooch', NULL, NULL, 1, 'https://kaynat.nescostore.com/public/backend/kaynat.jpeg', 'kaynat.jpeg', NULL, 1, 160, 190, 200, NULL, '0225'),
(226, 15, NULL, 'girl brooch', NULL, NULL, 1, 'https://kaynat.nescostore.com/public/backend/kaynat.jpeg', 'kaynat.jpeg', NULL, 1, 120, 160, 200, NULL, '0226'),
(227, 15, NULL, 'butterfly girl brooch', NULL, NULL, 1, 'https://kaynat.nescostore.com/public/backend/kaynat.jpeg', 'kaynat.jpeg', NULL, 1, 110, 160, 170, NULL, '0227'),
(228, 15, NULL, 'brooch 9', NULL, NULL, 1, 'https://kaynat.nescostore.com/public/backend/kaynat.jpeg', 'kaynat.jpeg', NULL, 1, 100, 150, 180, NULL, '0228'),
(229, 15, NULL, 'brooch 10', NULL, NULL, 1, 'https://kaynat.nescostore.com/public/backend/kaynat.jpeg', 'kaynat.jpeg', NULL, 1, 140, 180, 200, NULL, '0229'),
(230, 15, NULL, 'butterfly earring', NULL, NULL, 1, 'https://kaynat.nescostore.com/public/backend/kaynat.jpeg', 'kaynat.jpeg', NULL, 1, 110, 140, 190, NULL, '0230'),
(231, 15, NULL, 'butterfly earring 2', NULL, NULL, 1, 'https://kaynat.nescostore.com/public/backend/kaynat.jpeg', 'kaynat.jpeg', NULL, 1, 140, 170, 150, NULL, '0231'),
(232, 12, NULL, 'tops 6', NULL, NULL, 1, 'https://kaynat.nescostore.com/public/backend/kaynat.jpeg', 'kaynat.jpeg', NULL, 1, 800, 1000, 950, NULL, '0232'),
(233, 13, NULL, 'shoe 3', NULL, NULL, 1, 'https://kaynat.nescostore.com/public/backend/kaynat.jpeg', 'kaynat.jpeg', NULL, 1, 900, 1000, 1250, NULL, '0233'),
(234, 6, NULL, 'himalaya', NULL, NULL, 1, 'https://kaynat.nescostore.com/public/backend/kaynat.jpeg', 'kaynat.jpeg', NULL, 1, 200, 220, 250, NULL, '0234'),
(235, 6, NULL, 'ponds gel', NULL, NULL, 1, 'https://kaynat.nescostore.com/public/backend/kaynat.jpeg', 'kaynat.jpeg', NULL, 1, 280, 330, 380, NULL, '0235'),
(236, 14, NULL, 'perfume', NULL, NULL, 1, 'https://kaynat.nescostore.com/public/backend/kaynat.jpeg', 'kaynat.jpeg', NULL, 1, 265, 310, 350, NULL, '0236'),
(237, 6, NULL, 'enchanter powder', NULL, NULL, 1, 'https://kaynat.nescostore.com/public/backend/kaynat.jpeg', 'kaynat.jpeg', NULL, 1, 165, 210, 250, NULL, '0237'),
(238, 6, NULL, 'enchanter roll on', NULL, NULL, 1, 'https://kaynat.nescostore.com/public/backend/kaynat.jpeg', 'kaynat.jpeg', NULL, 1, 135, 160, 190, NULL, '0238'),
(239, 14, NULL, 'fog master', NULL, NULL, 1, 'https://kaynat.nescostore.com/public/backend/kaynat.jpeg', 'kaynat.jpeg', NULL, 1, 255, 340, 380, NULL, '0239'),
(240, 14, NULL, 'zm body spray', NULL, NULL, 1, 'https://kaynat.nescostore.com/public/backend/kaynat.jpeg', 'kaynat.jpeg', NULL, 1, 135, 200, 270, NULL, '0240'),
(241, 14, NULL, 'key ring', NULL, NULL, 1, 'https://kaynat.nescostore.com/public/backend/kaynat.jpeg', 'kaynat.jpeg', NULL, 1, 50, 70, 90, NULL, '0241'),
(242, 14, NULL, 'blue lady', NULL, NULL, 1, 'https://kaynat.nescostore.com/public/backend/kaynat.jpeg', 'kaynat.jpeg', NULL, 1, 320, 350, 420, NULL, '0242'),
(243, 14, NULL, 'key ring 1', NULL, NULL, 1, 'https://kaynat.nescostore.com/public/backend/kaynat.jpeg', 'kaynat.jpeg', NULL, 1, 60, 100, 140, NULL, '0243'),
(244, 14, NULL, 'ossum body spray', NULL, NULL, 1, 'https://kaynat.nescostore.com/public/backend/kaynat.jpeg', 'kaynat.jpeg', NULL, 1, 255, 290, 320, NULL, '0244'),
(245, 6, NULL, 'dove soap', NULL, NULL, 1, 'https://kaynat.nescostore.com/public/backend/kaynat.jpeg', 'kaynat.jpeg', NULL, 1, 130, 150, 170, NULL, '0245'),
(246, 6, NULL, 'dove soap', NULL, NULL, 1, 'https://kaynat.nescostore.com/public/backend/kaynat.jpeg', 'kaynat.jpeg', NULL, 1, 155, 180, 220, NULL, '0246'),
(247, 14, NULL, 'enchanter spray', NULL, NULL, 1, 'https://kaynat.nescostore.com/public/backend/kaynat.jpeg', 'kaynat.jpeg', NULL, 1, 230, 290, 340, NULL, '0247'),
(248, 14, NULL, 'color me body spray', NULL, NULL, 1, 'https://kaynat.nescostore.com/public/backend/kaynat.jpeg', 'kaynat.jpeg', NULL, 1, 285, 320, 370, NULL, '0248'),
(249, 6, NULL, 'enchanter powder', NULL, NULL, 1, 'https://kaynat.nescostore.com/public/backend/kaynat.jpeg', 'kaynat.jpeg', NULL, 1, 260, 320, 380, NULL, '0249'),
(250, 6, NULL, 'lofer', NULL, NULL, 1, 'https://kaynat.nescostore.com/public/backend/kaynat.jpeg', 'kaynat.jpeg', NULL, 1, 110, 150, 180, NULL, '0250'),
(251, 6, NULL, 'scruber', NULL, NULL, 1, 'https://kaynat.nescostore.com/public/backend/kaynat.jpeg', 'kaynat.jpeg', NULL, 1, 70, 100, 120, NULL, '0251'),
(252, 14, NULL, 'earring box', NULL, NULL, 1, 'https://kaynat.nescostore.com/public/backend/kaynat.jpeg', 'kaynat.jpeg', NULL, 1, 30, 50, 80, NULL, '0252'),
(253, 14, NULL, 'katha m', NULL, NULL, 1, 'https://kaynat.nescostore.com/public/backend/kaynat.jpeg', 'kaynat.jpeg', NULL, 1, 100, 130, 150, NULL, '0253'),
(254, 14, NULL, 'katha L', NULL, NULL, 1, 'https://kaynat.nescostore.com/public/backend/kaynat.jpeg', 'kaynat.jpeg', NULL, 1, 110, 140, 170, NULL, '0254'),
(255, 14, NULL, 'comb', NULL, NULL, 1, 'https://kaynat.nescostore.com/public/backend/kaynat.jpeg', 'kaynat.jpeg', NULL, 1, 150, 200, 250, NULL, '0255'),
(256, 14, NULL, 'juicer', NULL, NULL, 1, 'https://kaynat.nescostore.com/public/backend/kaynat.jpeg', 'kaynat.jpeg', NULL, 1, 95, 120, 150, NULL, '0256'),
(257, 13, NULL, 'baby shoe', NULL, NULL, 1, 'https://kaynat.nescostore.com/public/backend/kaynat.jpeg', 'kaynat.jpeg', NULL, 1, 120, 190, 250, NULL, '0257'),
(258, 14, NULL, 'baby product', NULL, NULL, 1, 'https://kaynat.nescostore.com/public/backend/kaynat.jpeg', 'kaynat.jpeg', NULL, 1, 30, 30, 50, NULL, '0258'),
(259, 6, NULL, 'blender set', NULL, NULL, 1, 'https://kaynat.nescostore.com/public/backend/kaynat.jpeg', 'kaynat.jpeg', NULL, 1, 115, 150, 180, NULL, '0259'),
(260, 6, NULL, '3 q powder', NULL, NULL, 1, 'https://kaynat.nescostore.com/public/backend/kaynat.jpeg', 'kaynat.jpeg', NULL, 1, 160, 200, 250, NULL, '0260'),
(261, 14, NULL, 'bathsalt', NULL, NULL, 1, 'https://kaynat.nescostore.com/public/backend/kaynat.jpeg', 'kaynat.jpeg', NULL, 1, 310, 300, 380, NULL, '0261'),
(262, 6, NULL, 'la girl concealer', NULL, NULL, 1, 'https://kaynat.nescostore.com/public/backend/kaynat.jpeg', 'kaynat.jpeg', NULL, 1, 55, 100, 100, NULL, '0262'),
(263, 6, NULL, 'nail polish', NULL, NULL, 1, 'https://kaynat.nescostore.com/public/backend/kaynat.jpeg', 'kaynat.jpeg', NULL, 1, 55, 75, 100, NULL, '0263'),
(264, 6, NULL, 'baby skin primer', NULL, NULL, 1, 'https://kaynat.nescostore.com/public/backend/kaynat.jpeg', 'kaynat.jpeg', NULL, 1, 145, 200, 250, NULL, '0264'),
(265, 6, NULL, 'nail polish 2', NULL, NULL, 1, 'https://kaynat.nescostore.com/public/backend/kaynat.jpeg', 'kaynat.jpeg', NULL, 1, 70, 120, 150, NULL, '0265'),
(266, 6, NULL, 'cerave', NULL, NULL, 1, 'https://kaynat.nescostore.com/public/backend/kaynat.jpeg', 'kaynat.jpeg', NULL, 1, 670, 750, 790, NULL, '0266'),
(267, 6, NULL, 'neutrogena water gel', NULL, NULL, 1, 'https://kaynat.nescostore.com/public/backend/kaynat.jpeg', 'kaynat.jpeg', NULL, 1, 900, 1150, 1300, NULL, '0267'),
(268, 6, NULL, 'nail polish 3', NULL, NULL, 1, 'https://kaynat.nescostore.com/public/backend/kaynat.jpeg', 'kaynat.jpeg', NULL, 1, 50, 90, 120, NULL, '0268'),
(269, 6, NULL, 'nail polish 4', NULL, NULL, 1, 'https://kaynat.nescostore.com/public/backend/kaynat.jpeg', 'kaynat.jpeg', NULL, 1, 70, 100, 150, NULL, '0269'),
(270, 6, NULL, 'misha soft finish sunscreen', NULL, NULL, 1, 'https://kaynat.nescostore.com/public/backend/kaynat.jpeg', 'kaynat.jpeg', NULL, 1, 920, 1080, 1250, NULL, '0270'),
(271, 6, NULL, 'baby skin powder', NULL, NULL, 1, 'https://kaynat.nescostore.com/public/backend/kaynat.jpeg', 'kaynat.jpeg', NULL, 1, 150, 200, 250, NULL, '0271'),
(272, 6, NULL, 'rice serum', NULL, NULL, 1, 'https://kaynat.nescostore.com/public/backend/kaynat.jpeg', 'kaynat.jpeg', NULL, 1, 125, 150, 150, NULL, '0272'),
(273, 6, NULL, 'brush', NULL, NULL, 1, 'https://kaynat.nescostore.com/public/backend/kaynat.jpeg', 'kaynat.jpeg', NULL, 1, 210, 250, 300, NULL, '0273'),
(274, 6, NULL, 'sg mashkara', NULL, NULL, 1, 'https://kaynat.nescostore.com/public/backend/kaynat.jpeg', 'kaynat.jpeg', NULL, 1, 125, 160, 190, NULL, '0274'),
(275, 6, NULL, 'w7 eyeliner', NULL, NULL, 1, 'https://kaynat.nescostore.com/public/backend/kaynat.jpeg', 'kaynat.jpeg', NULL, 1, 140, 170, 190, NULL, '0275'),
(276, 6, NULL, 'Tecnic mashkara', NULL, NULL, 1, 'https://kaynat.nescostore.com/public/backend/kaynat.jpeg', 'kaynat.jpeg', NULL, 1, 250, 280, 320, NULL, '0276'),
(277, 6, NULL, 'L A girl settings spray', NULL, NULL, 1, 'https://kaynat.nescostore.com/public/backend/kaynat.jpeg', 'kaynat.jpeg', NULL, 1, 330, 390, 450, NULL, '0277'),
(278, 6, NULL, 'essence mashkara', NULL, NULL, 1, 'https://kaynat.nescostore.com/public/backend/kaynat.jpeg', 'kaynat.jpeg', NULL, 1, 110, 200, 250, NULL, '0278'),
(279, 6, NULL, 'music flower eyeliner', NULL, NULL, 1, 'https://kaynat.nescostore.com/public/backend/kaynat.jpeg', 'kaynat.jpeg', NULL, 1, 115, 150, 180, NULL, '0279'),
(280, 6, NULL, '3d mashkara', NULL, NULL, 1, 'https://kaynat.nescostore.com/public/backend/kaynat.jpeg', 'kaynat.jpeg', NULL, 1, 95, 140, 180, NULL, '0280'),
(281, 6, NULL, 'bob mashkara', NULL, NULL, 1, 'https://kaynat.nescostore.com/public/backend/kaynat.jpeg', 'kaynat.jpeg', NULL, 1, 145, 200, 250, NULL, '0281'),
(282, 6, NULL, 'natcha serum', NULL, NULL, 1, 'https://kaynat.nescostore.com/public/backend/kaynat.jpeg', 'kaynat.jpeg', NULL, 1, 220, 250, 300, NULL, '0282'),
(283, 6, NULL, 'imagic powder', NULL, NULL, 1, 'https://kaynat.nescostore.com/public/backend/kaynat.jpeg', 'kaynat.jpeg', NULL, 1, 215, 250, 280, NULL, '0283'),
(284, 6, NULL, 'sheet mask', NULL, NULL, 1, 'https://kaynat.nescostore.com/public/backend/kaynat.jpeg', 'kaynat.jpeg', NULL, 1, 35, 45, 60, NULL, '0284'),
(285, 6, NULL, 'lipstick', NULL, NULL, 1, 'https://kaynat.nescostore.com/public/backend/kaynat.jpeg', 'kaynat.jpeg', NULL, 1, 90, 110, 150, NULL, '0285'),
(286, 6, NULL, 'wet & wild lipstick', NULL, NULL, 1, 'https://kaynat.nescostore.com/public/backend/kaynat.jpeg', 'kaynat.jpeg', NULL, 1, 365, 400, 420, NULL, '0286'),
(287, 6, NULL, 'imagic', NULL, NULL, 1, 'https://kaynat.nescostore.com/public/backend/kaynat.jpeg', 'kaynat.jpeg', NULL, 1, 165, 200, 250, NULL, '0287'),
(288, 6, NULL, 'lipstick 2', NULL, NULL, 1, 'https://kaynat.nescostore.com/public/backend/kaynat.jpeg', 'kaynat.jpeg', NULL, 1, 60, 90, 120, NULL, '0288'),
(289, 6, NULL, 'lipstick 3', NULL, NULL, 1, 'https://kaynat.nescostore.com/public/backend/kaynat.jpeg', 'kaynat.jpeg', NULL, 1, 50, 80, 100, NULL, '0289'),
(290, 6, NULL, 'lipstick 4', NULL, NULL, 1, 'https://kaynat.nescostore.com/public/backend/kaynat.jpeg', 'kaynat.jpeg', NULL, 1, 130, 170, 200, NULL, '0290'),
(291, 6, NULL, 'birthday lash glue', NULL, NULL, 1, 'https://kaynat.nescostore.com/public/backend/kaynat.jpeg', 'kaynat.jpeg', NULL, 1, 55, 80, 120, NULL, '0291'),
(292, 6, NULL, 'eyebrow pencil', NULL, NULL, 1, 'https://kaynat.nescostore.com/public/backend/kaynat.jpeg', 'kaynat.jpeg', NULL, 1, 20, 50, 80, NULL, '0292'),
(293, 6, NULL, 'white kajol', NULL, NULL, 1, 'https://kaynat.nescostore.com/public/backend/kaynat.jpeg', 'kaynat.jpeg', NULL, 1, 20, 50, 80, NULL, '0293'),
(294, 6, NULL, 'lip liner', NULL, NULL, 1, 'https://kaynat.nescostore.com/public/backend/kaynat.jpeg', 'kaynat.jpeg', NULL, 1, 15, 40, 60, NULL, '0294'),
(295, 6, NULL, 'cmadu eyeliner', NULL, NULL, 1, 'https://kaynat.nescostore.com/public/backend/kaynat.jpeg', 'kaynat.jpeg', NULL, 1, 90, 120, 120, NULL, '0295'),
(296, 6, NULL, 'lipstick 5', NULL, NULL, 1, 'https://kaynat.nescostore.com/public/backend/kaynat.jpeg', 'kaynat.jpeg', NULL, 1, 150, 200, 250, NULL, '0296'),
(297, 6, NULL, 'lipstick 6', NULL, NULL, 1, 'https://kaynat.nescostore.com/public/backend/kaynat.jpeg', 'kaynat.jpeg', NULL, 1, 220, 240, 280, NULL, '0297'),
(298, 6, NULL, 'lense', NULL, NULL, 1, 'https://kaynat.nescostore.com/public/backend/kaynat.jpeg', 'kaynat.jpeg', NULL, 1, 130, 160, 200, NULL, '0298'),
(299, 12, NULL, 'tops 7', NULL, NULL, 1, 'https://kaynat.nescostore.com/public/backend/kaynat.jpeg', 'kaynat.jpeg', NULL, 1, 450, 550, 650, NULL, '0299'),
(300, 6, NULL, 'IVONA FOUNDATION', NULL, NULL, 1, 'https://kaynat.nescostore.com/public/backend/kaynat.jpeg', 'kaynat.jpeg', NULL, 1, 280, 350, 350, NULL, '0300'),
(301, 6, NULL, 'TECNIC glitter spray', NULL, NULL, 1, 'https://kaynat.nescostore.com/public/backend/kaynat.jpeg', 'kaynat.jpeg', NULL, 1, 330, 350, 380, NULL, '0301'),
(302, 6, NULL, 'tecnic spray', NULL, NULL, 1, 'https://kaynat.nescostore.com/public/backend/kaynat.jpeg', 'kaynat.jpeg', NULL, 1, 300, 320, 350, NULL, '0302'),
(303, 6, NULL, 'la girl primer', NULL, NULL, 1, 'https://kaynat.nescostore.com/public/backend/kaynat.jpeg', 'kaynat.jpeg', NULL, 1, 150, 200, 250, NULL, '0303'),
(304, 6, NULL, 'imagic foundation 2', NULL, NULL, 1, 'https://kaynat.nescostore.com/public/backend/kaynat.jpeg', 'kaynat.jpeg', NULL, 1, 250, 300, 350, NULL, '0304'),
(305, 6, NULL, 'wet & wild primer', NULL, NULL, 1, 'https://kaynat.nescostore.com/public/backend/kaynat.jpeg', 'kaynat.jpeg', NULL, 1, 490, 510, 550, NULL, '0305'),
(306, 6, NULL, 'remover', NULL, NULL, 1, 'https://kaynat.nescostore.com/public/backend/kaynat.jpeg', 'kaynat.jpeg', NULL, 1, 150, 200, 250, NULL, '0306'),
(307, 4, NULL, 'bag', NULL, NULL, 1, 'https://kaynat.nescostore.com/public/backend/kaynat.jpeg', 'kaynat.jpeg', NULL, 1, 999, 1350, 1550, NULL, '0307'),
(308, 14, NULL, 'bottle', NULL, NULL, 1, 'https://kaynat.nescostore.com/public/backend/kaynat.jpeg', 'kaynat.jpeg', NULL, 1, 190, 230, 250, NULL, '0308'),
(309, 14, NULL, 'bottle 2', NULL, NULL, 1, 'https://kaynat.nescostore.com/public/backend/kaynat.jpeg', 'kaynat.jpeg', NULL, 1, 450, 500, 550, NULL, '0309'),
(310, 14, NULL, 'bottle 3', NULL, NULL, 1, 'https://kaynat.nescostore.com/public/backend/kaynat.jpeg', 'kaynat.jpeg', NULL, 1, 250, 300, 350, NULL, '0310'),
(311, 14, NULL, 'bootle 4', NULL, NULL, 1, 'https://kaynat.nescostore.com/public/backend/kaynat.jpeg', 'kaynat.jpeg', NULL, 1, 280, 320, 380, NULL, NULL),
(312, 14, NULL, 'bottle 4', NULL, NULL, 1, 'https://kaynat.nescostore.com/public/backend/kaynat.jpeg', 'kaynat.jpeg', NULL, 1, 280, 320, 380, NULL, '0312'),
(313, 14, NULL, 'ring box', NULL, NULL, 1, 'https://kaynat.nescostore.com/public/backend/kaynat.jpeg', 'kaynat.jpeg', NULL, 1, 110, 140, 180, NULL, '0313'),
(314, 14, NULL, 'ring box 2', NULL, NULL, 1, 'https://kaynat.nescostore.com/public/backend/kaynat.jpeg', 'kaynat.jpeg', NULL, 1, 110, 150, 200, NULL, '0314'),
(315, 14, NULL, 'item', NULL, NULL, 1, 'https://kaynat.nescostore.com/public/backend/kaynat.jpeg', 'kaynat.jpeg', NULL, 1, 100, 150, 150, NULL, '0315'),
(316, 14, NULL, 'wall hanger', NULL, NULL, 1, 'https://kaynat.nescostore.com/public/backend/kaynat.jpeg', 'kaynat.jpeg', NULL, 1, 150, 200, 200, NULL, '0316'),
(317, 15, NULL, 'clip 3', NULL, NULL, 1, 'https://kaynat.nescostore.com/public/backend/kaynat.jpeg', 'kaynat.jpeg', NULL, 1, 40, 50, 70, NULL, '0317'),
(318, 6, NULL, 'facewash 3', NULL, NULL, 1, 'https://kaynat.nescostore.com/public/backend/kaynat.jpeg', 'kaynat.jpeg', NULL, 1, 400, 450, 520, NULL, '0318');
INSERT INTO `products` (`product_id`, `sc_one_id`, `attribute_id`, `product_name`, `avg_rating`, `product_description`, `unit_type`, `image_path`, `product_image`, `sku_no`, `is_active`, `cost_price`, `bulk_price`, `sales_price`, `vat`, `barcode`) VALUES
(319, 14, NULL, 'comb', NULL, NULL, 1, 'https://kaynat.nescostore.com/public/backend/kaynat.jpeg', 'kaynat.jpeg', NULL, 1, 120, 150, 150, NULL, '0319'),
(320, 15, NULL, 'clip 4', NULL, NULL, 1, 'https://kaynat.nescostore.com/public/backend/kaynat.jpeg', 'kaynat.jpeg', NULL, 1, 25, 35, 50, NULL, '0320'),
(321, 6, NULL, 'moistarizer lotion', NULL, NULL, 1, 'https://kaynat.nescostore.com/public/backend/kaynat.jpeg', 'kaynat.jpeg', NULL, 1, 650, 700, 750, NULL, '0321'),
(322, 6, NULL, 'cosmetics', NULL, NULL, 1, 'https://kaynat.nescostore.com/public/backend/kaynat.jpeg', 'kaynat.jpeg', NULL, 1, 750, 800, 850, NULL, '0322'),
(323, 6, NULL, 'cosmetics', NULL, NULL, 1, 'https://kaynat.nescostore.com/public/backend/kaynat.jpeg', 'kaynat.jpeg', NULL, 1, 450, 450, 500, NULL, '0323'),
(324, 6, NULL, 'cerave', NULL, NULL, 1, 'https://kaynat.nescostore.com/public/backend/kaynat.jpeg', 'kaynat.jpeg', NULL, 1, 1250, 1350, 1450, NULL, '0324'),
(325, 14, NULL, 'mirror', NULL, NULL, 1, 'https://kaynat.nescostore.com/public/backend/kaynat.jpeg', 'kaynat.jpeg', NULL, 1, 700, 850, 950, NULL, '0325'),
(326, 15, NULL, 'clip 5', NULL, NULL, 1, 'https://kaynat.nescostore.com/public/backend/kaynat.jpeg', 'kaynat.jpeg', NULL, 1, 25, 30, 40, NULL, '0326'),
(327, 8, NULL, 'clip 6', NULL, NULL, 1, 'https://kaynat.nescostore.com/public/backend/kaynat.jpeg', 'kaynat.jpeg', NULL, 1, 30, 45, 60, NULL, '0327'),
(328, 14, NULL, 'rose', NULL, NULL, 1, 'https://kaynat.nescostore.com/public/backend/kaynat.jpeg', 'kaynat.jpeg', NULL, 1, 250, 300, 300, NULL, '0328'),
(329, 8, NULL, 'clip 7', NULL, NULL, 1, 'https://kaynat.nescostore.com/public/backend/kaynat.jpeg', 'kaynat.jpeg', NULL, 1, 50, 60, 80, NULL, '0329'),
(330, 8, NULL, 'clip 8', NULL, NULL, 1, 'https://kaynat.nescostore.com/public/backend/kaynat.jpeg', 'kaynat.jpeg', NULL, 1, 65, 75, 90, NULL, '0330'),
(331, 14, NULL, 'light mirror', NULL, NULL, 1, 'https://kaynat.nescostore.com/public/backend/kaynat.jpeg', 'kaynat.jpeg', NULL, 1, 420, 500, 550, NULL, '0331'),
(332, 3, NULL, 'bag', NULL, NULL, 1, 'https://kaynat.nescostore.com/public/backend/kaynat.jpeg', 'kaynat.jpeg', NULL, 1, 1500, 1900, 2200, NULL, '0332'),
(333, 14, NULL, 'touch light', NULL, NULL, 1, 'https://kaynat.nescostore.com/public/backend/kaynat.jpeg', 'kaynat.jpeg', NULL, 1, 1000, 1200, 1200, NULL, '0333'),
(334, 6, NULL, 'hand cream', NULL, NULL, 1, 'https://kaynat.nescostore.com/public/backend/kaynat.jpeg', 'kaynat.jpeg', NULL, 1, 50, 60, 80, NULL, '0334'),
(335, 6, NULL, 'mask', NULL, NULL, 1, 'https://kaynat.nescostore.com/public/backend/kaynat.jpeg', 'kaynat.jpeg', NULL, 1, 5, 5, 10, NULL, '0335'),
(336, 15, NULL, 'clip', NULL, NULL, 1, 'https://kaynat.nescostore.com/public/backend/kaynat.jpeg', 'kaynat.jpeg', NULL, 1, 70, 80, 100, NULL, '0336'),
(337, 14, NULL, 'selfie light', NULL, NULL, 1, 'https://kaynat.nescostore.com/public/backend/kaynat.jpeg', 'kaynat.jpeg', NULL, 1, 100, 120, 150, NULL, '0337'),
(338, 6, NULL, 'make up sponge', NULL, NULL, 1, 'https://kaynat.nescostore.com/public/backend/kaynat.jpeg', 'kaynat.jpeg', NULL, 1, 60, 80, 120, NULL, '0338'),
(339, 8, NULL, 'clip', NULL, NULL, 1, 'https://kaynat.nescostore.com/public/backend/kaynat.jpeg', 'kaynat.jpeg', NULL, 1, 80, 90, 120, NULL, '0339'),
(340, 14, NULL, 'neon  light', NULL, NULL, 1, 'https://kaynat.nescostore.com/public/backend/kaynat.jpeg', 'kaynat.jpeg', NULL, 1, 450, 500, 550, NULL, '0340'),
(341, 6, NULL, 'blender jar', NULL, NULL, 1, 'https://kaynat.nescostore.com/public/backend/kaynat.jpeg', 'kaynat.jpeg', NULL, 1, 150, 200, 250, NULL, '0341'),
(342, 15, NULL, 'band 2', NULL, NULL, 1, 'https://kaynat.nescostore.com/public/backend/kaynat.jpeg', 'kaynat.jpeg', NULL, 1, 120, 150, 180, NULL, '0342'),
(343, 14, NULL, 'bag 1', NULL, NULL, 1, 'https://kaynat.nescostore.com/public/backend/kaynat.jpeg', 'kaynat.jpeg', NULL, 1, 110, 140, 180, NULL, '0343'),
(344, 14, NULL, 'coin bag 2', NULL, NULL, 1, 'https://kaynat.nescostore.com/public/backend/kaynat.jpeg', 'kaynat.jpeg', NULL, 1, 70, 100, 150, NULL, '0344'),
(345, 6, NULL, 'solution', NULL, NULL, 1, 'https://kaynat.nescostore.com/public/backend/kaynat.jpeg', 'kaynat.jpeg', NULL, 1, 100, 150, 150, NULL, '0345'),
(346, 14, NULL, 'pot', NULL, NULL, 1, 'https://kaynat.nescostore.com/public/backend/kaynat.jpeg', 'kaynat.jpeg', NULL, 1, 240, 280, 320, NULL, '0346'),
(347, 14, NULL, 'socks 4', NULL, NULL, 1, 'https://kaynat.nescostore.com/public/backend/kaynat.jpeg', 'kaynat.jpeg', NULL, 1, 100, 130, 180, NULL, '0347'),
(348, 14, NULL, 'item', NULL, NULL, 1, 'https://kaynat.nescostore.com/public/backend/kaynat.jpeg', 'kaynat.jpeg', NULL, 1, 90, 100, 120, NULL, '0348'),
(349, 6, NULL, 'brush set', NULL, NULL, 1, 'https://kaynat.nescostore.com/public/backend/kaynat.jpeg', 'kaynat.jpeg', NULL, 1, 600, 650, 650, NULL, '0349'),
(350, 6, NULL, 'brush set 2', NULL, NULL, 1, 'https://kaynat.nescostore.com/public/backend/kaynat.jpeg', 'kaynat.jpeg', NULL, 1, 170, 220, 220, NULL, '0350'),
(351, 6, NULL, 'glycerin', NULL, NULL, 1, 'https://kaynat.nescostore.com/public/backend/kaynat.jpeg', 'kaynat.jpeg', NULL, 1, 60, 60, 80, NULL, '0351'),
(352, 6, NULL, 'rose water glycerin', NULL, NULL, 1, 'https://kaynat.nescostore.com/public/backend/kaynat.jpeg', 'kaynat.jpeg', NULL, 1, 85, 100, 130, NULL, '0352'),
(353, 6, NULL, 'massage cream', NULL, NULL, 1, 'https://kaynat.nescostore.com/public/backend/kaynat.jpeg', 'kaynat.jpeg', NULL, 1, 90, 120, 150, NULL, '0353'),
(354, 6, NULL, 'herbal hena powder', NULL, NULL, 1, 'https://kaynat.nescostore.com/public/backend/kaynat.jpeg', 'kaynat.jpeg', NULL, 1, 60, 70, 90, NULL, '0354'),
(355, 6, NULL, 'silkina powder', NULL, NULL, 1, 'https://kaynat.nescostore.com/public/backend/kaynat.jpeg', 'kaynat.jpeg', NULL, 1, 80, 100, 120, NULL, '0355'),
(356, 6, NULL, 'nail polish remover', NULL, NULL, 1, 'https://kaynat.nescostore.com/public/backend/kaynat.jpeg', 'kaynat.jpeg', NULL, 1, 25, 30, 35, NULL, '0356'),
(357, 6, NULL, 'nail polish remover 60 ml', NULL, NULL, 1, 'https://kaynat.nescostore.com/public/backend/kaynat.jpeg', 'kaynat.jpeg', NULL, 1, 35, 45, 50, NULL, '0357'),
(358, 6, NULL, 'Nim pack', NULL, NULL, 1, 'https://kaynat.nescostore.com/public/backend/kaynat.jpeg', 'kaynat.jpeg', NULL, 1, 50, 60, 80, NULL, '0358'),
(359, 6, NULL, 'rose water', NULL, NULL, 1, 'https://kaynat.nescostore.com/public/backend/kaynat.jpeg', 'kaynat.jpeg', NULL, 1, 60, 70, 90, NULL, '0359'),
(360, 6, NULL, 'chondon powder', NULL, NULL, 1, 'https://kaynat.nescostore.com/public/backend/kaynat.jpeg', 'kaynat.jpeg', NULL, 1, 150, 170, 190, NULL, '0360'),
(361, 6, NULL, 'wax', NULL, NULL, 1, 'https://kaynat.nescostore.com/public/backend/kaynat.jpeg', 'kaynat.jpeg', NULL, 1, 130, 150, 170, NULL, '0361'),
(362, 6, NULL, 'gold blitch', NULL, NULL, 1, 'https://kaynat.nescostore.com/public/backend/kaynat.jpeg', 'kaynat.jpeg', NULL, 1, 60, 70, 85, NULL, '0362'),
(363, 6, NULL, 'mango blitch', NULL, NULL, 1, 'https://kaynat.nescostore.com/public/backend/kaynat.jpeg', 'kaynat.jpeg', NULL, 1, 70, 80, 100, NULL, '0363'),
(364, 6, NULL, 'sakura serum', NULL, NULL, 1, 'https://kaynat.nescostore.com/public/backend/kaynat.jpeg', 'kaynat.jpeg', NULL, 1, 110, 120, 150, NULL, '0364'),
(365, 14, NULL, 'eyemask', NULL, NULL, 1, 'https://kaynat.nescostore.com/public/backend/kaynat.jpeg', 'kaynat.jpeg', NULL, 1, 80, 100, 130, NULL, '0365'),
(366, 14, NULL, 'spoon', NULL, NULL, 1, 'https://kaynat.nescostore.com/public/backend/kaynat.jpeg', 'kaynat.jpeg', NULL, 1, 100, 150, 150, NULL, '0366'),
(367, 13, NULL, 'flower boot', NULL, NULL, 1, 'https://kaynat.nescostore.com/public/backend/kaynat.jpeg', 'kaynat.jpeg', NULL, 1, 1150, 1300, 1450, NULL, '0367'),
(368, 13, NULL, 'boots 5', NULL, NULL, 1, 'https://kaynat.nescostore.com/public/backend/kaynat.jpeg', 'kaynat.jpeg', NULL, 1, 1300, 1400, 1550, NULL, '0368'),
(369, 13, NULL, 'shoe  4', NULL, NULL, 1, 'https://kaynat.nescostore.com/public/backend/kaynat.jpeg', 'kaynat.jpeg', NULL, 1, 600, 750, 980, NULL, '0369'),
(370, 13, NULL, 'shoe', NULL, NULL, 1, 'https://kaynat.nescostore.com/public/backend/kaynat.jpeg', 'kaynat.jpeg', NULL, 1, 370, 400, 480, NULL, '0370'),
(371, 13, NULL, 'shoe 5', NULL, NULL, 1, 'https://kaynat.nescostore.com/public/backend/kaynat.jpeg', 'kaynat.jpeg', NULL, 1, 400, 420, 480, NULL, '0371'),
(372, 13, NULL, 'shoe 6', NULL, NULL, 1, 'https://kaynat.nescostore.com/public/backend/kaynat.jpeg', 'kaynat.jpeg', NULL, 1, 600, 650, 750, NULL, '0372'),
(373, 13, NULL, 'owl shoe', NULL, NULL, 1, 'https://kaynat.nescostore.com/public/backend/kaynat.jpeg', 'kaynat.jpeg', NULL, 1, 1300, 1350, 1450, NULL, '0373'),
(374, 13, NULL, 'shoe 7', NULL, NULL, 1, 'https://kaynat.nescostore.com/public/backend/kaynat.jpeg', 'kaynat.jpeg', NULL, 1, 500, 500, 550, NULL, '0374'),
(375, 12, NULL, 'tops 8', NULL, NULL, 1, 'https://kaynat.nescostore.com/public/backend/kaynat.jpeg', 'kaynat.jpeg', NULL, 1, 600, 750, 860, NULL, '0375'),
(376, 15, NULL, 'item 2', NULL, NULL, 1, 'https://kaynat.nescostore.com/public/backend/kaynat.jpeg', 'kaynat.jpeg', NULL, 1, 12, 15, 30, NULL, '0376'),
(377, 6, NULL, 'eyeshadow', NULL, NULL, 1, 'https://kaynat.nescostore.com/public/backend/kaynat.jpeg', 'kaynat.jpeg', NULL, 1, 220, 250, 300, NULL, '0377'),
(378, 15, NULL, 'clip 10', NULL, NULL, 1, 'https://kaynat.nescostore.com/public/backend/kaynat.jpeg', 'kaynat.jpeg', NULL, 1, 15, 20, 20, NULL, '0378'),
(379, 12, NULL, 'inner 7', NULL, NULL, 1, 'https://kaynat.nescostore.com/public/backend/kaynat.jpeg', 'kaynat.jpeg', NULL, 1, 250, 250, 300, NULL, '0379'),
(380, 12, NULL, 'inner 5', NULL, NULL, 1, 'https://kaynat.nescostore.com/public/backend/kaynat.jpeg', 'kaynat.jpeg', NULL, 1, 200, 220, 250, NULL, '0380'),
(381, 12, NULL, 'inner 3', NULL, NULL, 1, 'https://kaynat.nescostore.com/public/backend/kaynat.jpeg', 'kaynat.jpeg', NULL, 1, 160, 180, 200, NULL, '0381'),
(382, 12, NULL, 'inner 1', NULL, NULL, 1, 'https://kaynat.nescostore.com/public/backend/kaynat.jpeg', 'kaynat.jpeg', NULL, 1, 100, 120, 150, NULL, '0382'),
(383, 12, NULL, 'inner', NULL, NULL, 1, 'https://kaynat.nescostore.com/public/backend/kaynat.jpeg', 'kaynat.jpeg', NULL, 1, 70, 80, 100, NULL, '0383'),
(384, 12, NULL, 'inner 6', NULL, NULL, 1, 'https://kaynat.nescostore.com/public/backend/kaynat.jpeg', 'kaynat.jpeg', NULL, 1, 180, 220, 280, NULL, '0384'),
(385, 12, NULL, 'inner 2', NULL, NULL, 1, 'https://kaynat.nescostore.com/public/backend/kaynat.jpeg', 'kaynat.jpeg', NULL, 1, 100, 120, 180, NULL, '0385'),
(386, 12, NULL, 'inner 4', NULL, NULL, 1, 'https://kaynat.nescostore.com/public/backend/kaynat.jpeg', 'kaynat.jpeg', NULL, 1, 160, 190, 220, NULL, '0386'),
(387, 12, NULL, 'inner 12', NULL, NULL, 1, 'https://kaynat.nescostore.com/public/backend/kaynat.jpeg', 'kaynat.jpeg', NULL, 1, 350, 400, 450, NULL, '0387'),
(388, 12, NULL, 'skart', NULL, NULL, 1, 'https://kaynat.nescostore.com/public/backend/kaynat.jpeg', 'kaynat.jpeg', NULL, 1, 120, 150, 180, NULL, '0388'),
(389, 13, NULL, 'shoe', NULL, NULL, 1, 'https://kaynat.nescostore.com/public/backend/kaynat.jpeg', 'kaynat.jpeg', NULL, 1, 1150, 1350, 1460, NULL, '0389'),
(390, 13, NULL, 'lofer', NULL, NULL, 1, 'https://kaynat.nescostore.com/public/backend/kaynat.jpeg', 'kaynat.jpeg', NULL, 1, 950, 1200, 1350, NULL, '0390'),
(391, 13, NULL, 'sandle', NULL, NULL, 1, 'https://kaynat.nescostore.com/public/backend/kaynat.jpeg', 'kaynat.jpeg', NULL, 1, 210, 300, 380, NULL, '0391'),
(392, 13, NULL, 'stone shoe', NULL, NULL, 1, 'https://kaynat.nescostore.com/public/backend/kaynat.jpeg', 'kaynat.jpeg', NULL, 1, 700, 900, 1050, NULL, '0392'),
(393, 13, NULL, 'bow lofer', NULL, NULL, 1, 'https://kaynat.nescostore.com/public/backend/kaynat.jpeg', 'kaynat.jpeg', NULL, 1, 780, 900, 1050, NULL, '0393'),
(394, 13, NULL, 'shoe 8', NULL, NULL, 1, 'https://kaynat.nescostore.com/public/backend/kaynat.jpeg', 'kaynat.jpeg', NULL, 1, 500, 580, 680, NULL, '0394'),
(395, 13, NULL, 'stone half lofer', NULL, NULL, 1, 'https://kaynat.nescostore.com/public/backend/kaynat.jpeg', 'kaynat.jpeg', NULL, 1, 800, 950, 1100, NULL, '0395'),
(396, 13, NULL, 'bow shoe', NULL, NULL, 1, 'https://kaynat.nescostore.com/public/backend/kaynat.jpeg', 'kaynat.jpeg', NULL, 1, 800, 1000, 1150, NULL, '0396'),
(397, 13, NULL, 'shoe 9', NULL, NULL, 1, 'https://kaynat.nescostore.com/public/backend/kaynat.jpeg', 'kaynat.jpeg', NULL, 1, 1200, 1400, 1580, NULL, '0397'),
(398, 13, NULL, 'gorgeous shoe', NULL, NULL, 1, 'https://kaynat.nescostore.com/public/backend/kaynat.jpeg', 'kaynat.jpeg', NULL, 1, 1000, 1250, 1450, NULL, '0398'),
(399, 13, NULL, 'shoe 10', NULL, NULL, 1, 'https://kaynat.nescostore.com/public/backend/kaynat.jpeg', 'kaynat.jpeg', NULL, 1, 550, 700, 850, NULL, '0399'),
(400, 14, NULL, 'fragrance candle', NULL, NULL, 1, 'https://kaynat.nescostore.com/public/backend/kaynat.jpeg', 'kaynat.jpeg', NULL, 1, 140, 160, 220, NULL, '0400'),
(401, 14, NULL, 'bottle 5', NULL, NULL, 1, 'https://kaynat.nescostore.com/public/backend/kaynat.jpeg', 'kaynat.jpeg', NULL, 1, 210, 270, 320, NULL, '0401'),
(402, 14, NULL, 'keyring', NULL, NULL, 1, 'https://kaynat.nescostore.com/public/backend/kaynat.jpeg', 'kaynat.jpeg', NULL, 1, 55, 70, 90, NULL, '0402'),
(403, 15, NULL, 'sunflower chain', NULL, NULL, 1, 'https://kaynat.nescostore.com/public/backend/kaynat.jpeg', 'kaynat.jpeg', NULL, 1, 150, 180, 230, NULL, '0403'),
(404, 15, NULL, 'pearl chain set', NULL, NULL, 1, 'https://kaynat.nescostore.com/public/backend/kaynat.jpeg', 'kaynat.jpeg', NULL, 1, 190, 230, 340, NULL, '0404'),
(405, 15, NULL, 'long layer chain', NULL, NULL, 1, 'https://kaynat.nescostore.com/public/backend/kaynat.jpeg', 'kaynat.jpeg', NULL, 1, 320, 370, 450, NULL, '0405'),
(406, 15, NULL, 'love chain', NULL, NULL, 1, 'https://kaynat.nescostore.com/public/backend/kaynat.jpeg', 'kaynat.jpeg', NULL, 1, 250, 260, 290, NULL, '0406'),
(407, 15, NULL, 'pearl chain', NULL, NULL, 1, 'https://kaynat.nescostore.com/public/backend/kaynat.jpeg', 'kaynat.jpeg', NULL, 1, 110, 120, 150, NULL, '0407'),
(408, 15, NULL, 'love chain 2', NULL, NULL, 1, 'https://kaynat.nescostore.com/public/backend/kaynat.jpeg', 'kaynat.jpeg', NULL, 1, 180, 200, 250, NULL, '0408'),
(409, 15, NULL, 'chain 10', NULL, NULL, 1, 'https://kaynat.nescostore.com/public/backend/kaynat.jpeg', 'kaynat.jpeg', NULL, 1, 200, 250, 290, NULL, '0409'),
(410, 15, NULL, 'chain 14', NULL, NULL, 1, 'https://kaynat.nescostore.com/public/backend/kaynat.jpeg', 'kaynat.jpeg', NULL, 0, 360, 400, 450, NULL, '0410'),
(411, 15, NULL, 'chain 13', NULL, NULL, 1, 'https://kaynat.nescostore.com/public/backend/kaynat.jpeg', 'kaynat.jpeg', NULL, 1, 300, 330, 390, NULL, '0411'),
(412, 15, NULL, 'bracelet 6', NULL, NULL, 1, 'https://kaynat.nescostore.com/public/backend/kaynat.jpeg', 'kaynat.jpeg', NULL, 1, 180, 200, 250, NULL, '0412'),
(413, 15, NULL, 'chain 12', NULL, NULL, 1, 'https://kaynat.nescostore.com/public/backend/kaynat.jpeg', 'kaynat.jpeg', NULL, 0, 250, 300, 350, NULL, '0413'),
(414, 15, NULL, 'star chain', NULL, NULL, 1, 'https://kaynat.nescostore.com/public/backend/kaynat.jpeg', 'kaynat.jpeg', NULL, 1, 200, 240, 290, NULL, '0414'),
(415, 15, NULL, 'shikol chain', NULL, NULL, 1, 'https://kaynat.nescostore.com/public/backend/kaynat.jpeg', 'kaynat.jpeg', NULL, 1, 70, 90, 140, NULL, '0415'),
(416, 15, NULL, 'shikol chain 2', NULL, NULL, 1, 'https://kaynat.nescostore.com/public/backend/kaynat.jpeg', 'kaynat.jpeg', NULL, 1, 170, 200, 260, NULL, '0416'),
(417, 15, NULL, 'chain 2', NULL, NULL, 1, 'https://kaynat.nescostore.com/public/backend/kaynat.jpeg', 'kaynat.jpeg', NULL, 1, 150, 190, 240, NULL, '0417'),
(418, 15, NULL, 'bracelet 3', NULL, NULL, 1, 'https://kaynat.nescostore.com/public/backend/kaynat.jpeg', 'kaynat.jpeg', NULL, 1, 100, 120, 150, NULL, '0418'),
(419, 15, NULL, 'bracelet 16', NULL, NULL, 1, 'https://kaynat.nescostore.com/public/backend/kaynat.jpeg', 'kaynat.jpeg', NULL, 1, 480, 540, 580, NULL, '0419'),
(420, 15, NULL, 'bracelet 5', NULL, NULL, 1, 'https://kaynat.nescostore.com/public/backend/kaynat.jpeg', 'kaynat.jpeg', NULL, 1, 160, 190, 220, NULL, '0420'),
(421, 15, NULL, 'bracelet 7', NULL, NULL, 1, 'https://kaynat.nescostore.com/public/backend/kaynat.jpeg', 'kaynat.jpeg', NULL, 1, 150, 190, 280, NULL, '0421'),
(422, 15, NULL, 'bracelet 4', NULL, NULL, 1, 'https://kaynat.nescostore.com/public/backend/kaynat.jpeg', 'kaynat.jpeg', NULL, 1, 160, 160, 190, NULL, '0422'),
(423, 15, NULL, 'finger ring', NULL, NULL, 1, 'https://kaynat.nescostore.com/public/backend/kaynat.jpeg', 'kaynat.jpeg', NULL, 1, 170, 190, 290, NULL, '0423'),
(424, 15, NULL, 'earring 2', NULL, NULL, 1, 'https://kaynat.nescostore.com/public/backend/kaynat.jpeg', 'kaynat.jpeg', NULL, 1, 65, 75, 100, NULL, '0424'),
(425, 15, NULL, 'brooch 11', NULL, NULL, 1, 'https://kaynat.nescostore.com/public/backend/kaynat.jpeg', 'kaynat.jpeg', NULL, 1, 100, 120, 150, NULL, '0425'),
(426, 15, NULL, 'brooch 12', NULL, NULL, 1, 'https://kaynat.nescostore.com/public/backend/kaynat.jpeg', 'kaynat.jpeg', NULL, 1, 130, 150, 190, NULL, '0426'),
(427, 12, NULL, '3 piece', NULL, NULL, 1, 'https://kaynat.nescostore.com/public/backend/kaynat.jpeg', 'kaynat.jpeg', NULL, 1, 2350, 2600, 2850, NULL, '0427'),
(428, 12, NULL, 'tawakkal', NULL, NULL, 1, 'https://kaynat.nescostore.com/public/backend/kaynat.jpeg', 'kaynat.jpeg', NULL, 1, 1000, 1250, 1400, NULL, '0428'),
(429, 3, NULL, 'bag', NULL, NULL, 1, 'https://kaynat.nescostore.com/public/backend/kaynat.jpeg', 'kaynat.jpeg', NULL, 1, 1150, 1300, 1450, NULL, '0429'),
(430, 3, NULL, 'bag', NULL, NULL, 1, 'https://kaynat.nescostore.com/public/backend/kaynat.jpeg', 'kaynat.jpeg', NULL, 1, 1120, 1400, 1700, NULL, '0430'),
(431, 2, NULL, 'bag', NULL, NULL, 1, 'https://kaynat.nescostore.com/public/backend/kaynat.jpeg', 'kaynat.jpeg', NULL, 1, 1050, 1500, 1750, NULL, '0431'),
(432, 6, NULL, 'shower gel', NULL, NULL, 1, 'https://kaynat.nescostore.com/public/backend/kaynat.jpeg', 'kaynat.jpeg', NULL, 1, 290, 330, 380, NULL, '0432'),
(433, 4, NULL, 'bag', NULL, NULL, 1, 'https://kaynat.nescostore.com/public/backend/kaynat.jpeg', 'kaynat.jpeg', NULL, 1, 1100, 1400, 1650, NULL, '0433'),
(434, 6, NULL, 'nail set', NULL, NULL, 1, 'https://kaynat.nescostore.com/public/backend/kaynat.jpeg', 'kaynat.jpeg', NULL, 1, 60, 90, 120, NULL, '0434'),
(435, 4, NULL, 'bag 10', NULL, NULL, 1, 'https://kaynat.nescostore.com/public/backend/kaynat.jpeg', 'kaynat.jpeg', NULL, 1, 700, 850, 1040, NULL, '0435'),
(436, 15, NULL, 'set', NULL, NULL, 1, 'https://kaynat.nescostore.com/public/backend/kaynat.jpeg', 'kaynat.jpeg', NULL, 1, 450, 550, 650, NULL, '0436'),
(437, 15, NULL, 'set 2', NULL, NULL, 1, 'https://kaynat.nescostore.com/public/backend/kaynat.jpeg', 'kaynat.jpeg', NULL, 1, 400, 500, 550, NULL, '0437'),
(438, 15, NULL, 'set 3', NULL, NULL, 1, 'https://kaynat.nescostore.com/public/backend/kaynat.jpeg', 'kaynat.jpeg', NULL, 1, 550, 650, 740, NULL, '0438'),
(439, 15, NULL, 'set 4', NULL, NULL, 1, 'https://kaynat.nescostore.com/public/backend/kaynat.jpeg', 'kaynat.jpeg', NULL, 1, 250, 300, 350, NULL, '0439'),
(440, 15, NULL, 'set 4', NULL, NULL, 1, 'https://kaynat.nescostore.com/public/backend/kaynat.jpeg', 'kaynat.jpeg', NULL, 1, 800, 950, 1050, NULL, '0440'),
(441, 3, NULL, 'hot foil bag', NULL, NULL, 1, 'https://kaynat.nescostore.com/public/backend/kaynat.jpeg', 'kaynat.jpeg', NULL, 1, 150, 200, 250, NULL, '0441'),
(442, 15, NULL, 'set 5', NULL, NULL, 1, 'https://kaynat.nescostore.com/public/backend/kaynat.jpeg', 'kaynat.jpeg', NULL, 1, 700, 800, 900, NULL, '0442'),
(443, 14, NULL, 'shopiz', NULL, NULL, 1, 'https://kaynat.nescostore.com/public/backend/kaynat.jpeg', 'kaynat.jpeg', NULL, 1, 300, 380, 450, NULL, '0443'),
(444, 15, NULL, 'set 6', NULL, NULL, 1, 'https://kaynat.nescostore.com/public/backend/kaynat.jpeg', 'kaynat.jpeg', NULL, 1, 580, 670, 750, NULL, '0444'),
(445, 15, NULL, 'set 7', NULL, NULL, 1, 'https://kaynat.nescostore.com/public/backend/kaynat.jpeg', 'kaynat.jpeg', NULL, 1, 950, 1100, 1250, NULL, '0445'),
(446, 15, NULL, 'set 8', NULL, NULL, 1, 'https://kaynat.nescostore.com/public/backend/kaynat.jpeg', 'kaynat.jpeg', NULL, 1, 1000, 1150, 1280, NULL, '0446'),
(447, 14, NULL, 'shopiz 1', NULL, NULL, 1, 'https://kaynat.nescostore.com/public/backend/kaynat.jpeg', 'kaynat.jpeg', NULL, 1, 300, 370, 480, NULL, '0447'),
(448, 3, NULL, 'wallet 3', NULL, NULL, 1, 'https://kaynat.nescostore.com/public/backend/kaynat.jpeg', 'kaynat.jpeg', NULL, 1, 380, 450, 520, NULL, '0448'),
(449, 3, NULL, 'wallet 1', NULL, NULL, 1, 'https://kaynat.nescostore.com/public/backend/kaynat.jpeg', 'kaynat.jpeg', NULL, 1, 120, 150, 180, NULL, '0449'),
(450, 15, NULL, 'set 9', NULL, NULL, 1, 'https://kaynat.nescostore.com/public/backend/kaynat.jpeg', 'kaynat.jpeg', NULL, 1, 120, 150, 200, NULL, '0450'),
(451, 15, NULL, 'set 10', NULL, NULL, 1, 'https://kaynat.nescostore.com/public/backend/kaynat.jpeg', 'kaynat.jpeg', NULL, 1, 250, 250, 300, NULL, '0451'),
(452, 15, NULL, 'set 11', NULL, NULL, 1, 'https://kaynat.nescostore.com/public/backend/kaynat.jpeg', 'kaynat.jpeg', NULL, 1, 3000, 3300, 3680, NULL, '0452'),
(453, 12, NULL, '2 piece', NULL, NULL, 1, 'https://kaynat.nescostore.com/public/backend/kaynat.jpeg', 'kaynat.jpeg', NULL, 1, 700, 800, 950, NULL, '0453'),
(454, 15, NULL, 'set 12', NULL, NULL, 1, 'https://kaynat.nescostore.com/public/backend/kaynat.jpeg', 'kaynat.jpeg', NULL, 1, 2380, 2600, 2870, NULL, '0454'),
(455, 15, NULL, 'set 13', NULL, NULL, 1, 'https://kaynat.nescostore.com/public/backend/kaynat.jpeg', 'kaynat.jpeg', NULL, 1, 2000, 2150, 2250, NULL, '0455'),
(456, 12, NULL, '2 piece', NULL, NULL, 1, 'https://kaynat.nescostore.com/public/backend/kaynat.jpeg', 'kaynat.jpeg', NULL, 1, 850, 1000, 1250, NULL, '0456'),
(457, 15, NULL, 'set 14', NULL, NULL, 1, 'https://kaynat.nescostore.com/public/backend/kaynat.jpeg', 'kaynat.jpeg', NULL, 1, 650, 800, 980, NULL, '0457'),
(458, 15, NULL, 'set 15', NULL, NULL, 1, 'https://kaynat.nescostore.com/public/backend/kaynat.jpeg', 'kaynat.jpeg', NULL, 1, 400, 500, 590, NULL, '0458'),
(459, 12, NULL, '3 piece 2', NULL, NULL, 1, 'https://kaynat.nescostore.com/public/backend/kaynat.jpeg', 'kaynat.jpeg', NULL, 1, 850, 1000, 1250, NULL, '0459'),
(460, 6, NULL, 'ginger shampoo', NULL, NULL, 1, 'https://kaynat.nescostore.com/public/backend/kaynat.jpeg', 'kaynat.jpeg', NULL, 1, 400, 450, 500, NULL, '0460'),
(461, 15, NULL, 'set 15', NULL, NULL, 1, 'https://kaynat.nescostore.com/public/backend/kaynat.jpeg', 'kaynat.jpeg', NULL, 1, 800, 1000, 1180, NULL, '0461'),
(462, 6, NULL, 'tressme mask', NULL, NULL, 1, 'https://kaynat.nescostore.com/public/backend/kaynat.jpeg', 'kaynat.jpeg', NULL, 1, 550, 600, 650, NULL, '0462'),
(463, 15, NULL, 'set 16', NULL, NULL, 1, 'https://kaynat.nescostore.com/public/backend/kaynat.jpeg', 'kaynat.jpeg', NULL, 1, 800, 950, 1150, NULL, '0463'),
(464, 3, NULL, 'bag 3', NULL, NULL, 1, 'https://kaynat.nescostore.com/public/backend/kaynat.jpeg', 'kaynat.jpeg', NULL, 1, 520, 680, 780, NULL, '0464'),
(465, 15, NULL, 'set 16', NULL, NULL, 1, 'https://kaynat.nescostore.com/public/backend/kaynat.jpeg', 'kaynat.jpeg', NULL, 1, 1650, 1700, 1920, NULL, '0465'),
(466, 15, NULL, 'set 17', NULL, NULL, 1, 'https://kaynat.nescostore.com/public/backend/kaynat.jpeg', 'kaynat.jpeg', NULL, 1, 600, 700, 800, NULL, '0466'),
(467, 15, NULL, 'set 17', NULL, NULL, 1, 'https://kaynat.nescostore.com/public/backend/kaynat.jpeg', 'kaynat.jpeg', NULL, 1, 500, 600, 690, NULL, '0467'),
(468, 15, NULL, 'set 18', NULL, NULL, 1, 'https://kaynat.nescostore.com/public/backend/kaynat.jpeg', 'kaynat.jpeg', NULL, 1, 700, 800, 950, NULL, '0468'),
(469, 6, NULL, 'thanaka', NULL, NULL, 1, 'https://kaynat.nescostore.com/public/backend/kaynat.jpeg', 'kaynat.jpeg', NULL, 1, 150, 150, 200, NULL, '0469'),
(470, 6, NULL, 'toner', NULL, NULL, 1, 'https://kaynat.nescostore.com/public/backend/kaynat.jpeg', 'kaynat.jpeg', NULL, 1, 300, 350, 400, NULL, '0470'),
(471, 6, NULL, 'cream', NULL, NULL, 1, 'https://kaynat.nescostore.com/public/backend/kaynat.jpeg', 'kaynat.jpeg', NULL, 1, 250, 250, 300, NULL, '0471'),
(472, 6, NULL, 'serum', NULL, NULL, 1, 'https://kaynat.nescostore.com/public/backend/kaynat.jpeg', 'kaynat.jpeg', NULL, 1, 280, 310, 350, NULL, '0472'),
(473, 6, NULL, 'lotion', NULL, NULL, 1, 'https://kaynat.nescostore.com/public/backend/kaynat.jpeg', 'kaynat.jpeg', NULL, 1, 180, 200, 250, NULL, '0473'),
(474, 15, NULL, 'ring', NULL, NULL, 1, 'https://kaynat.nescostore.com/public/backend/kaynat.jpeg', 'kaynat.jpeg', NULL, 1, 25, 35, 50, NULL, '0474'),
(475, 15, NULL, 'ring 2', NULL, NULL, 1, 'https://kaynat.nescostore.com/public/backend/kaynat.jpeg', 'kaynat.jpeg', NULL, 1, 40, 50, 60, NULL, '0475'),
(476, 15, NULL, 'ring 3', NULL, NULL, 1, 'https://kaynat.nescostore.com/public/backend/kaynat.jpeg', 'kaynat.jpeg', NULL, 1, 70, 80, 100, NULL, '0476'),
(477, 15, NULL, 'ring 4', NULL, NULL, 1, 'https://kaynat.nescostore.com/public/backend/kaynat.jpeg', 'kaynat.jpeg', NULL, 1, 80, 100, 120, NULL, '0477'),
(478, 15, NULL, 'ring 5', NULL, NULL, 1, 'https://kaynat.nescostore.com/public/backend/kaynat.jpeg', 'kaynat.jpeg', NULL, 1, 100, 120, 150, NULL, '0478'),
(479, 15, NULL, 'ring 6', NULL, NULL, 1, 'https://kaynat.nescostore.com/public/backend/kaynat.jpeg', 'kaynat.jpeg', NULL, 1, 120, 150, 180, NULL, '0479'),
(480, 15, NULL, 'ring 7', NULL, NULL, 1, 'https://kaynat.nescostore.com/public/backend/kaynat.jpeg', 'kaynat.jpeg', NULL, 1, 150, 190, 230, NULL, '0480'),
(481, 15, NULL, 'ring 8', NULL, NULL, 1, 'https://kaynat.nescostore.com/public/backend/kaynat.jpeg', 'kaynat.jpeg', NULL, 1, 150, 200, 250, NULL, '0481'),
(482, 15, NULL, 'ring 9', NULL, NULL, 1, 'https://kaynat.nescostore.com/public/backend/kaynat.jpeg', 'kaynat.jpeg', NULL, 1, 160, 230, 280, NULL, '0482'),
(483, 15, NULL, 'ring 10', NULL, NULL, 1, 'https://kaynat.nescostore.com/public/backend/kaynat.jpeg', 'kaynat.jpeg', NULL, 1, 180, 230, 300, NULL, '0483'),
(484, 15, NULL, 'ring 12', NULL, NULL, 1, 'https://kaynat.nescostore.com/public/backend/kaynat.jpeg', 'kaynat.jpeg', NULL, 1, 200, 280, 350, NULL, '0484'),
(485, 6, NULL, 'soap', NULL, NULL, 1, 'https://kaynat.nescostore.com/public/backend/kaynat.jpeg', 'kaynat.jpeg', NULL, 1, 450, 450, 500, NULL, '0485'),
(486, 6, NULL, 'ordinary serum', NULL, NULL, 1, 'https://kaynat.nescostore.com/public/backend/kaynat.jpeg', 'kaynat.jpeg', NULL, 1, 950, 1050, 1250, NULL, '0486'),
(487, 15, NULL, 'baby set 5', NULL, NULL, 1, 'https://kaynat.nescostore.com/public/backend/kaynat.jpeg', 'kaynat.jpeg', NULL, 1, 90, 120, 160, NULL, '0487'),
(488, 12, NULL, 'baby set 6', NULL, NULL, 1, 'https://kaynat.nescostore.com/public/backend/kaynat.jpeg', 'kaynat.jpeg', NULL, 1, 130, 180, 220, NULL, '0488'),
(489, 12, NULL, 'baby set 7', NULL, NULL, 1, 'https://kaynat.nescostore.com/public/backend/kaynat.jpeg', 'kaynat.jpeg', NULL, 1, 130, 190, 240, NULL, '0489'),
(490, 12, NULL, 'baby set 8', NULL, NULL, 1, 'https://kaynat.nescostore.com/public/backend/kaynat.jpeg', 'kaynat.jpeg', NULL, 1, 160, 230, 280, NULL, '0490'),
(491, 12, NULL, 'baby set 9', NULL, NULL, 1, 'https://kaynat.nescostore.com/public/backend/kaynat.jpeg', 'kaynat.jpeg', NULL, 1, 227, 360, 420, NULL, '0491'),
(492, 12, NULL, 'baby set 10', NULL, NULL, 1, 'https://kaynat.nescostore.com/public/backend/kaynat.jpeg', 'kaynat.jpeg', NULL, 1, 250, 370, 450, NULL, '0492'),
(493, 12, NULL, 'baby set 11', NULL, NULL, 1, 'https://kaynat.nescostore.com/public/backend/kaynat.jpeg', 'kaynat.jpeg', NULL, 1, 260, 380, 460, NULL, '0493'),
(494, 12, NULL, 'baby set 12', NULL, NULL, 1, 'https://kaynat.nescostore.com/public/backend/kaynat.jpeg', 'kaynat.jpeg', NULL, 1, 250, 360, 440, NULL, '0494'),
(495, 12, NULL, 'baby set 13', NULL, NULL, 1, 'https://kaynat.nescostore.com/public/backend/kaynat.jpeg', 'kaynat.jpeg', NULL, 1, 300, 460, 550, NULL, '0495'),
(496, 12, NULL, 'baby set 14', NULL, NULL, 1, 'https://kaynat.nescostore.com/public/backend/kaynat.jpeg', 'kaynat.jpeg', NULL, 1, 260, 400, 480, NULL, '0496'),
(497, 11, NULL, 'pacifier', NULL, NULL, 1, 'https://kaynat.nescostore.com/public/backend/kaynat.jpeg', 'kaynat.jpeg', NULL, 1, 100, 120, 160, NULL, '0497'),
(498, 11, NULL, 'pacifier 2', NULL, NULL, 1, 'https://kaynat.nescostore.com/public/backend/kaynat.jpeg', 'kaynat.jpeg', NULL, 1, 80, 100, 130, NULL, '0498'),
(499, 14, NULL, 'shopiz', NULL, NULL, 1, 'https://kaynat.nescostore.com/public/backend/kaynat.jpeg', 'kaynat.jpeg', NULL, 1, 370, 550, 870, NULL, '0499'),
(500, 3, NULL, 'wallet 5', NULL, NULL, 1, 'https://kaynat.nescostore.com/public/backend/kaynat.jpeg', 'kaynat.jpeg', NULL, 1, 300, 400, 470, NULL, '0500'),
(501, 3, NULL, 'wallet set', NULL, NULL, 1, 'https://kaynat.nescostore.com/public/backend/kaynat.jpeg', 'kaynat.jpeg', NULL, 1, 910, 1200, 1400, NULL, '0501'),
(502, 3, NULL, 'wallet 6', NULL, NULL, 1, 'https://kaynat.nescostore.com/public/backend/kaynat.jpeg', 'kaynat.jpeg', NULL, 1, 370, 550, 650, NULL, '0502'),
(503, 3, NULL, 'wallet 7', NULL, NULL, 1, 'https://kaynat.nescostore.com/public/backend/kaynat.jpeg', 'kaynat.jpeg', NULL, 1, 620, 800, 950, NULL, '0503'),
(504, 3, NULL, 'wallet 8', NULL, NULL, 1, 'https://kaynat.nescostore.com/public/backend/kaynat.jpeg', 'kaynat.jpeg', NULL, 1, 310, 450, 550, NULL, '0504'),
(505, 3, NULL, 'cross bag', NULL, NULL, 1, 'https://kaynat.nescostore.com/public/backend/kaynat.jpeg', 'kaynat.jpeg', NULL, 1, 800, 870, 990, NULL, '0505'),
(506, 3, NULL, 'wallet 9', NULL, NULL, 1, 'https://kaynat.nescostore.com/public/backend/kaynat.jpeg', 'kaynat.jpeg', NULL, 1, 390, 600, 720, NULL, '0506'),
(507, 3, NULL, 'wallet 10', NULL, NULL, 1, 'https://kaynat.nescostore.com/public/backend/kaynat.jpeg', 'kaynat.jpeg', NULL, 1, 470, 650, 790, NULL, '0507'),
(508, 15, NULL, 'earring', NULL, NULL, 1, 'https://kaynat.nescostore.com/public/backend/kaynat.jpeg', 'kaynat.jpeg', NULL, 1, 55, 60, 70, NULL, '0508'),
(509, 15, NULL, 'earring 3', NULL, NULL, 1, 'https://kaynat.nescostore.com/public/backend/kaynat.jpeg', 'kaynat.jpeg', NULL, 1, 70, 90, 120, NULL, '0509'),
(510, 15, NULL, 'earring 4', NULL, NULL, 1, 'https://kaynat.nescostore.com/public/backend/kaynat.jpeg', 'kaynat.jpeg', NULL, 1, 100, 120, 150, NULL, '0510'),
(511, 15, NULL, 'earring 5', NULL, NULL, 1, 'https://kaynat.nescostore.com/public/backend/kaynat.jpeg', 'kaynat.jpeg', NULL, 1, 120, 140, 180, NULL, '0511'),
(512, 15, NULL, 'earring 6', NULL, NULL, 1, 'https://kaynat.nescostore.com/public/backend/kaynat.jpeg', 'kaynat.jpeg', NULL, 1, 130, 150, 190, NULL, '0512'),
(513, 15, NULL, 'earring 7', NULL, NULL, 1, 'https://kaynat.nescostore.com/public/backend/kaynat.jpeg', 'kaynat.jpeg', NULL, 1, 150, 160, 200, NULL, '0513'),
(514, 15, NULL, 'earring 8', NULL, NULL, 1, 'https://kaynat.nescostore.com/public/backend/kaynat.jpeg', 'kaynat.jpeg', NULL, 1, 100, 130, 130, NULL, '0514'),
(515, 15, NULL, 'earring 9', NULL, NULL, 1, 'https://kaynat.nescostore.com/public/backend/kaynat.jpeg', 'kaynat.jpeg', NULL, 1, 120, 130, 160, NULL, '0515'),
(516, 15, NULL, 'earring 10', NULL, NULL, 1, 'https://kaynat.nescostore.com/public/backend/kaynat.jpeg', 'kaynat.jpeg', NULL, 1, 140, 160, 220, NULL, '0516'),
(517, 15, NULL, 'earring 11', NULL, NULL, 1, 'https://kaynat.nescostore.com/public/backend/kaynat.jpeg', 'kaynat.jpeg', NULL, 1, 160, 200, 250, NULL, '0517'),
(518, 15, NULL, 'earring 12', NULL, NULL, 1, 'https://kaynat.nescostore.com/public/backend/kaynat.jpeg', 'kaynat.jpeg', NULL, 1, 180, 220, 280, NULL, '0518'),
(519, 13, NULL, 'shoe 11', NULL, NULL, 1, 'https://kaynat.nescostore.com/public/backend/kaynat.jpeg', 'kaynat.jpeg', NULL, 1, 620, 850, 950, NULL, '0519'),
(520, 14, NULL, 'gift set', NULL, NULL, 1, 'https://kaynat.nescostore.com/public/backend/kaynat.jpeg', 'kaynat.jpeg', NULL, 1, 270, 330, 380, NULL, '0520'),
(521, 13, NULL, 'shoe 12', NULL, NULL, 1, 'https://kaynat.nescostore.com/public/backend/kaynat.jpeg', 'kaynat.jpeg', NULL, 1, 570, 700, 800, NULL, '0521'),
(522, 3, NULL, 'bag 6', NULL, NULL, 1, 'https://kaynat.nescostore.com/public/backend/kaynat.jpeg', 'kaynat.jpeg', NULL, 1, 560, 800, 900, NULL, '0522'),
(523, 1, NULL, 'bag 5', NULL, NULL, 1, 'https://kaynat.nescostore.com/public/backend/kaynat.jpeg', 'kaynat.jpeg', NULL, 1, 700, 1050, 1250, NULL, '0523'),
(524, 2, NULL, 'baby bag', NULL, NULL, 1, 'https://kaynat.nescostore.com/public/backend/kaynat.jpeg', 'kaynat.jpeg', NULL, 1, 250, 330, 390, NULL, '0524'),
(525, 1, NULL, 'bag 4', NULL, NULL, 1, 'https://kaynat.nescostore.com/public/backend/kaynat.jpeg', 'kaynat.jpeg', NULL, 1, 900, 1100, 1300, NULL, '0525'),
(526, 15, NULL, 'earring 13', NULL, NULL, 1, 'https://kaynat.nescostore.com/public/backend/kaynat.jpeg', 'kaynat.jpeg', NULL, 1, 250, 300, 350, NULL, '0526'),
(527, 6, NULL, 'streax serum', NULL, NULL, 1, 'https://kaynat.nescostore.com/public/backend/kaynat.jpeg', 'kaynat.jpeg', NULL, 1, 320, 380, 420, NULL, '0527'),
(528, 15, NULL, 'choker', NULL, NULL, 1, 'https://kaynat.nescostore.com/public/backend/kaynat.jpeg', 'kaynat.jpeg', NULL, 1, 300, 400, 450, NULL, '0528'),
(529, 15, NULL, 'set 18', NULL, NULL, 1, 'https://kaynat.nescostore.com/public/backend/kaynat.jpeg', 'kaynat.jpeg', NULL, 1, 400, 500, 550, NULL, '0529'),
(530, 15, NULL, 'set  19', NULL, NULL, 1, 'https://kaynat.nescostore.com/public/backend/kaynat.jpeg', 'kaynat.jpeg', NULL, 1, 950, 1200, 1350, NULL, '0530'),
(531, 6, NULL, 'facewash 4', NULL, NULL, 1, 'https://kaynat.nescostore.com/public/backend/kaynat.jpeg', 'kaynat.jpeg', NULL, 1, 480, 530, 590, NULL, '0531'),
(532, 14, NULL, 'watch 17', NULL, NULL, 1, 'https://kaynat.nescostore.com/public/backend/kaynat.jpeg', 'kaynat.jpeg', NULL, 1, 1100, 1250, 1350, NULL, '0532'),
(533, 14, NULL, 'watch 18', NULL, NULL, 1, 'https://kaynat.nescostore.com/public/backend/kaynat.jpeg', 'kaynat.jpeg', NULL, 1, 1100, 1300, 1420, NULL, '0533'),
(534, 14, NULL, 'watch 19', NULL, NULL, 1, 'https://kaynat.nescostore.com/public/backend/kaynat.jpeg', 'kaynat.jpeg', NULL, 1, 1100, 1350, 1480, NULL, '0534'),
(535, 14, NULL, 'watch 20', NULL, NULL, 1, 'https://kaynat.nescostore.com/public/backend/kaynat.jpeg', 'kaynat.jpeg', NULL, 1, 1200, 1450, 1590, NULL, '0535'),
(536, 6, NULL, 'neutrogena', NULL, NULL, 1, 'https://kaynat.nescostore.com/public/backend/kaynat.jpeg', 'kaynat.jpeg', NULL, 1, 900, 1000, 1080, NULL, '0536'),
(537, 6, NULL, 'make up', NULL, NULL, 1, 'https://kaynat.nescostore.com/public/backend/kaynat.jpeg', 'kaynat.jpeg', NULL, 1, 280, 320, 350, NULL, '0537'),
(538, 12, NULL, 'baby set 15', NULL, NULL, 1, 'https://kaynat.nescostore.com/public/backend/kaynat.jpeg', 'kaynat.jpeg', NULL, 1, 350, 500, 580, NULL, '0538'),
(539, 12, NULL, 'baby set 16', NULL, NULL, 1, 'https://kaynat.nescostore.com/public/backend/kaynat.jpeg', 'kaynat.jpeg', NULL, 1, 360, 540, 620, NULL, '0539'),
(540, 12, NULL, 'baby set 17', NULL, NULL, 1, 'https://kaynat.nescostore.com/public/backend/kaynat.jpeg', 'kaynat.jpeg', NULL, 1, 440, 650, 750, NULL, '0540'),
(541, 3, NULL, 'bag 8', NULL, NULL, 1, 'https://kaynat.nescostore.com/public/backend/kaynat.jpeg', 'kaynat.jpeg', NULL, 1, 440, 570, 670, NULL, '0541'),
(542, 3, NULL, 'bag 8', NULL, NULL, 1, 'https://kaynat.nescostore.com/public/backend/kaynat.jpeg', 'kaynat.jpeg', NULL, 1, 500, 570, 620, NULL, '0542'),
(543, 3, NULL, 'wallet', NULL, NULL, 1, 'https://kaynat.nescostore.com/public/backend/kaynat.jpeg', 'kaynat.jpeg', NULL, 1, 140, 200, 240, NULL, '0543'),
(544, 3, NULL, 'ladies wallet', NULL, NULL, 1, 'https://kaynat.nescostore.com/public/backend/kaynat.jpeg', 'kaynat.jpeg', NULL, 1, 200, 280, 340, NULL, '0544'),
(545, 4, NULL, 'ladies wallet 2', NULL, NULL, 1, 'https://kaynat.nescostore.com/public/backend/kaynat.jpeg', 'kaynat.jpeg', NULL, 1, 400, 500, 550, NULL, '0545'),
(546, 3, NULL, 'ladies wallet 3', NULL, NULL, 1, 'https://kaynat.nescostore.com/public/backend/kaynat.jpeg', 'kaynat.jpeg', NULL, 1, 190, 220, 270, NULL, '0546'),
(547, 12, NULL, '3 piece 3', NULL, NULL, 1, 'https://kaynat.nescostore.com/public/backend/kaynat.jpeg', 'kaynat.jpeg', NULL, 1, 1420, 1600, 1750, NULL, '0547'),
(548, 12, NULL, '3 piece 4', NULL, NULL, 1, 'https://kaynat.nescostore.com/public/backend/kaynat.jpeg', 'kaynat.jpeg', NULL, 1, 1000, 1200, 1350, NULL, '0548'),
(549, 12, NULL, '3 piece 5', NULL, NULL, 1, 'https://kaynat.nescostore.com/public/backend/kaynat.jpeg', 'kaynat.jpeg', NULL, 1, 700, 900, 1050, NULL, '0549'),
(550, 13, NULL, 'shoe 13', NULL, NULL, 1, 'https://kaynat.nescostore.com/public/backend/kaynat.jpeg', 'kaynat.jpeg', NULL, 1, 1200, 1450, 1670, NULL, '0550'),
(551, 13, NULL, 'shoe 14', NULL, NULL, 1, 'https://kaynat.nescostore.com/public/backend/kaynat.jpeg', 'kaynat.jpeg', NULL, 1, 900, 1100, 1260, NULL, '0551'),
(552, 13, NULL, 'shoe 15', NULL, NULL, 1, 'https://kaynat.nescostore.com/public/backend/kaynat.jpeg', 'kaynat.jpeg', NULL, 1, 1000, 1200, 1420, NULL, '0552'),
(553, 13, NULL, 'shoe 16', NULL, NULL, 1, 'https://kaynat.nescostore.com/public/backend/kaynat.jpeg', 'kaynat.jpeg', NULL, 1, 650, 750, 870, NULL, '0553'),
(554, 13, NULL, 'shoe 17', NULL, NULL, 1, 'https://kaynat.nescostore.com/public/backend/kaynat.jpeg', 'kaynat.jpeg', NULL, 1, 1400, 1600, 1870, NULL, '0554'),
(555, 13, NULL, 'shoe 17', NULL, NULL, 1, 'https://kaynat.nescostore.com/public/backend/kaynat.jpeg', 'kaynat.jpeg', NULL, 1, 950, 1200, 1370, NULL, '0555'),
(556, 12, NULL, 'batik', NULL, NULL, 1, 'https://kaynat.nescostore.com/public/backend/kaynat.jpeg', 'kaynat.jpeg', NULL, 1, 500, 580, 650, NULL, '0556'),
(557, 12, NULL, 'batik 2', NULL, NULL, 1, 'https://kaynat.nescostore.com/public/backend/kaynat.jpeg', 'kaynat.jpeg', NULL, 1, 500, 650, 750, NULL, '0557'),
(558, 12, NULL, '3 piece 6', NULL, NULL, 1, 'https://kaynat.nescostore.com/public/backend/kaynat.jpeg', 'kaynat.jpeg', NULL, 1, 900, 950, 1100, NULL, '0558'),
(559, 12, NULL, '3 piece 7', NULL, NULL, 1, 'https://kaynat.nescostore.com/public/backend/kaynat.jpeg', 'kaynat.jpeg', NULL, 1, 1300, 1500, 1750, NULL, '0559'),
(560, 12, NULL, 'baby set 18', NULL, NULL, 1, 'https://kaynat.nescostore.com/public/backend/kaynat.jpeg', 'kaynat.jpeg', NULL, 1, 90, 130, 180, NULL, '0560'),
(561, 6, NULL, 'thailaimei', NULL, NULL, 1, 'https://kaynat.nescostore.com/public/backend/kaynat.jpeg', 'kaynat.jpeg', NULL, 1, 170, 200, 250, NULL, '6905624821076'),
(562, 6, NULL, 'bob matte', NULL, NULL, 1, 'https://kaynat.nescostore.com/public/backend/kaynat.jpeg', 'kaynat.jpeg', NULL, 1, 200, 240, 280, NULL, '6903071024552'),
(563, 6, NULL, 'thailaime 2', NULL, NULL, 1, 'https://kaynat.nescostore.com/public/backend/kaynat.jpeg', 'kaynat.jpeg', NULL, 1, 180, 200, 250, NULL, '6905624821083'),
(564, 6, NULL, 'tecnic primer', NULL, NULL, 1, 'https://kaynat.nescostore.com/public/backend/kaynat.jpeg', 'kaynat.jpeg', NULL, 1, 450, 500, 550, NULL, '5021769297192'),
(565, 6, NULL, 'mini eyeshadow', NULL, NULL, 1, 'https://kaynat.nescostore.com/public/backend/kaynat.jpeg', 'kaynat.jpeg', NULL, 1, 120, 170, 220, NULL, '6970975187164'),
(566, 6, NULL, '9 color shadow', NULL, NULL, 1, 'https://kaynat.nescostore.com/public/backend/kaynat.jpeg', 'kaynat.jpeg', NULL, 1, 150, 200, 250, NULL, '6970975186884'),
(567, 6, NULL, 'bob powder', NULL, NULL, 1, 'https://kaynat.nescostore.com/public/backend/kaynat.jpeg', 'kaynat.jpeg', NULL, 1, 180, 230, 280, NULL, '6903071011934'),
(568, 6, NULL, 'miss rose', NULL, NULL, 1, 'https://kaynat.nescostore.com/public/backend/kaynat.jpeg', 'kaynat.jpeg', NULL, 1, 200, 220, 270, NULL, '6953743336407'),
(569, 6, NULL, 'candy blush', NULL, NULL, 1, 'https://kaynat.nescostore.com/public/backend/kaynat.jpeg', 'kaynat.jpeg', NULL, 1, 240, 270, 320, NULL, '5060294397571'),
(570, 6, NULL, 'w7 banana powder', NULL, NULL, 1, 'https://kaynat.nescostore.com/public/backend/kaynat.jpeg', 'kaynat.jpeg', NULL, 1, 350, 400, 450, NULL, '5060406141931'),
(571, 6, NULL, 'tecnic powder', NULL, NULL, 1, 'https://kaynat.nescostore.com/public/backend/kaynat.jpeg', 'kaynat.jpeg', NULL, 1, 220, 240, 280, NULL, '6971552876938'),
(572, 6, NULL, 'emelie', NULL, NULL, 1, 'https://kaynat.nescostore.com/public/backend/kaynat.jpeg', 'kaynat.jpeg', NULL, 1, 200, 240, 280, NULL, '6902017060128'),
(573, 6, NULL, 'tecnic bb', NULL, NULL, 1, 'https://kaynat.nescostore.com/public/backend/kaynat.jpeg', 'kaynat.jpeg', NULL, 1, 400, 430, 480, NULL, '5021769801924'),
(574, 6, NULL, 'kiss beauty powder', NULL, NULL, 1, 'https://kaynat.nescostore.com/public/backend/kaynat.jpeg', 'kaynat.jpeg', NULL, 1, 150, 200, 250, NULL, '6903072413614'),
(575, 6, NULL, 'maliao powder', NULL, NULL, 1, 'https://kaynat.nescostore.com/public/backend/kaynat.jpeg', 'kaynat.jpeg', NULL, 1, 250, 300, 350, NULL, '6920438305925'),
(576, 6, NULL, 'la girl loose powder', NULL, NULL, 1, 'https://kaynat.nescostore.com/public/backend/kaynat.jpeg', 'kaynat.jpeg', NULL, 1, 150, 200, 250, NULL, '6989896810167'),
(577, 6, NULL, 'imagic loose powder', NULL, NULL, 1, 'https://kaynat.nescostore.com/public/backend/kaynat.jpeg', 'kaynat.jpeg', NULL, 1, 40, 80, 120, NULL, '6903072273669'),
(578, 6, NULL, 'ever beauty powder', NULL, NULL, 1, 'https://kaynat.nescostore.com/public/backend/kaynat.jpeg', 'kaynat.jpeg', NULL, 1, 270, 320, 380, NULL, '6922965174159'),
(579, 6, NULL, 'tecnic loose powder', NULL, NULL, 1, 'https://kaynat.nescostore.com/public/backend/kaynat.jpeg', 'kaynat.jpeg', NULL, 1, 40, 90, 140, NULL, '5021769267232'),
(580, 6, NULL, 'bob powder', NULL, NULL, 1, 'https://kaynat.nescostore.com/public/backend/kaynat.jpeg', 'kaynat.jpeg', NULL, 1, 150, 180, 220, NULL, '6903071014539'),
(581, 6, NULL, 'imagic powder', NULL, NULL, 1, 'https://kaynat.nescostore.com/public/backend/kaynat.jpeg', 'kaynat.jpeg', NULL, 1, 270, 310, 350, NULL, '6970855700353'),
(582, 6, NULL, 'w7 eyeliner', NULL, NULL, 1, 'https://kaynat.nescostore.com/public/backend/kaynat.jpeg', 'kaynat.jpeg', NULL, 1, 160, 190, 230, NULL, '5060083160058'),
(583, 6, NULL, 'duo', NULL, NULL, 1, 'https://kaynat.nescostore.com/public/backend/kaynat.jpeg', 'kaynat.jpeg', NULL, 1, 30, 50, 70, NULL, '073930681106'),
(584, 6, NULL, 'toothpick', NULL, NULL, 1, 'https://kaynat.nescostore.com/public/backend/kaynat.jpeg', 'kaynat.jpeg', NULL, 1, 70, 100, 120, NULL, '6974184075106'),
(585, 6, NULL, 'nail polish', NULL, NULL, 1, 'https://kaynat.nescostore.com/public/backend/kaynat.jpeg', 'kaynat.jpeg', NULL, 1, 100, 120, 150, NULL, '693337368037'),
(586, 6, NULL, 'pink flash eyeliner', NULL, NULL, 1, 'https://kaynat.nescostore.com/public/backend/kaynat.jpeg', 'kaynat.jpeg', NULL, 1, 140, 160, 220, NULL, '6927545988003'),
(587, 6, NULL, 'flormar kajol', NULL, NULL, 1, 'https://kaynat.nescostore.com/public/backend/kaynat.jpeg', 'kaynat.jpeg', NULL, 1, 100, 120, 150, NULL, '6920982841580'),
(588, 6, NULL, 'w7 mashkara', NULL, NULL, 1, 'https://kaynat.nescostore.com/public/backend/kaynat.jpeg', 'kaynat.jpeg', NULL, 1, 250, 280, 320, NULL, '5060294392118'),
(589, 6, NULL, 'golden rose eyeliner', NULL, NULL, 1, 'https://kaynat.nescostore.com/public/backend/kaynat.jpeg', 'kaynat.jpeg', NULL, 1, 120, 150, 180, NULL, '6920982841580'),
(590, 6, NULL, 'mini nail polish', NULL, NULL, 1, 'https://kaynat.nescostore.com/public/backend/kaynat.jpeg', 'kaynat.jpeg', NULL, 1, 40, 60, 80, NULL, '6005563040535'),
(591, 6, NULL, 'imagic foundation', NULL, NULL, 1, 'https://kaynat.nescostore.com/public/backend/kaynat.jpeg', 'kaynat.jpeg', NULL, 1, 410, 440, 480, NULL, '6970855700193'),
(592, 6, NULL, 'lakme bb', NULL, NULL, 1, 'https://kaynat.nescostore.com/public/backend/kaynat.jpeg', 'kaynat.jpeg', NULL, 1, 180, 210, 250, NULL, '8445347952483'),
(593, 6, NULL, 'imagic foundation 2', NULL, NULL, 1, 'https://kaynat.nescostore.com/public/backend/kaynat.jpeg', 'kaynat.jpeg', NULL, 1, 350, 400, 450, NULL, '6953687086222'),
(594, 6, NULL, 'baby skin primer', NULL, NULL, 1, 'https://kaynat.nescostore.com/public/backend/kaynat.jpeg', 'kaynat.jpeg', NULL, 1, 150, 200, 250, NULL, '6933425678919'),
(595, 6, NULL, 'tecnic magic mist', NULL, NULL, 1, 'https://kaynat.nescostore.com/public/backend/kaynat.jpeg', 'kaynat.jpeg', NULL, 1, 400, 450, 490, NULL, '5021769297123'),
(596, 6, NULL, 'tecnic spray', NULL, NULL, 1, 'https://kaynat.nescostore.com/public/backend/kaynat.jpeg', 'kaynat.jpeg', NULL, 1, 280, 310, 350, NULL, '5021769267157'),
(597, 6, NULL, 'tecnic spray', NULL, NULL, 1, 'https://kaynat.nescostore.com/public/backend/kaynat.jpeg', 'kaynat.jpeg', NULL, 1, 280, 310, 350, NULL, '5021769267164'),
(598, 6, NULL, 'nail set', NULL, NULL, 1, 'https://kaynat.nescostore.com/public/backend/kaynat.jpeg', 'kaynat.jpeg', NULL, 1, 50, 70, 90, NULL, '6932335100558'),
(599, 6, NULL, 'lipgloss', NULL, NULL, 1, 'https://kaynat.nescostore.com/public/backend/kaynat.jpeg', 'kaynat.jpeg', NULL, 1, 100, 120, 150, NULL, '6970802598996'),
(600, 6, NULL, 'vaseline', NULL, NULL, 1, 'https://kaynat.nescostore.com/public/backend/kaynat.jpeg', 'kaynat.jpeg', NULL, 1, 100, 120, 150, NULL, '60014399'),
(601, 6, NULL, 'lakme kajal', NULL, NULL, 1, 'https://kaynat.nescostore.com/public/backend/kaynat.jpeg', 'kaynat.jpeg', NULL, 1, 60, 70, 90, NULL, '8901030673214'),
(602, 6, NULL, 'bob kajol', NULL, NULL, 1, 'https://kaynat.nescostore.com/public/backend/kaynat.jpeg', 'kaynat.jpeg', NULL, 1, 140, 160, 190, NULL, '6903071009757'),
(603, 12, NULL, 'NYX concealer', NULL, NULL, 1, 'https://kaynat.nescostore.com/public/backend/kaynat.jpeg', 'kaynat.jpeg', NULL, 1, 100, 140, 180, NULL, '6260945641896'),
(604, 6, NULL, 'la girl  concealer', NULL, NULL, 1, 'https://kaynat.nescostore.com/public/backend/kaynat.jpeg', 'kaynat.jpeg', NULL, 1, 70, 90, 120, NULL, '081555969837'),
(605, 6, NULL, 'scrubber', NULL, NULL, 1, 'https://kaynat.nescostore.com/public/backend/kaynat.jpeg', 'kaynat.jpeg', NULL, 1, 70, 90, 120, NULL, '6912641641860'),
(606, 6, NULL, 'imagic mashkara', NULL, NULL, 1, 'https://kaynat.nescostore.com/public/backend/kaynat.jpeg', 'kaynat.jpeg', NULL, 1, 200, 220, 250, NULL, '6970855703071'),
(607, 6, NULL, 'bob eyeliner', NULL, NULL, 1, 'https://kaynat.nescostore.com/public/backend/kaynat.jpeg', 'kaynat.jpeg', NULL, 1, 200, 220, 250, NULL, '6903071013150'),
(608, 6, NULL, 'bob eyeliner 1', NULL, NULL, 1, 'https://kaynat.nescostore.com/public/backend/kaynat.jpeg', 'kaynat.jpeg', NULL, 1, 200, 220, 250, NULL, '6903071016373'),
(609, 6, NULL, 'imagic eyeliner', NULL, NULL, 1, 'https://kaynat.nescostore.com/public/backend/kaynat.jpeg', 'kaynat.jpeg', NULL, 1, 200, 220, 250, NULL, '6970855703064'),
(610, 6, NULL, 'bob eyeliner 2', NULL, NULL, 1, 'https://kaynat.nescostore.com/public/backend/kaynat.jpeg', 'kaynat.jpeg', NULL, 1, 200, 220, 280, NULL, '6903071025153'),
(611, 6, NULL, 'bob eyeliner 3', NULL, NULL, 1, 'https://kaynat.nescostore.com/public/backend/kaynat.jpeg', 'kaynat.jpeg', NULL, 1, 200, 220, 250, NULL, '6903071016380'),
(612, 6, NULL, 'bob eyeliner 3', NULL, NULL, 1, 'https://kaynat.nescostore.com/public/backend/kaynat.jpeg', 'kaynat.jpeg', NULL, 1, 200, 220, 250, NULL, '6903071025351'),
(613, 6, NULL, 'eyelash curler', NULL, NULL, 1, 'https://kaynat.nescostore.com/public/backend/kaynat.jpeg', 'kaynat.jpeg', NULL, 1, 100, 120, 150, NULL, '6971622260322'),
(614, 6, NULL, 'eyelash curler 2', NULL, NULL, 1, 'https://kaynat.nescostore.com/public/backend/kaynat.jpeg', 'kaynat.jpeg', NULL, 1, 100, 120, 150, NULL, '6935399812443'),
(615, 6, NULL, 'imagic eyebrow pomed', NULL, NULL, 1, 'https://kaynat.nescostore.com/public/backend/kaynat.jpeg', 'kaynat.jpeg', NULL, 1, 180, 220, 250, NULL, '6970855700674'),
(616, 6, NULL, 'imagic gel liner', NULL, NULL, 1, 'https://kaynat.nescostore.com/public/backend/kaynat.jpeg', 'kaynat.jpeg', NULL, 1, 200, 220, 250, NULL, '6970855702111'),
(617, 6, NULL, 'ever beauty eyebrow pomed', NULL, NULL, 1, 'https://kaynat.nescostore.com/public/backend/kaynat.jpeg', 'kaynat.jpeg', NULL, 1, 200, 220, 250, NULL, '6922965175156'),
(618, 6, NULL, 'tecnic blush', NULL, NULL, 1, 'https://kaynat.nescostore.com/public/backend/kaynat.jpeg', 'kaynat.jpeg', NULL, 1, 280, 310, 350, NULL, '5021769287155'),
(619, 6, NULL, 'flower eyeshadow', NULL, NULL, 1, 'https://kaynat.nescostore.com/public/backend/kaynat.jpeg', 'kaynat.jpeg', NULL, 1, 200, 220, 250, NULL, '6971512632055'),
(620, 6, NULL, 'flower eyeshadow', NULL, NULL, 1, 'https://kaynat.nescostore.com/public/backend/kaynat.jpeg', 'kaynat.jpeg', NULL, 1, 200, 220, 250, NULL, '6971512632062'),
(621, 6, NULL, 'flower eyeshadow', NULL, NULL, 1, 'https://kaynat.nescostore.com/public/backend/kaynat.jpeg', 'kaynat.jpeg', NULL, 1, 200, 220, 250, NULL, '6971512632079'),
(622, 6, NULL, 'NYHO eyeshadow', NULL, NULL, 1, 'https://kaynat.nescostore.com/public/backend/kaynat.jpeg', 'kaynat.jpeg', NULL, 1, 150, 170, 200, NULL, '6974824030557'),
(623, 6, NULL, 'xixi eyeshadow', NULL, NULL, 1, 'https://kaynat.nescostore.com/public/backend/kaynat.jpeg', 'kaynat.jpeg', NULL, 1, 160, 190, 220, NULL, '6970100674521'),
(624, 6, NULL, 'dikalu eyeshadow', NULL, NULL, 1, 'https://kaynat.nescostore.com/public/backend/kaynat.jpeg', 'kaynat.jpeg', NULL, 1, 200, 220, 250, NULL, '6972760820454'),
(625, 6, NULL, 'dikalu eyeshadow', NULL, NULL, 1, 'https://kaynat.nescostore.com/public/backend/kaynat.jpeg', 'kaynat.jpeg', NULL, 1, 220, 250, 290, NULL, '6974824030281'),
(626, 6, NULL, 'dikalu eyeshadow', NULL, NULL, 1, 'https://kaynat.nescostore.com/public/backend/kaynat.jpeg', 'kaynat.jpeg', NULL, 1, 100, 120, 150, NULL, '6972760820379'),
(627, 6, NULL, 'maxfine', NULL, NULL, 1, 'https://kaynat.nescostore.com/public/backend/kaynat.jpeg', 'kaynat.jpeg', NULL, 1, 220, 250, 290, NULL, '6972830376393'),
(628, 6, NULL, 'maxfine', NULL, NULL, 1, 'https://kaynat.nescostore.com/public/backend/kaynat.jpeg', 'kaynat.jpeg', NULL, 1, 220, 250, 290, NULL, '6972830376409'),
(629, 6, NULL, 'beauty glazed', NULL, NULL, 1, 'https://kaynat.nescostore.com/public/backend/kaynat.jpeg', 'kaynat.jpeg', NULL, 1, 160, 190, 220, NULL, '6970201940730'),
(630, 6, NULL, 'hello style', NULL, NULL, 1, 'https://kaynat.nescostore.com/public/backend/kaynat.jpeg', 'kaynat.jpeg', NULL, 1, 160, 190, 220, NULL, '6973027203461'),
(631, 6, NULL, 'glitter eyeshadow', NULL, NULL, 1, 'https://kaynat.nescostore.com/public/backend/kaynat.jpeg', 'kaynat.jpeg', NULL, 1, 140, 170, 200, NULL, '6941780700480'),
(632, 6, NULL, 'black mask', NULL, NULL, 1, 'https://kaynat.nescostore.com/public/backend/kaynat.jpeg', 'kaynat.jpeg', NULL, 1, 220, 250, 300, NULL, '6932511215748');
INSERT INTO `products` (`product_id`, `sc_one_id`, `attribute_id`, `product_name`, `avg_rating`, `product_description`, `unit_type`, `image_path`, `product_image`, `sku_no`, `is_active`, `cost_price`, `bulk_price`, `sales_price`, `vat`, `barcode`) VALUES
(633, 6, NULL, 'black mask', NULL, NULL, 1, 'https://kaynat.nescostore.com/public/backend/kaynat.jpeg', 'kaynat.jpeg', NULL, 1, 190, 240, 280, NULL, '6921199179886'),
(634, 6, NULL, 'kojic soap', NULL, NULL, 1, 'https://kaynat.nescostore.com/public/backend/kaynat.jpeg', 'kaynat.jpeg', NULL, 1, 330, 400, 450, NULL, '8859288000811'),
(635, 6, NULL, 'japan sakura  cleanser', NULL, NULL, 1, 'https://kaynat.nescostore.com/public/backend/kaynat.jpeg', 'kaynat.jpeg', NULL, 1, 130, 150, 180, NULL, '6925464090203'),
(636, 6, NULL, '3 in concealer', NULL, NULL, 1, 'https://kaynat.nescostore.com/public/backend/kaynat.jpeg', 'kaynat.jpeg', NULL, 1, 120, 120, 150, NULL, '6972760820614'),
(637, 6, NULL, 'simple toner', NULL, NULL, 1, 'https://kaynat.nescostore.com/public/backend/kaynat.jpeg', 'kaynat.jpeg', NULL, 1, 420, 470, 550, NULL, '5011451103856'),
(638, 6, NULL, 'simple refreshing facewash', NULL, NULL, 1, 'https://kaynat.nescostore.com/public/backend/kaynat.jpeg', 'kaynat.jpeg', NULL, 1, 430, 530, 550, NULL, '8720181128981'),
(639, 6, NULL, 'ponds gel', NULL, NULL, 1, 'https://kaynat.nescostore.com/public/backend/kaynat.jpeg', 'kaynat.jpeg', NULL, 1, 180, 250, 250, NULL, '8901030865398'),
(640, 6, NULL, 'simple water', NULL, NULL, 1, 'https://kaynat.nescostore.com/public/backend/kaynat.jpeg', 'kaynat.jpeg', NULL, 1, 190, 240, 280, NULL, '087300000770'),
(641, 6, NULL, 'roller', NULL, NULL, 1, 'https://kaynat.nescostore.com/public/backend/kaynat.jpeg', 'kaynat.jpeg', NULL, 1, 250, 300, 350, NULL, '6971274127745'),
(642, 6, NULL, 'tecnic bronzer', NULL, NULL, 1, 'https://kaynat.nescostore.com/public/backend/kaynat.jpeg', 'kaynat.jpeg', NULL, 1, 260, 300, 350, NULL, '5021769287162'),
(643, 4, NULL, 'school bag', NULL, NULL, 1, 'https://kaynat.nescostore.com/public/backend/kaynat.jpeg', 'kaynat.jpeg', NULL, 1, 730, 1000, 1180, NULL, '0643'),
(644, 4, NULL, 'school bag 2', NULL, NULL, 1, 'https://kaynat.nescostore.com/public/backend/kaynat.jpeg', 'kaynat.jpeg', NULL, 1, 1100, 1250, 1350, NULL, '0644'),
(645, 4, NULL, 'mini bag', NULL, NULL, 1, 'https://kaynat.nescostore.com/public/backend/kaynat.jpeg', 'kaynat.jpeg', NULL, 1, 220, 250, 320, NULL, '0645'),
(646, 13, NULL, 'shoe', NULL, NULL, 1, 'https://kaynat.nescostore.com/public/backend/kaynat.jpeg', 'kaynat.jpeg', NULL, 1, 550, 700, 780, NULL, '0646'),
(647, 6, NULL, 'laikou sunscreen', NULL, NULL, 1, 'https://kaynat.nescostore.com/public/backend/kaynat.jpeg', 'kaynat.jpeg', NULL, 1, 190, 300, 350, NULL, '6925464083755'),
(648, 6, NULL, 'sunscreen', NULL, NULL, 1, 'https://kaynat.nescostore.com/public/backend/kaynat.jpeg', 'kaynat.jpeg', NULL, 1, 200, 330, 400, NULL, '6975112556278'),
(649, 6, NULL, 'shadow', NULL, NULL, 1, 'https://kaynat.nescostore.com/public/backend/kaynat.jpeg', 'kaynat.jpeg', NULL, 1, 200, 270, 320, NULL, '6973968621416'),
(650, 6, NULL, 'hello style', NULL, NULL, 1, 'https://kaynat.nescostore.com/public/backend/kaynat.jpeg', 'kaynat.jpeg', NULL, 1, 160, 200, 220, NULL, NULL),
(651, 6, NULL, 'unicorn heaert', NULL, NULL, 1, 'https://kaynat.nescostore.com/public/backend/kaynat.jpeg', 'kaynat.jpeg', NULL, 1, 250, 290, 320, NULL, '6845682630008'),
(652, 6, NULL, 'unicorn heaert', NULL, NULL, 1, 'https://kaynat.nescostore.com/public/backend/kaynat.jpeg', 'kaynat.jpeg', NULL, 1, 250, 320, 320, NULL, '6845682630039'),
(653, 11, NULL, 'baby moshari', NULL, NULL, 1, 'https://kaynat.nescostore.com/public/backend/kaynat.jpeg', 'kaynat.jpeg', NULL, 1, 380, 550, 640, NULL, '0653'),
(654, 1, NULL, 'bag', NULL, NULL, 1, 'https://kaynat.nescostore.com/public/backend/kaynat.jpeg', 'kaynat.jpeg', NULL, 1, 1450, 1650, 1850, NULL, '0654'),
(655, 3, NULL, 'bag', NULL, NULL, 1, 'https://kaynat.nescostore.com/public/backend/kaynat.jpeg', 'kaynat.jpeg', NULL, 1, 1700, 1900, 2050, NULL, '0655'),
(656, 6, NULL, 'ribana coconut oil', NULL, NULL, 1, 'https://kaynat.nescostore.com/public/backend/kaynat.jpeg', 'kaynat.jpeg', NULL, 1, 350, 400, 400, NULL, '8941158143060'),
(657, 6, NULL, 'ribana castrol oil', NULL, NULL, 1, 'https://kaynat.nescostore.com/public/backend/kaynat.jpeg', 'kaynat.jpeg', NULL, 1, 470, 550, 550, NULL, '8941158143077'),
(658, 6, NULL, 'simple  moisturising facewash', NULL, NULL, 1, 'https://kaynat.nescostore.com/public/backend/kaynat.jpeg', 'kaynat.jpeg', NULL, 1, 430, 500, 550, NULL, '8710908710773'),
(659, 6, NULL, 'simple express glow facewash', NULL, NULL, 1, 'https://kaynat.nescostore.com/public/backend/kaynat.jpeg', 'kaynat.jpeg', NULL, 1, 460, 520, 580, NULL, '8710447474419'),
(660, 6, NULL, 'missha sunscreen', NULL, NULL, 1, 'https://kaynat.nescostore.com/public/backend/kaynat.jpeg', 'kaynat.jpeg', NULL, 1, 960, 1100, 1180, NULL, '8809581452343'),
(661, 6, NULL, 'missha sunscreen', NULL, NULL, 1, 'https://kaynat.nescostore.com/public/backend/kaynat.jpeg', 'kaynat.jpeg', NULL, 1, 970, 1100, 1180, NULL, '8809581452367'),
(662, 6, NULL, 'missha sunscreen', NULL, NULL, 1, 'https://kaynat.nescostore.com/public/backend/kaynat.jpeg', 'kaynat.jpeg', NULL, 1, 970, 1100, 1180, NULL, '8809581452329'),
(663, 6, NULL, 'kojic soap', NULL, NULL, 1, 'https://kaynat.nescostore.com/public/backend/kaynat.jpeg', 'kaynat.jpeg', NULL, 1, 300, 400, 450, NULL, '8859288000811'),
(664, 12, NULL, 'pant', NULL, NULL, 1, 'https://kaynat.nescostore.com/public/backend/kaynat.jpeg', 'kaynat.jpeg', NULL, 1, 320, 500, 650, NULL, '0664'),
(665, 12, NULL, 'kurti', NULL, NULL, 1, 'https://kaynat.nescostore.com/public/backend/kaynat.jpeg', 'kaynat.jpeg', NULL, 1, 520, 650, 750, NULL, '0665'),
(666, 12, NULL, 'kurti', NULL, NULL, 1, 'https://kaynat.nescostore.com/public/backend/kaynat.jpeg', 'kaynat.jpeg', NULL, 1, 570, 700, 820, NULL, '0666'),
(667, 3, NULL, 'BAG', NULL, NULL, 1, 'https://kaynat.nescostore.com/public/backend/kaynat.jpeg', 'kaynat.jpeg', NULL, 1, 350, 420, 490, NULL, '0667'),
(668, 13, NULL, 'SHOE', NULL, NULL, 1, 'https://kaynat.nescostore.com/public/backend/kaynat.jpeg', 'kaynat.jpeg', NULL, 1, 900, 1250, 1350, NULL, '0668'),
(669, 1, NULL, 'bag', NULL, NULL, 1, 'https://kaynat.nescostore.com/public/backend/kaynat.jpeg', 'kaynat.jpeg', NULL, 1, 600, 850, 980, NULL, '0669'),
(670, 1, NULL, 'bag', NULL, NULL, 1, 'https://kaynat.nescostore.com/public/backend/kaynat.jpeg', 'kaynat.jpeg', NULL, 1, 750, 980, 1080, NULL, '0670'),
(671, 1, NULL, 'bag', NULL, NULL, 1, 'https://kaynat.nescostore.com/public/backend/kaynat.jpeg', 'kaynat.jpeg', NULL, 1, 560, 800, 870, NULL, '0671'),
(672, 11, NULL, 'food cap', NULL, NULL, 1, 'https://kaynat.nescostore.com/public/backend/kaynat.jpeg', 'kaynat.jpeg', NULL, 1, 80, 120, 150, NULL, '0672'),
(673, 11, NULL, ']commode', NULL, NULL, 1, 'https://kaynat.nescostore.com/public/backend/kaynat.jpeg', 'kaynat.jpeg', NULL, 1, 230, 350, 430, NULL, '0673'),
(674, 11, NULL, 'tupi', NULL, NULL, 1, 'https://kaynat.nescostore.com/public/backend/kaynat.jpeg', 'kaynat.jpeg', NULL, 1, 45, 60, 85, NULL, '0674'),
(675, 11, NULL, 'cap set', NULL, NULL, 1, 'https://kaynat.nescostore.com/public/backend/kaynat.jpeg', 'kaynat.jpeg', NULL, 1, 85, 120, 160, NULL, '0675'),
(676, 11, NULL, 'silicon food cap', NULL, NULL, 1, 'https://kaynat.nescostore.com/public/backend/kaynat.jpeg', 'kaynat.jpeg', NULL, 1, 170, 230, 290, NULL, '0676'),
(677, 11, NULL, 'cotton bar', NULL, NULL, 1, 'https://kaynat.nescostore.com/public/backend/kaynat.jpeg', 'kaynat.jpeg', NULL, 1, 60, 90, 120, NULL, '0677'),
(678, 14, NULL, 'hot water bag', NULL, NULL, 1, 'https://kaynat.nescostore.com/public/backend/kaynat.jpeg', 'kaynat.jpeg', NULL, 1, 75, 90, 100, NULL, '0678'),
(679, 11, NULL, 'urine pad', NULL, NULL, 1, 'https://kaynat.nescostore.com/public/backend/kaynat.jpeg', 'kaynat.jpeg', NULL, 1, 60, 90, 120, NULL, '0679'),
(680, 6, NULL, 'misha water proof', NULL, NULL, 1, 'https://kaynat.nescostore.com/public/backend/kaynat.jpeg', 'kaynat.jpeg', NULL, 1, 920, 1050, 1180, NULL, '8809581452343'),
(681, 6, NULL, 'misha essence', NULL, NULL, 1, 'https://kaynat.nescostore.com/public/backend/kaynat.jpeg', 'kaynat.jpeg', NULL, 1, 920, 1050, 1180, NULL, '8809581452329'),
(682, 6, NULL, 'johnson soft', NULL, NULL, 1, 'https://kaynat.nescostore.com/public/backend/kaynat.jpeg', 'kaynat.jpeg', NULL, 1, 380, 400, 480, NULL, '3574660149548'),
(683, 6, NULL, 'sunsilk shampoo', NULL, NULL, 1, 'https://kaynat.nescostore.com/public/backend/kaynat.jpeg', 'kaynat.jpeg', NULL, 1, 450, 600, 680, NULL, '8851932355162'),
(684, 6, NULL, 'tressme shampoo', NULL, NULL, 1, 'https://kaynat.nescostore.com/public/backend/kaynat.jpeg', 'kaynat.jpeg', NULL, 1, 850, 1100, 1150, NULL, '8710447223352'),
(685, 6, NULL, 'tra tree shampoo', NULL, NULL, 1, 'https://kaynat.nescostore.com/public/backend/kaynat.jpeg', 'kaynat.jpeg', NULL, 1, 560, 700, 750, NULL, '5060120166425'),
(686, 6, NULL, 'coconut shampoo', NULL, NULL, 1, 'https://kaynat.nescostore.com/public/backend/kaynat.jpeg', 'kaynat.jpeg', NULL, 1, 560, 0, 750, NULL, '5060120166333'),
(687, 6, NULL, 'keratin shampoo', NULL, NULL, 1, 'https://kaynat.nescostore.com/public/backend/kaynat.jpeg', 'kaynat.jpeg', NULL, 1, 560, 700, 750, NULL, '5060120165763'),
(688, 6, NULL, 'ginger shampoo', NULL, NULL, 1, 'https://kaynat.nescostore.com/public/backend/kaynat.jpeg', 'kaynat.jpeg', NULL, 1, 410, 520, 590, NULL, '5060120169280'),
(689, 6, NULL, 'banana shampoo', NULL, NULL, 1, 'https://kaynat.nescostore.com/public/backend/kaynat.jpeg', 'kaynat.jpeg', NULL, 1, 410, 520, 590, NULL, '5060120169303'),
(690, 6, NULL, 'strawberry shampoo', NULL, NULL, 1, 'https://kaynat.nescostore.com/public/backend/kaynat.jpeg', 'kaynat.jpeg', NULL, 1, 410, 520, 590, NULL, '5060120170033'),
(691, 6, NULL, 'green tea shampoo', NULL, NULL, 1, 'https://kaynat.nescostore.com/public/backend/kaynat.jpeg', 'kaynat.jpeg', NULL, 1, 410, 520, 590, NULL, '5060120170057'),
(692, 6, NULL, 'ginger conditioner', NULL, NULL, 1, 'https://kaynat.nescostore.com/public/backend/kaynat.jpeg', 'kaynat.jpeg', NULL, 1, 410, 520, 590, NULL, '5060120169297'),
(693, 6, NULL, 'vaseline', NULL, NULL, 1, 'https://kaynat.nescostore.com/public/backend/kaynat.jpeg', 'kaynat.jpeg', NULL, 1, 230, 300, 350, NULL, '60018960'),
(694, 6, NULL, 'dove moisturising shampoo', NULL, NULL, 1, 'https://kaynat.nescostore.com/public/backend/kaynat.jpeg', 'kaynat.jpeg', NULL, 1, 590, 700, 790, NULL, '6281006524170'),
(695, 6, NULL, 'dove daily care', NULL, NULL, 1, 'https://kaynat.nescostore.com/public/backend/kaynat.jpeg', 'kaynat.jpeg', NULL, 1, 590, 700, 790, NULL, '6281006524194'),
(696, 6, NULL, 'dove nourishing shampoo', NULL, NULL, 1, 'https://kaynat.nescostore.com/public/backend/kaynat.jpeg', 'kaynat.jpeg', NULL, 1, 590, 700, 790, NULL, '6281006524163'),
(697, 6, NULL, 'victoria secret perfume', NULL, NULL, 1, 'https://kaynat.nescostore.com/public/backend/kaynat.jpeg', 'kaynat.jpeg', NULL, 1, 780, 950, 1050, NULL, '0697'),
(698, 6, NULL, 'boots facewash', NULL, NULL, 1, 'https://kaynat.nescostore.com/public/backend/kaynat.jpeg', 'kaynat.jpeg', NULL, 1, 500, 600, 680, NULL, '5000167332704'),
(699, 6, NULL, 'loreal shmpoo', NULL, NULL, 1, 'https://kaynat.nescostore.com/public/backend/kaynat.jpeg', 'kaynat.jpeg', NULL, 1, 730, 900, 980, NULL, '0699'),
(700, 6, NULL, 'xpel shampoo', NULL, NULL, 1, 'https://kaynat.nescostore.com/public/backend/kaynat.jpeg', 'kaynat.jpeg', NULL, 1, 560, 650, 750, NULL, '5060120165787'),
(701, 6, NULL, 'boots night cream', NULL, NULL, 1, 'https://kaynat.nescostore.com/public/backend/kaynat.jpeg', 'kaynat.jpeg', NULL, 1, 360, 0, 550, NULL, NULL),
(702, 6, NULL, 'boots day cream', NULL, NULL, 1, 'https://kaynat.nescostore.com/public/backend/kaynat.jpeg', 'kaynat.jpeg', NULL, 1, 610, 780, 850, NULL, '5000167332698'),
(703, 6, NULL, 'garnier mask', NULL, NULL, 1, 'https://kaynat.nescostore.com/public/backend/kaynat.jpeg', 'kaynat.jpeg', NULL, 1, 1280, 1350, 1450, NULL, '3600542231572'),
(704, 6, NULL, 'sunsilk shampoo saudi', NULL, NULL, 1, 'https://kaynat.nescostore.com/public/backend/kaynat.jpeg', 'kaynat.jpeg', NULL, 1, 730, 950, 1050, NULL, '6221155062345'),
(705, 6, NULL, 'water gel', NULL, NULL, 1, 'https://kaynat.nescostore.com/public/backend/kaynat.jpeg', 'kaynat.jpeg', NULL, 1, 1120, 1250, 1350, NULL, '3574661287201'),
(706, 6, NULL, 'vaseline pink', NULL, NULL, 1, 'https://kaynat.nescostore.com/public/backend/kaynat.jpeg', 'kaynat.jpeg', NULL, 1, 200, 240, 280, NULL, '50064861'),
(707, 6, NULL, 'vaseline alovera', NULL, NULL, 1, 'https://kaynat.nescostore.com/public/backend/kaynat.jpeg', 'kaynat.jpeg', NULL, 1, 200, 240, 280, NULL, '8714100597347'),
(708, 6, NULL, 'vaseline cocoa', NULL, NULL, 1, 'https://kaynat.nescostore.com/public/backend/kaynat.jpeg', 'kaynat.jpeg', NULL, 1, 200, 240, 280, NULL, '8718114642871'),
(709, 14, NULL, 'bottle', NULL, NULL, 1, 'https://kaynat.nescostore.com/public/backend/kaynat.jpeg', 'kaynat.jpeg', NULL, 1, 450, 650, 750, NULL, '0709'),
(710, 14, NULL, 'bottle', NULL, NULL, 1, 'https://kaynat.nescostore.com/public/backend/kaynat.jpeg', 'kaynat.jpeg', NULL, 1, 520, 750, 840, NULL, '0710'),
(711, 14, NULL, 'jar', NULL, NULL, 1, 'https://kaynat.nescostore.com/public/backend/kaynat.jpeg', 'kaynat.jpeg', NULL, 1, 200, 250, 320, NULL, '0711'),
(712, 14, NULL, 'shopiz', NULL, NULL, 1, 'https://kaynat.nescostore.com/public/backend/kaynat.jpeg', 'kaynat.jpeg', NULL, 1, 670, 850, 960, NULL, '0712'),
(713, 14, NULL, 'timer', NULL, NULL, 1, 'https://kaynat.nescostore.com/public/backend/kaynat.jpeg', 'kaynat.jpeg', NULL, 1, 120, 180, 230, NULL, '0713'),
(714, 14, NULL, 'nagordola', NULL, NULL, 1, 'https://kaynat.nescostore.com/public/backend/kaynat.jpeg', 'kaynat.jpeg', NULL, 1, 190, 300, 340, NULL, '0714'),
(715, 14, NULL, 'wooden stand', NULL, NULL, 1, 'https://kaynat.nescostore.com/public/backend/kaynat.jpeg', 'kaynat.jpeg', NULL, 1, 310, 500, 590, NULL, '0715'),
(716, 14, NULL, 'cactus', NULL, NULL, 1, 'https://kaynat.nescostore.com/public/backend/kaynat.jpeg', 'kaynat.jpeg', NULL, 1, 460, 550, 630, NULL, '0716'),
(717, 14, NULL, 'puzzle', NULL, NULL, 1, 'https://kaynat.nescostore.com/public/backend/kaynat.jpeg', 'kaynat.jpeg', NULL, 1, 229, 300, 350, NULL, '0717'),
(718, 14, NULL, 'mobile stand', NULL, NULL, 1, 'https://kaynat.nescostore.com/public/backend/kaynat.jpeg', 'kaynat.jpeg', NULL, 1, 50, 70, 120, NULL, '0718'),
(719, 14, NULL, 'gift bag', NULL, NULL, 1, 'https://kaynat.nescostore.com/public/backend/kaynat.jpeg', 'kaynat.jpeg', NULL, 1, 60, 80, 100, NULL, '0719'),
(720, 14, NULL, 'gift bag 1', NULL, NULL, 1, 'https://kaynat.nescostore.com/public/backend/kaynat.jpeg', 'kaynat.jpeg', NULL, 1, 30, 60, 75, NULL, '0720'),
(721, 14, NULL, 'shopiz 2', NULL, NULL, 1, 'https://kaynat.nescostore.com/public/backend/kaynat.jpeg', 'kaynat.jpeg', NULL, 1, 90, 120, 150, NULL, '0721'),
(722, 3, NULL, 'bag', NULL, NULL, 1, 'https://kaynat.nescostore.com/public/backend/kaynat.jpeg', 'kaynat.jpeg', NULL, 1, 140, 200, 230, NULL, '0722'),
(723, 6, NULL, 'lipstick', NULL, NULL, 1, 'https://kaynat.nescostore.com/public/backend/kaynat.jpeg', 'kaynat.jpeg', NULL, 1, 60, 75, 90, NULL, '0723'),
(724, 6, NULL, 'lipstick', NULL, NULL, 1, 'https://kaynat.nescostore.com/public/backend/kaynat.jpeg', 'kaynat.jpeg', NULL, 1, 110, 150, 180, NULL, '0724'),
(725, 6, NULL, 'pinkflash mascara', NULL, NULL, 1, 'https://kaynat.nescostore.com/public/backend/kaynat.jpeg', 'kaynat.jpeg', NULL, 1, 135, 190, 220, NULL, '6974908118546'),
(726, 6, NULL, 'pinkflash powder', NULL, NULL, 1, 'https://kaynat.nescostore.com/public/backend/kaynat.jpeg', 'kaynat.jpeg', NULL, 1, 150, 200, 250, NULL, '6974908119826'),
(727, 6, NULL, 'lipstick', NULL, NULL, 1, 'https://kaynat.nescostore.com/public/backend/kaynat.jpeg', 'kaynat.jpeg', NULL, 1, 210, 260, 300, NULL, '0727'),
(728, 6, NULL, 'lipstick', NULL, NULL, 1, 'https://kaynat.nescostore.com/public/backend/kaynat.jpeg', 'kaynat.jpeg', NULL, 1, 130, 190, 220, NULL, '0728'),
(729, 6, NULL, 'everly foundation', NULL, NULL, 1, 'https://kaynat.nescostore.com/public/backend/kaynat.jpeg', 'kaynat.jpeg', NULL, 1, 530, 700, 750, NULL, '0729'),
(730, 6, NULL, 'everly powder', NULL, NULL, 1, 'https://kaynat.nescostore.com/public/backend/kaynat.jpeg', 'kaynat.jpeg', NULL, 1, 450, 550, 600, NULL, '0730'),
(731, 6, NULL, 'imagic kajol', NULL, NULL, 1, 'https://kaynat.nescostore.com/public/backend/kaynat.jpeg', 'kaynat.jpeg', NULL, 1, 110, 160, 190, NULL, '6953687086239'),
(732, 6, NULL, 'violet kajol', NULL, NULL, 1, 'https://kaynat.nescostore.com/public/backend/kaynat.jpeg', 'kaynat.jpeg', NULL, 1, 120, 150, 190, NULL, '6992022050603'),
(733, 6, NULL, 'everly concealeer', NULL, NULL, 1, 'https://kaynat.nescostore.com/public/backend/kaynat.jpeg', 'kaynat.jpeg', NULL, 1, 300, 350, 380, NULL, '0733'),
(734, 6, NULL, 'jordana face powder', NULL, NULL, 1, 'https://kaynat.nescostore.com/public/backend/kaynat.jpeg', 'kaynat.jpeg', NULL, 1, 350, 400, 480, NULL, '0734'),
(735, 6, NULL, 'wet n wild  lipstick', NULL, NULL, 1, 'https://kaynat.nescostore.com/public/backend/kaynat.jpeg', 'kaynat.jpeg', NULL, 1, 400, 449, 480, NULL, '0735'),
(736, 6, NULL, 'w7 foundation', NULL, NULL, 1, 'https://kaynat.nescostore.com/public/backend/kaynat.jpeg', 'kaynat.jpeg', NULL, 1, 460, 500, 550, NULL, '0736'),
(737, 6, NULL, 'liquid highlighter', NULL, NULL, 1, 'https://kaynat.nescostore.com/public/backend/kaynat.jpeg', 'kaynat.jpeg', NULL, 1, 190, 270, 320, NULL, '6931904240299'),
(738, 6, NULL, 'facial roller', NULL, NULL, 1, 'https://kaynat.nescostore.com/public/backend/kaynat.jpeg', 'kaynat.jpeg', NULL, 1, 270, 370, 420, NULL, '6926641007083'),
(739, 6, NULL, 'revulation spray', NULL, NULL, 1, 'https://kaynat.nescostore.com/public/backend/kaynat.jpeg', 'kaynat.jpeg', NULL, 1, 750, 900, 1050, NULL, '5029066056207'),
(740, 6, NULL, 'rbory powder', NULL, NULL, 1, 'https://kaynat.nescostore.com/public/backend/kaynat.jpeg', 'kaynat.jpeg', NULL, 1, 210, 260, 300, NULL, '6972318030120'),
(741, 6, NULL, 'rajor', NULL, NULL, 1, 'https://kaynat.nescostore.com/public/backend/kaynat.jpeg', 'kaynat.jpeg', NULL, 1, 90, 150, 180, NULL, '6958417434786'),
(742, 6, NULL, 'facial rajor', NULL, NULL, 1, 'https://kaynat.nescostore.com/public/backend/kaynat.jpeg', 'kaynat.jpeg', NULL, 1, 60, 90, 120, NULL, '8801038123097'),
(743, 14, NULL, 'shotoronji', NULL, NULL, 1, 'https://kaynat.nescostore.com/public/backend/kaynat.jpeg', 'kaynat.jpeg', NULL, 1, 900, 1100, 1250, NULL, '0743'),
(744, 14, NULL, 'shotoronji 1', NULL, NULL, 1, 'https://kaynat.nescostore.com/public/backend/kaynat.jpeg', 'kaynat.jpeg', NULL, 1, 280, 400, 480, NULL, '0744'),
(745, 14, NULL, 'shotoronji 2', NULL, NULL, 1, 'https://kaynat.nescostore.com/public/backend/kaynat.jpeg', 'kaynat.jpeg', NULL, 1, 380, 500, 580, NULL, '0745'),
(746, 11, NULL, 'dress', NULL, NULL, 1, 'https://kaynat.nescostore.com/public/backend/kaynat.jpeg', 'kaynat.jpeg', NULL, 1, 460, 550, 590, NULL, '0746'),
(747, 12, NULL, 'borka', NULL, NULL, 1, 'https://kaynat.nescostore.com/public/backend/kaynat.jpeg', 'kaynat.jpeg', NULL, 1, 2500, 2900, 3200, NULL, '0747'),
(748, 12, NULL, 'borkha', NULL, NULL, 1, 'https://kaynat.nescostore.com/public/backend/kaynat.jpeg', 'kaynat.jpeg', NULL, 1, 2450, 2800, 3050, NULL, '0748'),
(749, 12, NULL, 'borkha 1', NULL, NULL, 1, 'https://kaynat.nescostore.com/public/backend/kaynat.jpeg', 'kaynat.jpeg', NULL, 1, 2100, 2300, 2580, NULL, '0749'),
(750, 12, NULL, 'borkha 2', NULL, NULL, 1, 'https://kaynat.nescostore.com/public/backend/kaynat.jpeg', 'kaynat.jpeg', NULL, 1, 1700, 2000, 2250, NULL, '0750'),
(751, 12, NULL, 'borkha 3', NULL, NULL, 1, 'https://kaynat.nescostore.com/public/backend/kaynat.jpeg', 'kaynat.jpeg', NULL, 1, 2500, 2250, 2780, NULL, '0751'),
(752, 12, NULL, 'borkha 4', NULL, NULL, 1, 'https://kaynat.nescostore.com/public/backend/kaynat.jpeg', 'kaynat.jpeg', NULL, 1, 1850, 2100, 2370, NULL, '0752'),
(753, 12, NULL, 'dress', NULL, NULL, 1, 'https://kaynat.nescostore.com/public/backend/kaynat.jpeg', 'kaynat.jpeg', NULL, 1, 400, 550, 680, NULL, '0753'),
(754, 12, NULL, 'overcoat', NULL, NULL, 1, 'https://kaynat.nescostore.com/public/backend/kaynat.jpeg', 'kaynat.jpeg', NULL, 1, 1200, 1500, 1650, NULL, '0754'),
(755, 15, NULL, 'watch', NULL, NULL, 1, 'https://kaynat.nescostore.com/public/backend/kaynat.jpeg', 'kaynat.jpeg', NULL, 1, 170, 200, 200, NULL, '0755'),
(756, 15, NULL, 'watch 1', NULL, NULL, 1, 'https://kaynat.nescostore.com/public/backend/kaynat.jpeg', 'kaynat.jpeg', NULL, 1, 150, 200, 260, NULL, '0756'),
(757, 15, NULL, 'watch 2', NULL, NULL, 1, 'https://kaynat.nescostore.com/public/backend/kaynat.jpeg', 'kaynat.jpeg', NULL, 1, 180, 259, 290, NULL, '0757'),
(758, 15, NULL, 'watch 3', NULL, NULL, 1, 'https://kaynat.nescostore.com/public/backend/kaynat.jpeg', 'kaynat.jpeg', NULL, 1, 200, 260, 320, NULL, '0758'),
(759, 15, NULL, 'watch 4', NULL, NULL, 1, 'https://kaynat.nescostore.com/public/backend/kaynat.jpeg', 'kaynat.jpeg', NULL, 1, 220, 300, 350, NULL, '0759'),
(760, 15, NULL, 'watch 5', NULL, NULL, 1, 'https://kaynat.nescostore.com/public/backend/kaynat.jpeg', 'kaynat.jpeg', NULL, 1, 300, 350, 390, NULL, '0760'),
(761, 15, NULL, 'watch 6', NULL, NULL, 1, 'https://kaynat.nescostore.com/public/backend/kaynat.jpeg', 'kaynat.jpeg', NULL, 1, 300, 350, 420, NULL, '0761'),
(762, 15, NULL, 'watch 6', NULL, NULL, 1, 'https://kaynat.nescostore.com/public/backend/kaynat.jpeg', 'kaynat.jpeg', NULL, 1, 300, 400, 450, NULL, '0762'),
(763, 15, NULL, 'watch 7', NULL, NULL, 1, 'https://kaynat.nescostore.com/public/backend/kaynat.jpeg', 'kaynat.jpeg', NULL, 1, 300, 400, 480, NULL, '0763'),
(764, 15, NULL, 'watch 8', NULL, NULL, 1, 'https://kaynat.nescostore.com/public/backend/kaynat.jpeg', 'kaynat.jpeg', NULL, 1, 350, 450, 520, NULL, '0764'),
(765, 15, NULL, 'watch 9', NULL, NULL, 1, 'https://kaynat.nescostore.com/public/backend/kaynat.jpeg', 'kaynat.jpeg', NULL, 1, 450, 600, 680, NULL, '0765'),
(766, 15, NULL, 'watch 10', NULL, NULL, 1, 'https://kaynat.nescostore.com/public/backend/kaynat.jpeg', 'kaynat.jpeg', NULL, 1, 500, 650, 760, NULL, '0766'),
(767, 15, NULL, 'watch 11', NULL, NULL, 1, 'https://kaynat.nescostore.com/public/backend/kaynat.jpeg', 'kaynat.jpeg', NULL, 1, 600, 750, 870, NULL, '0767'),
(768, 15, NULL, 'watch 12', NULL, NULL, 1, 'https://kaynat.nescostore.com/public/backend/kaynat.jpeg', 'kaynat.jpeg', NULL, 1, 650, 800, 920, NULL, '0768'),
(769, 15, NULL, 'watch 13', NULL, NULL, 1, 'https://kaynat.nescostore.com/public/backend/kaynat.jpeg', 'kaynat.jpeg', NULL, 1, 780, 849, 980, NULL, '0769'),
(770, 15, NULL, 'watch 14', NULL, NULL, 1, 'https://kaynat.nescostore.com/public/backend/kaynat.jpeg', 'kaynat.jpeg', NULL, 1, 800, 950, 1080, NULL, '0770'),
(771, 15, NULL, 'watch 15', NULL, NULL, 1, 'https://kaynat.nescostore.com/public/backend/kaynat.jpeg', 'kaynat.jpeg', NULL, 1, 900, 1050, 1150, NULL, '0771'),
(772, 12, NULL, 'inner 8', NULL, NULL, 1, 'https://kaynat.nescostore.com/public/backend/kaynat.jpeg', 'kaynat.jpeg', NULL, 1, 250, 270, 320, NULL, '0772'),
(773, 12, NULL, 'inner 9', NULL, NULL, 1, 'https://kaynat.nescostore.com/public/backend/kaynat.jpeg', 'kaynat.jpeg', NULL, 1, 260, 300, 350, NULL, '0773'),
(774, 12, NULL, 'inner 10', NULL, NULL, 1, 'https://kaynat.nescostore.com/public/backend/kaynat.jpeg', 'kaynat.jpeg', NULL, 1, 300, 330, 380, NULL, '0774'),
(775, 12, NULL, 'inner 11', NULL, NULL, 1, 'https://kaynat.nescostore.com/public/backend/kaynat.jpeg', 'kaynat.jpeg', NULL, 1, 350, 380, 420, NULL, '0775'),
(776, 12, NULL, 'inner 13', NULL, NULL, 1, 'https://kaynat.nescostore.com/public/backend/kaynat.jpeg', 'kaynat.jpeg', NULL, 1, 450, 500, 550, NULL, '0776'),
(777, 14, NULL, 'tissue box', NULL, NULL, 1, 'https://kaynat.nescostore.com/public/backend/kaynat.jpeg', 'kaynat.jpeg', NULL, 1, 120, 180, 220, NULL, '0777'),
(778, 14, NULL, 'home decor', NULL, NULL, 1, 'https://kaynat.nescostore.com/public/backend/kaynat.jpeg', 'kaynat.jpeg', NULL, 1, 90, 120, 160, NULL, '0778'),
(779, 14, NULL, 'home decor 1', NULL, NULL, 1, 'https://kaynat.nescostore.com/public/backend/kaynat.jpeg', 'kaynat.jpeg', NULL, 1, 170, 220, 260, NULL, '0779'),
(780, 15, NULL, 'sunglass', NULL, NULL, 1, 'https://kaynat.nescostore.com/public/backend/kaynat.jpeg', 'kaynat.jpeg', NULL, 1, 60, 80, 100, NULL, '0780'),
(781, 15, NULL, 'sunglass 1', NULL, NULL, 1, 'https://kaynat.nescostore.com/public/backend/kaynat.jpeg', 'kaynat.jpeg', NULL, 1, 70, 90, 120, NULL, '0781'),
(782, 15, NULL, 'sunglass 2', NULL, NULL, 1, 'https://kaynat.nescostore.com/public/backend/kaynat.jpeg', 'kaynat.jpeg', NULL, 1, 100, 120, 150, NULL, '0782'),
(783, 15, NULL, 'sunglass 2', NULL, NULL, 1, 'https://kaynat.nescostore.com/public/backend/kaynat.jpeg', 'kaynat.jpeg', NULL, 1, 100, 120, 150, NULL, '0783'),
(784, 15, NULL, 'sunglass 3', NULL, NULL, 1, 'https://kaynat.nescostore.com/public/backend/kaynat.jpeg', 'kaynat.jpeg', NULL, 1, 120, 150, 180, NULL, '0784'),
(785, 15, NULL, 'sunglass 4', NULL, NULL, 1, 'https://kaynat.nescostore.com/public/backend/kaynat.jpeg', 'kaynat.jpeg', NULL, 1, 120, 150, 200, NULL, '0785'),
(786, 15, NULL, 'sunglass 5', NULL, NULL, 1, 'https://kaynat.nescostore.com/public/backend/kaynat.jpeg', 'kaynat.jpeg', NULL, 1, 150, 200, 250, NULL, '0786'),
(787, 15, NULL, 'sunglass 6', NULL, NULL, 1, 'https://kaynat.nescostore.com/public/backend/kaynat.jpeg', 'kaynat.jpeg', NULL, 1, 200, 250, 280, NULL, '0787'),
(788, 15, NULL, 'sunglass 7', NULL, NULL, 1, 'https://kaynat.nescostore.com/public/backend/kaynat.jpeg', 'kaynat.jpeg', NULL, 1, 250, 300, 350, NULL, '0788'),
(789, 15, NULL, 'sunglass 8', NULL, NULL, 1, 'https://kaynat.nescostore.com/public/backend/kaynat.jpeg', 'kaynat.jpeg', NULL, 1, 300, 350, 390, NULL, '0789'),
(790, 15, NULL, 'sunglass 9', NULL, NULL, 1, 'https://kaynat.nescostore.com/public/backend/kaynat.jpeg', 'kaynat.jpeg', NULL, 1, 400, 450, 500, NULL, '0790'),
(791, 15, NULL, 'sunglass 10', NULL, NULL, 1, 'https://kaynat.nescostore.com/public/backend/kaynat.jpeg', 'kaynat.jpeg', NULL, 1, 450, 530, 580, NULL, '0791'),
(792, 15, NULL, 'sunglass 11', NULL, NULL, 1, 'https://kaynat.nescostore.com/public/backend/kaynat.jpeg', 'kaynat.jpeg', NULL, 1, 500, 600, 650, NULL, '0792'),
(793, 15, NULL, 'bracelet', NULL, NULL, 1, 'https://kaynat.nescostore.com/public/backend/kaynat.jpeg', 'kaynat.jpeg', NULL, 1, 30, 50, 50, NULL, '0793'),
(794, 16, NULL, 'bracelet 2', NULL, NULL, 1, 'https://kaynat.nescostore.com/public/backend/kaynat.jpeg', 'kaynat.jpeg', NULL, 1, 80, 100, 140, NULL, '0794'),
(795, 15, NULL, 'bracelet 8', NULL, NULL, 1, 'https://kaynat.nescostore.com/public/backend/kaynat.jpeg', 'kaynat.jpeg', NULL, 1, 200, 250, 290, NULL, '0795'),
(796, 15, NULL, 'bracelet 9', NULL, NULL, 1, 'https://kaynat.nescostore.com/public/backend/kaynat.jpeg', 'kaynat.jpeg', NULL, 1, 220, 260, 320, NULL, '0796'),
(797, 15, NULL, 'bracelet 10', NULL, NULL, 1, 'https://kaynat.nescostore.com/public/backend/kaynat.jpeg', 'kaynat.jpeg', NULL, 1, 270, 300, 340, NULL, '0797'),
(798, 15, NULL, 'bracelet 11', NULL, NULL, 1, 'https://kaynat.nescostore.com/public/backend/kaynat.jpeg', 'kaynat.jpeg', NULL, 1, 270, 340, 380, NULL, '0798'),
(799, 15, NULL, 'bracelet 12', NULL, NULL, 1, 'https://kaynat.nescostore.com/public/backend/kaynat.jpeg', 'kaynat.jpeg', NULL, 1, 380, 400, 450, NULL, '0799'),
(800, 15, NULL, 'bracelet 13', NULL, NULL, 1, 'https://kaynat.nescostore.com/public/backend/kaynat.jpeg', 'kaynat.jpeg', NULL, 1, 400, 440, 490, NULL, '0800'),
(801, 15, NULL, 'bracelet 14', NULL, NULL, 1, 'https://kaynat.nescostore.com/public/backend/kaynat.jpeg', 'kaynat.jpeg', NULL, 1, 420, 460, 520, NULL, '0801'),
(802, 15, NULL, 'bracelet 15', NULL, NULL, 1, 'https://kaynat.nescostore.com/public/backend/kaynat.jpeg', 'kaynat.jpeg', NULL, 1, 450, 500, 550, NULL, '0802'),
(803, 15, NULL, 'bracelet 17', NULL, NULL, 1, 'https://kaynat.nescostore.com/public/backend/kaynat.jpeg', 'kaynat.jpeg', NULL, 1, 500, 550, 620, NULL, '0803'),
(804, 15, NULL, 'bracelet 18', NULL, NULL, 1, 'https://kaynat.nescostore.com/public/backend/kaynat.jpeg', 'kaynat.jpeg', NULL, 1, 550, 600, 650, NULL, '0804'),
(805, 15, NULL, 'bracelet 19', NULL, NULL, 1, 'https://kaynat.nescostore.com/public/backend/kaynat.jpeg', 'kaynat.jpeg', NULL, 1, 550, 630, 680, NULL, '0805'),
(806, 15, NULL, 'bracelet 20', NULL, NULL, 1, 'https://kaynat.nescostore.com/public/backend/kaynat.jpeg', 'kaynat.jpeg', NULL, 1, 600, 650, 720, NULL, '0806'),
(807, 15, NULL, 'bracelet 12', NULL, NULL, 1, 'https://kaynat.nescostore.com/public/backend/kaynat.jpeg', 'kaynat.jpeg', NULL, 1, 350, 370, 420, NULL, '0807'),
(808, 14, NULL, 'shopiz 3', NULL, NULL, 1, 'https://kaynat.nescostore.com/public/backend/kaynat.jpeg', 'kaynat.jpeg', NULL, 1, 450, 500, 550, NULL, '0808'),
(809, 6, NULL, 'comb', NULL, NULL, 1, 'https://kaynat.nescostore.com/public/backend/kaynat.jpeg', 'kaynat.jpeg', NULL, 1, 160, 220, 250, NULL, '0809'),
(810, 12, NULL, '3 piece', NULL, NULL, 1, 'https://kaynat.nescostore.com/public/backend/kaynat.jpeg', 'kaynat.jpeg', NULL, 1, 1600, 0, 2050, NULL, '0810');

-- --------------------------------------------------------

--
-- Table structure for table `product_attribute`
--

CREATE TABLE `product_attribute` (
  `product_attribute_id` int(11) NOT NULL,
  `product_id` int(11) DEFAULT NULL,
  `attribute_id` varchar(32) DEFAULT NULL,
  `attribute_image` varchar(128) DEFAULT NULL,
  `attribute_value` text DEFAULT NULL,
  `is_active` int(11) DEFAULT NULL
) ENGINE=InnoDB DEFAULT CHARSET=latin1 COLLATE=latin1_swedish_ci;

--
-- Dumping data for table `product_attribute`
--

INSERT INTO `product_attribute` (`product_attribute_id`, `product_id`, `attribute_id`, `attribute_image`, `attribute_value`, `is_active`) VALUES
(21, 31, '1', NULL, '#789CC9', NULL),
(22, 31, '1', NULL, '#BBBDC1', NULL),
(25, 31, '3', NULL, '0', NULL),
(26, 31, '4', NULL, '0', NULL),
(27, 31, '5', NULL, '20', NULL),
(28, 31, '6', NULL, '20', NULL),
(29, 31, '7', NULL, 'ujigu', NULL),
(30, 31, '8', NULL, NULL, NULL),
(31, 32, '1', NULL, '#789CC9', NULL),
(32, 32, '1', NULL, '#BBBDC1', NULL),
(34, 32, '2', NULL, 'L', NULL),
(35, 32, '3', NULL, '10', NULL),
(36, 32, '4', NULL, '10', NULL),
(37, 32, '5', NULL, '10', NULL),
(38, 32, '6', NULL, '10', NULL),
(39, 32, '7', NULL, '10', NULL),
(40, 32, '8', NULL, '100101aedawe', NULL),
(41, 50, '1', NULL, 'Purple', NULL),
(42, 50, '1', NULL, 'Black', NULL),
(75, 51, '1', NULL, '#00B8B7', NULL),
(76, 51, '1', NULL, '#FAFAFA', NULL),
(77, 51, '10', NULL, 'Powerful Octa-core Processor', NULL),
(78, 51, '11', NULL, 'RAM: 4GB LPDDR4X  |  ROM: 64GB', NULL),
(79, 51, '12', NULL, '16.5cm (6.5 inc ) Large Display', NULL),
(80, 51, '13', NULL, '8MP AI Camera', NULL),
(81, 51, '14', NULL, '5000 mAh Massive Battery', NULL),
(82, 51, '15', NULL, 'Length: 165.2mm |  Width: 76.4mm | Depth: 8.9mm', NULL),
(83, 51, '16', NULL, 'realme UI Go Edition  Based on Android 11', NULL),
(84, 51, '1', NULL, '#00B8B7', NULL),
(85, 51, '1', NULL, '#000000', NULL),
(86, 51, '10', NULL, 'Powerful Octa-core Processor  CPU: Octa-core CPU, up to 1.6GHz  GPU: IMG 8322', NULL),
(87, 51, '11', NULL, 'RAM: 4GB LPDDR4X  ROM: 64GB', NULL),
(88, 51, '12', NULL, '16.5cm (6.5inch) Large Display  88.7% Screen-to-body Ratio', NULL),
(89, 51, '13', NULL, '8MP AI Camera  5MP AI Selfie Camera', NULL),
(90, 51, '14', NULL, '5000mAh Massive Battery  Up to 43 Days of Standby', NULL),
(91, 52, '1', NULL, '#88D5E3', NULL),
(92, 52, '1', NULL, '#242830', NULL),
(93, 52, '10', NULL, 'UNISOC T610 Processor', NULL),
(94, 52, '11', NULL, 'RAM: 3GB LPDDR4X  ROM: 32GB', NULL),
(95, 52, '12', NULL, '6.5inch Mini-drop Fullscreen', NULL),
(96, 52, '13', NULL, '13MP AI Triple Camera', NULL),
(97, 52, '14', NULL, '5000mAh Massive Battery', NULL),
(98, 53, '1', NULL, '#FBFBFB', NULL),
(99, 53, '1', NULL, '#242830', NULL),
(100, 53, '10', NULL, 'UNISOC T610 Processor', NULL),
(101, 53, '11', NULL, 'RAM: 4GB LPDDR4X  ROM: 64GB', NULL),
(102, 53, '12', NULL, '6.5inch Mini-drop Fullscreen', NULL),
(103, 53, '13', NULL, '13MP AI Triple Camera', NULL),
(104, 53, '14', NULL, '5000mAh Massive Battery', NULL),
(105, 53, '15', NULL, 'Length: 164.5mm  Width: 76mm  Depth: 9.1mm  Weight: 200g(with battery)', NULL),
(106, 53, '16', NULL, 'realme UI  Based on Android 11', NULL),
(107, 54, '1', NULL, '#B5BDD4', NULL),
(108, 54, '1', NULL, '#DDDDDD', NULL),
(109, 54, '10', NULL, 'Powerful Unisoc T612 Processor', NULL),
(110, 54, '11', NULL, 'RAM: 4GB LPDDR4X  ROM: 64GB UFS 2.2', NULL),
(111, 55, '1', NULL, '#6E8AA8', NULL),
(112, 55, '1', NULL, '#FBFBFB', NULL),
(113, 55, '10', NULL, 'Helio G85 Powerful Processor', NULL),
(114, 55, '11', NULL, 'RAM: 4GB LPDDR4X  ROM: 128GB', NULL),
(115, 55, '12', NULL, '16.5cm(6.5inch) Large Display', NULL),
(116, 55, '13', NULL, '48MP AI Triple Camera', NULL),
(117, 55, '14', NULL, '6000mAh Mega Battery  18W Quick Charge', NULL),
(118, 55, '15', NULL, 'Length: 164.5mm  Width: 75.9mm  Depth: 9.6mm  Weight:  209g', NULL),
(119, 55, '16', NULL, 'realme UI 2.0  Based on Android 11', NULL),
(120, 56, '1', NULL, '#A4CDE8', NULL),
(121, 56, '1', NULL, '#212228', NULL),
(122, 56, '10', NULL, 'Powerful Unisoc T612 Processor', NULL),
(123, 56, '11', NULL, 'RAM: 4GB LPDDR4X  ROM: 128GB', NULL),
(124, 57, '1', NULL, '#C1D4A3', NULL),
(125, 57, '1', NULL, '#323850', NULL),
(126, 57, '10', NULL, 'Powerful Unisoc T616 Processor', NULL),
(127, 57, '11', NULL, 'RAM: 4GB LPDDR4X  ROM: 128GB UFS 2.2', NULL),
(128, 57, '12', NULL, '16.7cm  6.6inch +FHD+ Fullscreen', NULL),
(129, 57, '13', NULL, '50MP AI Triple Camera', NULL),
(130, 57, '14', NULL, '5000mAh Massive Battery  18W Quick Charge', NULL),
(131, 57, '15', NULL, 'Length: 164.4mm  Width: 75.6mm  Depth: 8.1mm  Weight: 189g', NULL),
(132, 57, '16', NULL, 'realme UI R Edition  Based on Android 11', NULL),
(133, 59, '1', NULL, '#FAFAFA', NULL),
(134, 59, '1', NULL, '#C0EBFC', NULL),
(135, 59, '10', NULL, 'MediaTek Helio G96 Gaming Processor', NULL),
(136, 59, '11', NULL, 'RAM: 4GB  ROM: 64GB', NULL),
(137, 59, '12', NULL, '120Hz Ultra Smooth Display', NULL),
(138, 59, '13', NULL, '50MP AI Triple Camera', NULL),
(139, 59, '14', NULL, '33W Dart Charge  5000mAh Massive Battery', NULL),
(140, 59, '15', NULL, 'Length: 164.1mm  Width: 75.5mm  Depth 8.5mm  Weight  194g', NULL),
(141, 59, '16', NULL, 'realme UI 2.0  Based on Android 11', NULL),
(142, 60, '1', NULL, '#E9E9E9', NULL),
(143, 60, '1', NULL, '#FAFAFA', NULL),
(144, 60, '10', NULL, 'MediaTek Helio G96 Gaming Processor', NULL),
(145, 60, '11', NULL, 'RAM: 6GB  ROM: 128GB', NULL),
(146, 60, '12', NULL, '120Hz Ultra Smooth Display', NULL),
(147, 60, '13', NULL, '50MP AI Triple Camera', NULL),
(148, 60, '14', NULL, '33W Dart Charge  5000mAh Massive Battery', NULL),
(149, 60, '15', NULL, 'Length: 164.1mm  Width: 75.5mm  Depth  8.5mm  Weight  194g', NULL),
(150, 60, '16', NULL, 'realme UI 2.0  Based on Android 11', NULL),
(151, 61, '1', NULL, '#EEEEEE', NULL),
(152, 61, '1', NULL, '#6B7179', NULL),
(153, 61, '10', NULL, 'Qualcomm Snapdragon  680 Processo', NULL),
(154, 61, '11', NULL, 'RAM: 6GB LPDDR4X  ROM: 128GB UFS 2.1', NULL),
(155, 61, '12', NULL, '90Hz  Ultra Smooth Display', NULL),
(156, 61, '13', NULL, '50MP  AI Triple Camera', NULL),
(157, 61, '14', NULL, '33W  Dart Charge 5000mAh  Massive Battery', NULL),
(158, 61, '15', NULL, 'Length: 164.4mm  Width: 75.7mm  Depth  8.4mm  Weight  190g', NULL),
(159, 61, '16', NULL, 'realme UI 2.0  Based on Android 11', NULL),
(160, 62, '1', NULL, '#FAFAFA', NULL),
(161, 62, '1', NULL, '#555555', NULL),
(162, 62, '10', NULL, 'Helio G95 Gaming Processor', NULL),
(163, 62, '11', NULL, 'RAM: 8GB LPDDR4X  ROM: 128GB UFS 2.1', NULL),
(164, 62, '12', NULL, '16.3cm 6.4inch Super AMOLED Fullscreen', NULL),
(165, 62, '13', NULL, '64MP AI Quad Camera', NULL),
(166, 62, '14', NULL, '30W Dart Charge 5000mAh Massive Battery', NULL),
(167, 62, '15', NULL, 'Length: 160.6mm  Width: 73.9mm  Depth: 7.99mm  Weight: 177g', NULL),
(168, 62, '16', NULL, 'realme UI 2.0  Based on Android 11', NULL),
(169, 63, '1', NULL, '#343C4A', NULL),
(170, 63, '1', NULL, '#7F7F7F', NULL),
(171, 63, '1', NULL, '#FECF67', NULL),
(172, 63, '10', NULL, 'Snapdragon 680 Processor', NULL),
(173, 63, '11', NULL, 'RAM: 8GB  ROM: 128GB, UFS 2.2 Storage', NULL),
(174, 63, '12', NULL, '90Hz Super AMOLED Display', NULL),
(175, 63, '13', NULL, '108MP ProLight Camera', NULL),
(176, 63, '14', NULL, 'Massive 5000mAh Battery', NULL),
(177, 63, '15', NULL, 'Length: 160.2mm  Width: 73.3mm  Depth  7.99mm  Weight  178g', NULL),
(178, 63, '16', NULL, 'realme UI 3.0  Based on Android 12', NULL),
(179, 64, '1', NULL, '#FAFAFA', NULL),
(180, 64, '1', NULL, '#236866', NULL),
(181, 64, '1', NULL, '#85C8EA', NULL),
(182, 64, '10', NULL, 'Qualcomm Snapdragon 695 5G Processor', NULL),
(183, 64, '11', NULL, 'RAM:  8GB  ROM: 128GB UFS2.2', NULL),
(184, 64, '12', NULL, '120Hz Ultra Smooth Display', NULL),
(185, 64, '13', NULL, '64MP Nightscape Camera', NULL),
(186, 64, '14', NULL, '5000mAh Massive Battery', NULL),
(187, 64, '15', NULL, 'Length: 164.3mm  Width: 75.6mm  Depth  8.5mm  Weight  195g', NULL),
(188, 64, '16', NULL, 'realme UI 3.0  Based on Android 12', NULL),
(189, 65, '1', NULL, '#276E6C', NULL),
(190, 65, '1', NULL, '#8BC8E9', NULL),
(191, 65, '10', NULL, 'MediaTek Dimensity 920 5G Processor', NULL),
(192, 65, '11', NULL, '8GB + 128GB', NULL),
(193, 65, '12', NULL, '90Hz Super AMOLED Display', NULL),
(194, 65, '13', NULL, 'Sony IMX766 OIS Camera', NULL),
(195, 65, '14', NULL, '60W SuperDart Charge', NULL),
(196, 65, '15', NULL, 'Length: 160.2mm  Width: 73.3mm  Depth  7.99mm Weight  182g', NULL),
(197, 65, '16', NULL, 'realme UI 3.0  Based on Android 12', NULL),
(198, 66, '1', NULL, '#FBFBFC', NULL),
(199, 66, '1', NULL, '#F9F9FA', NULL),
(200, 66, '1', NULL, '#F1F5FF', NULL),
(201, 66, '10', NULL, 'Snapdragon 778G 5G Processor', NULL),
(202, 66, '11', NULL, '8GB + 128GB', NULL),
(203, 66, '12', NULL, '120Hz Samsung AMOLED Fullscreen', NULL),
(204, 66, '13', NULL, '64MP Street Photography Camera  Rear Camera', NULL),
(205, 66, '14', NULL, '65W SuperDart Charge  4300mAh Massive Battery', NULL),
(206, 66, '15', NULL, 'Length: 159.2mm  Width: 73.5mm  Depth: 8.0mm, 8.7mm Weight 174g', NULL),
(207, 66, '16', NULL, 'realme UI 2.0  Based on Android 11', NULL),
(208, 67, '1', NULL, '#D7F17F', NULL),
(209, 67, '10', NULL, 'Qualcomm Snapdragon 870 5G Processor', NULL),
(210, 67, '11', NULL, 'RAM: 8GB  ROM: 128GB', NULL),
(211, 67, '12', NULL, '120Hz E4 AMOLED Display', NULL),
(212, 67, '13', NULL, '64MP AI Triple Camera', NULL),
(213, 67, '14', NULL, '65W SuperDart Charge 5000mAh Massive Battery', NULL),
(214, 67, '15', NULL, 'Length: 162.9mm  Width: 75.8mm  Depth: 8.6mm  Weight 200g', NULL),
(215, 67, '16', NULL, 'realme UI 2.0  Based on Android 11', NULL),
(216, 58, '1', NULL, '#2F344D', NULL),
(217, 58, '1', NULL, '#3E3E3E', NULL),
(218, 58, '10', NULL, 'Powerful Unisoc T616 Processor', NULL),
(219, 58, '11', NULL, 'RAM: 6GB LPDDR4X  ROM: 128GB UFS 2.2', NULL),
(220, 58, '12', NULL, '16.7cm 6.6inchi FHD+ Fullscreen', NULL),
(221, 58, '13', NULL, '50MP AI Triple Camera', NULL),
(222, 58, '14', NULL, '5000mAh Massive Battery  18W Quick Charge', NULL),
(223, 58, '15', NULL, 'Length: 164.4mm  Width: 75.6mm  Depth: 8.1mm  Weight: 189g', NULL),
(224, 58, '16', NULL, 'realme UI R Edition  Based on Android 11', NULL),
(225, 68, '1', NULL, '#474842', NULL),
(226, 68, '1', NULL, '#A0A0A0', NULL),
(227, 68, '10', NULL, 'UNISOC T610 Processor', NULL),
(228, 68, '11', NULL, '4 GB & 64GB', NULL),
(229, 68, '12', NULL, '16.5cm 6.5inch Large Display', NULL),
(230, 68, '13', NULL, '50MP AI Triple Camera', NULL),
(231, 68, '14', NULL, '5000mAh Massive Battery  18W Quick Charge', NULL),
(232, 68, '15', NULL, '16.51 cm (6.5 inch)', NULL),
(233, 69, '17', NULL, '6 month brand warranty', NULL),
(234, 70, '17', NULL, '12 month brand warranty', NULL),
(235, 71, '17', NULL, '6 month brand warranty', NULL),
(236, 74, '17', NULL, '6 month brand warranty', NULL),
(237, 75, '17', NULL, '6 month brand warranty', NULL),
(238, 76, '17', NULL, '1 month brand warranty', NULL),
(239, 77, '17', NULL, '2 years (12 month parts & 12 month service)', NULL),
(242, 72, '17', NULL, '12 month brand warranty', NULL),
(244, 80, '17', NULL, '12 month brand warranty', NULL),
(245, 81, '17', NULL, '6 month brand warranty', NULL),
(246, 82, '17', NULL, '12 month brand warranty(Cable 6 months)', NULL),
(247, 83, '17', NULL, '3 month brand warranty', NULL),
(248, 84, '17', NULL, '12 month brand warranty', NULL),
(249, 85, '17', NULL, '6 month brand warranty', NULL),
(250, 86, '17', NULL, '6 month brand warranty', NULL),
(251, 87, '17', NULL, '6 month brand warranty', NULL),
(270, 73, '17', NULL, '6 month brand warranty', NULL),
(305, 104, '1', NULL, 'white', NULL),
(306, 104, '2', NULL, 'XL', NULL),
(307, 104, '2', NULL, 'L', NULL),
(308, 104, '2', NULL, 'M', NULL),
(346, 89, '1', NULL, 'Blue Washed', NULL),
(347, 89, '1', NULL, 'Blue', NULL),
(348, 89, '2', NULL, '32', NULL),
(349, 89, '2', NULL, '34', NULL),
(350, 89, '2', NULL, '36', NULL),
(351, 89, '2', NULL, '38', NULL),
(352, 89, '2', NULL, '40', NULL),
(353, 89, '2', NULL, '32', NULL),
(354, 89, '2', NULL, '34', NULL),
(355, 89, '2', NULL, '36', NULL),
(356, 89, '2', NULL, '38', NULL),
(357, 89, '2', NULL, '40', NULL),
(358, 92, '1', NULL, 'Blue', NULL),
(359, 92, '2', NULL, '32', NULL),
(360, 92, '2', NULL, '34', NULL),
(361, 92, '2', NULL, '36', NULL),
(362, 90, '1', NULL, 'Wash Denim', NULL),
(363, 90, '2', NULL, '32', NULL),
(364, 90, '2', NULL, '34', NULL),
(365, 90, '2', NULL, '36', NULL),
(366, 90, '2', NULL, '38', NULL),
(398, 88, '1', NULL, 'White', NULL),
(399, 88, '2', NULL, 'M', NULL),
(400, 88, '2', NULL, 'L', NULL),
(401, 88, '2', NULL, 'XL', NULL),
(402, 88, '18', NULL, 'Argentina', NULL),
(403, 88, '19', NULL, 'Home', NULL),
(404, 79, '17', NULL, '6 month brand warranty', NULL),
(405, 78, '17', NULL, '12 month brand warranty', NULL),
(406, 91, '1', NULL, 'Blue', NULL),
(407, 91, '2', NULL, '32', NULL),
(408, 91, '2', NULL, '34', NULL),
(409, 91, '2', NULL, '36', NULL),
(412, 105, '1', NULL, 'White', NULL),
(413, 105, '2', NULL, 'XL', NULL);

-- --------------------------------------------------------

--
-- Table structure for table `product_category`
--

CREATE TABLE `product_category` (
  `category_id` int(11) NOT NULL,
  `category_name` varchar(512) NOT NULL,
  `category_description` text DEFAULT NULL,
  `sample_image_path` text DEFAULT NULL,
  `sample_image` varchar(32) DEFAULT NULL,
  `is_active` int(11) NOT NULL
) ENGINE=InnoDB DEFAULT CHARSET=latin1 COLLATE=latin1_swedish_ci;

--
-- Dumping data for table `product_category`
--

INSERT INTO `product_category` (`category_id`, `category_name`, `category_description`, `sample_image_path`, `sample_image`, `is_active`) VALUES
(1, 'Bags', NULL, NULL, '202211171219bag.jpg', 1),
(2, 'Jwellary', NULL, NULL, '202211171508jwellary.jpg', 1),
(3, 'Ladies Dress', NULL, NULL, '202211171804dress.jpeg', 1),
(4, 'Shoes', NULL, NULL, '202211171805shoes.jpeg', 1),
(5, 'Baby Dress', NULL, NULL, '202211171805baby dress.jpeg', 1),
(6, 'Accessories', NULL, NULL, '202211171811accesories.jpeg', 1),
(7, 'cosmetics', NULL, NULL, '202211190555cosmetics.jpg', 1),
(8, 'clip', NULL, NULL, '202211231044clip.jpg', 1),
(9, 'sandle', NULL, NULL, '202211261101bag.jpg', 1),
(10, 'others', NULL, NULL, '202211261214clip.jpg', 1);

-- --------------------------------------------------------

--
-- Table structure for table `product_images`
--

CREATE TABLE `product_images` (
  `product_images_id` int(11) NOT NULL,
  `product_images_name` varchar(128) NOT NULL,
  `product_images_path` varchar(128) NOT NULL,
  `product_images_size` varchar(32) NOT NULL
) ENGINE=InnoDB DEFAULT CHARSET=latin1 COLLATE=latin1_swedish_ci;

-- --------------------------------------------------------

--
-- Table structure for table `purchase_details`
--

CREATE TABLE `purchase_details` (
  `purchase_details_id` int(11) NOT NULL,
  `purchase_id` int(11) NOT NULL,
  `product_id` int(11) NOT NULL,
  `brand_id` int(11) NOT NULL,
  `unit_id` int(11) NOT NULL,
  `size_id` varchar(11) DEFAULT NULL,
  `color_id` varchar(11) DEFAULT NULL,
  `quantity` float DEFAULT NULL,
  `purchase_price` float DEFAULT NULL,
  `sales_price` float DEFAULT NULL,
  `courier_cost` int(128) NOT NULL DEFAULT 0,
  `transport_cost` int(128) NOT NULL DEFAULT 0,
  `discount` float DEFAULT NULL,
  `bonus_point` int(128) NOT NULL DEFAULT 0,
  `point_benefit` int(11) DEFAULT NULL,
  `cash_benefit` double DEFAULT NULL,
  `total_purchase_price` int(11) DEFAULT NULL,
  `is_verified` int(11) DEFAULT NULL
) ENGINE=InnoDB DEFAULT CHARSET=latin1 COLLATE=latin1_swedish_ci;

--
-- Dumping data for table `purchase_details`
--

INSERT INTO `purchase_details` (`purchase_details_id`, `purchase_id`, `product_id`, `brand_id`, `unit_id`, `size_id`, `color_id`, `quantity`, `purchase_price`, `sales_price`, `courier_cost`, `transport_cost`, `discount`, `bonus_point`, `point_benefit`, `cash_benefit`, `total_purchase_price`, `is_verified`) VALUES
(35, 41, 29, 1, 5, '1,2,3,4', '1,2,3,4', 50, 95002, 99999, 0, 0, 0, 0, 100, 200, NULL, 1),
(36, 42, 30, 1, 5, '1', '1', 50, 51301, 53999, 0, 0, 0, 0, 100, 200, NULL, 1),
(37, 43, 32, 1, 5, '1', '1', 50, 38000, 39999, 0, 0, 0, 0, 100, 200, NULL, 1),
(38, 44, 31, 1, 5, '1', '1,2,3,4', 50, 40850, 42999, 0, 0, 0, 0, 100, 200, NULL, 1),
(39, 45, 33, 1, 5, '1', '1', 50, 28500, 29999, 0, 0, 0, 0, 140, 280, NULL, 1),
(40, 46, 34, 1, 5, '1', '1', 50, 28500, 29999, 0, 0, 0, 0, 100, 200, NULL, 1),
(41, 47, 35, 1, 5, '1', '1', 50, 21521, 22499, 0, 0, 0, 0, 100, 200, NULL, 1),
(42, 48, 36, 1, 5, '1', '1', 50, 22956, 23999, 0, 0, 0, 0, 100, 200, NULL, 1),
(43, 49, 37, 1, 5, '1', '1', 50, 21521, 22499, 0, 0, 0, 0, 100, 200, NULL, 1),
(44, 50, 38, 1, 5, '1', '1', 50, 20565, 21499, 0, 0, 0, 0, 100, 200, NULL, 1),
(45, 51, 39, 1, 5, '1', '1', 50, 19704, 20599, 0, 0, 0, 0, 100, 200, NULL, 1),
(46, 52, 40, 1, 5, '1', '1', 50, 32300, 33999, 0, 0, 0, 0, 100, 200, NULL, 1),
(47, 53, 41, 1, 5, '1', '1', 50, 29450, 30999, 0, 0, 0, 0, 150, 300, NULL, 1),
(48, 54, 42, 1, 5, '1', '1', 50, 19130, 19999, 0, 0, 0, 0, 100, 200, NULL, 1),
(49, 55, 43, 1, 5, '1', '1', 50, 16260, 16999, 0, 0, 0, 0, 100, 200, NULL, 1),
(55, 61, 50, 1, 5, NULL, NULL, 25, 10490, 10990, 0, 0, 0, 0, 40, 80, NULL, NULL),
(61, 75, 51, 3, 5, NULL, NULL, 25, 11910, 12490, 0, 0, 0, 0, 50, 100, NULL, NULL),
(62, 76, 51, 3, 5, NULL, NULL, 25, 11910, 12490, 0, 0, 0, 0, 50, 100, NULL, NULL),
(63, 77, 52, 3, 5, NULL, NULL, 25, 12370, 12990, 0, 0, 0, 0, 50, 100, NULL, NULL),
(64, 78, 53, 3, 5, NULL, NULL, 25, 13320, 13990, 0, 0, 0, 0, 50, 100, NULL, NULL),
(65, 79, 54, 3, 5, NULL, NULL, 25, 13670, 14490, 0, 0, 0, 0, 70, 140, NULL, NULL),
(66, 80, 55, 3, 5, NULL, NULL, 25, 15630, 16490, 0, 0, 0, 0, 70, 140, NULL, NULL),
(67, 81, 56, 3, 5, NULL, NULL, 25, 17130, 17999, 0, 0, 0, 0, 70, 140, NULL, NULL),
(68, 82, 57, 3, 5, NULL, NULL, 25, 18070, 18990, 0, 0, 0, 0, 80, 160, NULL, NULL),
(69, 83, 59, 3, 5, NULL, NULL, 25, 19069, 19999, 0, 0, 0, 0, 80, 160, NULL, NULL),
(70, 84, 60, 3, 5, NULL, NULL, 25, 22399, 23499, 0, 0, 0, 0, 100, 200, NULL, NULL),
(71, 85, 61, 3, 5, NULL, NULL, 25, 20749, 21999, 0, 0, 0, 0, 110, 220, NULL, NULL),
(72, 86, 62, 3, 5, NULL, NULL, 25, 24390, 25990, 0, 0, 0, 0, 150, 300, NULL, NULL),
(73, 87, 63, 3, 5, NULL, NULL, 25, 25399, 26999, 0, 0, 0, 0, 150, 300, NULL, NULL),
(74, 88, 64, 3, 5, NULL, NULL, 25, 29790, 31990, 0, 0, 0, 0, 210, 420, NULL, NULL),
(75, 89, 65, 3, 5, NULL, NULL, 25, 37190, 39990, 0, 0, 0, 0, 270, 540, NULL, NULL),
(76, 90, 66, 3, 5, NULL, NULL, 25, 32990, 34990, 0, 0, 0, 0, 190, 380, NULL, NULL),
(77, 91, 67, 3, 5, NULL, NULL, 25, 39990, 42990, 0, 0, 0, 0, 290, 580, NULL, NULL),
(78, 92, 58, 3, 5, NULL, NULL, 25, 19440, 20490, 0, 0, 0, 0, 90, 180, NULL, NULL),
(79, 93, 68, 3, 5, NULL, NULL, 25, 13290, 13990, 0, 0, 0, 0, 60, 120, NULL, NULL),
(80, 94, 69, 11, 5, NULL, NULL, 25, 990, 1190, 0, 0, 0, 0, 10, 20, NULL, NULL),
(81, 95, 70, 11, 5, NULL, NULL, 25, 1770, 2150, 0, 0, 0, 0, 30, 60, NULL, NULL),
(82, 96, 71, 11, 5, NULL, NULL, 25, 870, 999, 0, 0, 0, 0, 5, 10, NULL, NULL),
(83, 97, 74, 1, 5, NULL, NULL, 25, 1030, 1199, 0, 0, 0, 0, 9, 18, NULL, NULL),
(84, 98, 75, 1, 5, NULL, NULL, 25, 3790, 4450, 0, 0, 0, 0, 50, 100, NULL, NULL),
(85, 99, 76, 12, 5, NULL, NULL, 25, 555, 650, 0, 0, 0, 0, 2, 4, NULL, NULL),
(86, 100, 77, 6, 5, NULL, NULL, 25, 11350, 12990, 0, 0, 0, 0, 150, 300, NULL, NULL),
(87, 101, 78, 1, 5, NULL, NULL, 25, 18200, 20890, 0, 0, 0, 0, 260, 520, NULL, NULL),
(88, 102, 79, 1, 5, NULL, NULL, 25, 2400, 2750, 0, 0, 0, 0, 30, 60, NULL, NULL),
(89, 103, 72, 13, 5, NULL, NULL, 25, 1870, 2190, 0, 0, 0, 0, 20, 40, NULL, NULL),
(90, 104, 73, 13, 5, NULL, NULL, 25, 770, 890, 25, 25, 0, 0, 4, 8, NULL, NULL),
(91, 105, 80, 14, 5, NULL, NULL, 25, 1045, 1350, 0, 0, 0, 0, 20, 40, NULL, NULL),
(92, 106, 81, 14, 5, NULL, NULL, 25, 275, 360, 0, 0, 0, 0, 1, 2, NULL, NULL),
(93, 107, 82, 14, 5, NULL, NULL, 25, 1220, 1550, 0, 0, 0, 0, 20, 40, NULL, NULL),
(94, 108, 83, 3, 5, NULL, NULL, 25, 2050, 2390, 0, 0, 0, 0, 20, 40, NULL, NULL),
(95, 109, 84, 15, 5, NULL, NULL, 25, 4370, 4990, 0, 0, 0, 0, 50, 100, NULL, NULL),
(96, 110, 85, 2, 5, NULL, NULL, 25, 5150, 5990, 0, 0, 0, 0, 70, 140, NULL, NULL),
(97, 111, 86, 11, 5, NULL, NULL, 25, 2650, 3050, 0, 0, 0, 0, 30, 60, NULL, NULL),
(98, 112, 87, 11, 5, NULL, NULL, 25, 5720, 6590, 0, 0, 0, 0, 70, 140, NULL, NULL),
(99, 113, 88, 16, 5, NULL, NULL, 14, 184, 500, 200, 50, 0, 0, 20, 40, NULL, NULL),
(100, 114, 104, 16, 5, NULL, NULL, 14, 184, 500, 200, 50, 0, 0, 20, 40, NULL, NULL),
(101, 115, 90, 19, 5, NULL, NULL, 9, 475, 1280, 85, 25, 0, 0, 70, 140, NULL, NULL),
(102, 116, 92, 22, 5, NULL, NULL, 8, 475, 1280, 85, 25, 0, 0, 70, 140, NULL, NULL),
(103, 117, 91, 21, 5, NULL, NULL, 6, 520, 1280, 250, 50, 0, 0, 60, 120, NULL, NULL),
(104, 118, 89, 20, 5, NULL, NULL, 7, 500, 1280, 200, 50, 0, 0, 70, 140, NULL, NULL),
(105, 119, 89, 20, 5, NULL, NULL, 8, 500, 1280, 200, 50, 0, 0, 70, 140, NULL, NULL),
(106, 120, 105, 13, 5, NULL, NULL, 1000, 200, 1200, 150, 50, 0, 10, 100, 200, NULL, NULL);

-- --------------------------------------------------------

--
-- Table structure for table `purchase_info`
--

CREATE TABLE `purchase_info` (
  `purchase_id` int(11) NOT NULL,
  `supply_no` varchar(256) DEFAULT NULL,
  `supplier_id` int(11) NOT NULL,
  `date` varchar(128) DEFAULT NULL,
  `is_verified` varchar(11) DEFAULT NULL
) ENGINE=InnoDB DEFAULT CHARSET=latin1 COLLATE=latin1_swedish_ci;

--
-- Dumping data for table `purchase_info`
--

INSERT INTO `purchase_info` (`purchase_id`, `supply_no`, `supplier_id`, `date`, `is_verified`) VALUES
(40, 'Xiaomi-1', 1, '2022-08-31', NULL),
(41, 'Xiaomi-1', 1, '2022-08-31', NULL),
(42, 'Xiaomi-1', 1, '2022-08-31', NULL),
(43, 'Xiaomi-1', 1, '2022-08-31', NULL),
(44, 'Xiaomi-1', 1, '2022-08-31', NULL),
(45, 'Xiaomi-1', 1, '2022-08-31', NULL),
(46, 'Xiaomi-1', 1, '2022-08-31', NULL),
(47, 'Xiaomi-1', 1, '2022-08-31', NULL),
(48, 'Xiaomi-1', 1, '2022-08-31', NULL),
(49, 'Xiaomi-1', 1, '2022-08-31', NULL),
(50, 'Xiaomi-1', 1, '2022-08-31', NULL),
(51, 'Xiaomi-1', 1, '2022-08-31', NULL),
(52, 'Xiaomi-1', 1, '2022-08-31', NULL),
(53, 'Xiaomi-1', 1, '2022-08-31', NULL),
(54, 'Xiaomi-1', 1, '2022-09-03', NULL),
(55, 'Xiaomi-1', 1, '2022-09-03', NULL),
(61, 'Realme-1', 1, '2022-10-02', NULL),
(62, 'Realme1', 2, '2022-10-06', NULL),
(63, 'Realme1', 2, '2022-10-06', NULL),
(64, 'Realme1', 2, '2022-10-06', NULL),
(65, 'Realme1', 2, '2022-10-07', NULL),
(66, 'Realme1', 2, '2022-10-07', NULL),
(67, 'Realme1', 2, '2022-10-07', NULL),
(68, 'Realme1', 2, '2022-10-09', NULL),
(69, 'Realme1', 2, '2022-10-09', NULL),
(70, 'Realme1', 2, '2022-10-09', NULL),
(71, 'Realme1', 2, '2022-10-09', NULL),
(72, 'Realme1', 2, '2022-10-09', NULL),
(73, 'Realme1', 2, '2022-10-09', NULL),
(74, 'Realme1', 2, '2022-10-09', NULL),
(75, 'Realme-1', 2, '2022-10-09', NULL),
(76, 'Realme1', 2, '2022-10-12', NULL),
(77, 'Realme1', 2, '2022-10-12', NULL),
(78, 'Realme1', 2, '2022-10-12', NULL),
(79, 'Realme1', 2, '2022-10-12', NULL),
(80, 'Realme1', 2, '2022-10-12', NULL),
(81, 'Realme1', 2, '2022-10-12', NULL),
(82, 'Realme1', 2, '2022-10-12', NULL),
(83, 'Realme1', 2, '2022-10-12', NULL),
(84, 'Realme1', 2, '2022-10-12', NULL),
(85, 'Realme1', 2, '2022-10-12', NULL),
(86, 'Realme1', 2, '2022-10-12', NULL),
(87, 'Realme1', 2, '2022-10-12', NULL),
(88, 'Realme1', 2, '2022-10-13', NULL),
(89, 'Realme1', 2, '2022-10-13', NULL),
(90, 'Realme1', 2, '2022-10-13', NULL),
(91, 'Realme1', 2, '2022-10-13', NULL),
(92, 'Realme1', 2, '2022-10-13', NULL),
(93, 'Realme1', 2, '2022-10-14', NULL),
(94, 'OnePlus1', 3, '2022-10-20', NULL),
(95, 'OnePlus1', 3, '2022-10-20', NULL),
(96, 'OnePlus1', 3, '2022-10-20', NULL),
(97, 'MI1', 1, '2022-10-20', NULL),
(98, 'MI1', 1, '2022-10-20', NULL),
(99, 'Lenovo1', 3, '2022-10-20', NULL),
(100, 'Redmi1', 3, '2022-10-20', NULL),
(101, 'Xiaomi1', 1, '2022-10-20', NULL),
(102, 'Xiaomi1', 1, '2022-10-20', NULL),
(103, 'Apple1', 3, '2022-10-22', NULL),
(104, 'Apple1', 3, '2022-10-22', NULL),
(105, 'Samsung1', 3, '2022-10-22', NULL),
(106, 'Samsung1', 3, '2022-10-22', NULL),
(107, 'Samsung1', 3, '2022-10-22', NULL),
(108, 'Realme1', 2, '2022-10-23', NULL),
(109, 'Amazfit1', 3, '2022-10-23', NULL),
(110, 'Haylou1', 3, '2022-10-23', NULL),
(111, 'OnePlus1', 3, '2022-10-23', NULL),
(112, 'OnePlus1', 3, '2022-10-23', NULL),
(113, 'WCJ-ARG-01', 4, '2022-10-25', NULL),
(114, 'WCJ-ARG-02', 4, '2022-10-27', NULL),
(115, 'CK-001', 3, '2022-10-28', NULL),
(116, 'Coll-001', 3, '2022-10-28', NULL),
(117, 'Rok-001', 3, '2022-10-28', NULL),
(118, 'wran-001', 3, '2022-10-28', NULL),
(119, 'wran-002', 3, '2022-10-28', NULL),
(120, 'Demo-Supply-001', 3, '2022-10-28', NULL);

-- --------------------------------------------------------

--
-- Table structure for table `size_definition`
--

CREATE TABLE `size_definition` (
  `size_id` int(11) NOT NULL,
  `size_name` varchar(32) NOT NULL,
  `size_symbol` int(16) NOT NULL,
  `is_active` int(11) NOT NULL
) ENGINE=InnoDB DEFAULT CHARSET=latin1 COLLATE=latin1_swedish_ci;

--
-- Dumping data for table `size_definition`
--

INSERT INTO `size_definition` (`size_id`, `size_name`, `size_symbol`, `is_active`) VALUES
(1, 'XS', 1, 0),
(2, 'XL', 3, 1),
(3, 'L', 4, 1),
(4, 'S', 5, 1),
(5, 'M', 4, 1),
(6, 'XXL', 5, 1);

-- --------------------------------------------------------

--
-- Table structure for table `sub_category_one`
--

CREATE TABLE `sub_category_one` (
  `sc_one_id` int(11) UNSIGNED NOT NULL,
  `category_id` int(11) NOT NULL,
  `sc_one_name` varchar(512) NOT NULL,
  `sc_one_description` text DEFAULT NULL,
  `sc_one_image` varchar(32) DEFAULT NULL,
  `is_active` int(11) NOT NULL,
  `sc_one_image_path` text DEFAULT NULL
) ENGINE=InnoDB DEFAULT CHARSET=latin1 COLLATE=latin1_swedish_ci;

--
-- Dumping data for table `sub_category_one`
--

INSERT INTO `sub_category_one` (`sc_one_id`, `category_id`, `sc_one_name`, `sc_one_description`, `sc_one_image`, `is_active`, `sc_one_image_path`) VALUES
(1, 1, 'Party Bag', NULL, '171122pb.jpg', 1, 'https://kaynat.nescostore.com/public/backend/images/CategoryWise/171122pb.jpg'),
(2, 1, 'School Bag', NULL, '17112271xMWMGpo9S.jpg', 1, 'https://kaynat.nescostore.com/public/backend/images/CategoryWise/17112271xMWMGpo9S.jpg'),
(3, 1, 'Parts Bag', NULL, '171122parts.jpg', 1, 'https://kaynat.nescostore.com/public/backend/images/CategoryWise/171122parts.jpg'),
(4, 1, 'Versity Bag', NULL, '17112202.jpg', 1, 'https://kaynat.nescostore.com/public/backend/images/CategoryWise/17112202.jpg'),
(5, 2, 'Chain', NULL, '171122chain.jpg', 1, 'https://kaynat.nescostore.com/public/backend/images/CategoryWise/171122chain.jpg'),
(6, 7, 'cosmetics', NULL, '191122cosmetics.jpg', 1, 'https://kaynat.nescostore.com/public/backend/images/CategoryWise/191122cosmetics.jpg'),
(7, 3, 'genji', NULL, '191122dress.jpg', 1, 'https://kaynat.nescostore.com/public/backend/images/CategoryWise/191122dress.jpg'),
(8, 8, 'clip', NULL, '231122clip.jpg', 1, 'https://kaynat.nescostore.com/public/backend/images/CategoryWise/231122clip.jpg'),
(9, 1, 'luggage bag', NULL, '231122bag.jpg', 1, 'https://kaynat.nescostore.com/public/backend/images/CategoryWise/231122bag.jpg'),
(10, 1, 'normal bag', NULL, '241122bag.jpg', 1, 'https://kaynat.nescostore.com/public/backend/images/CategoryWise/241122bag.jpg'),
(11, 5, 'baby item', NULL, '261122dress.jpg', 1, 'https://kaynat.nescostore.com/public/backend/images/CategoryWise/261122dress.jpg'),
(12, 3, 'dress', NULL, '261122dress.jpg', 1, 'https://kaynat.nescostore.com/public/backend/images/CategoryWise/261122dress.jpg'),
(13, 9, 'sandle', NULL, '261122bag.jpg', 1, 'https://kaynat.nescostore.com/public/backend/images/CategoryWise/261122bag.jpg'),
(14, 10, 'others', NULL, '261122clip.jpg', 1, 'https://kaynat.nescostore.com/public/backend/images/CategoryWise/261122clip.jpg'),
(15, 2, 'jwellary', NULL, '271122jwellary.jpg', 1, 'https://kaynat.nescostore.com/public/backend/images/CategoryWise/271122jwellary.jpg'),
(16, 2, 'jwellary', NULL, '271122jwellary.jpg', 1, 'https://kaynat.nescostore.com/public/backend/images/CategoryWise/271122jwellary.jpg');

-- --------------------------------------------------------

--
-- Table structure for table `suppliers`
--

CREATE TABLE `suppliers` (
  `supplier_id` int(11) NOT NULL,
  `supplier_name` varchar(256) NOT NULL,
  `supplier_address` varchar(512) NOT NULL,
  `supplier_contact_person` varchar(256) NOT NULL,
  `supplier_contact_no` varchar(32) NOT NULL,
  `is_active` int(11) NOT NULL
) ENGINE=InnoDB DEFAULT CHARSET=latin1 COLLATE=latin1_swedish_ci;

-- --------------------------------------------------------

--
-- Table structure for table `unit_definition`
--

CREATE TABLE `unit_definition` (
  `unit_id` int(11) NOT NULL,
  `unit_name` varchar(64) NOT NULL,
  `unit_symbol` varchar(32) NOT NULL,
  `is_fractional` int(11) NOT NULL,
  `is_active` int(11) NOT NULL
) ENGINE=InnoDB DEFAULT CHARSET=latin1 COLLATE=latin1_swedish_ci;

--
-- Dumping data for table `unit_definition`
--

INSERT INTO `unit_definition` (`unit_id`, `unit_name`, `unit_symbol`, `is_fractional`, `is_active`) VALUES
(1, 'piece', 'pcs', 2, 1);

--
-- Indexes for dumped tables
--

--
-- Indexes for table `attribute_definition`
--
ALTER TABLE `attribute_definition`
  ADD PRIMARY KEY (`attribute_id`),
  ADD KEY `attribute_type_id` (`attribute_type_id`);

--
-- Indexes for table `attribute_type_definition`
--
ALTER TABLE `attribute_type_definition`
  ADD PRIMARY KEY (`attribute_type_id`);

--
-- Indexes for table `backoffice_login`
--
ALTER TABLE `backoffice_login`
  ADD PRIMARY KEY (`login_id`);

--
-- Indexes for table `backoffice_role`
--
ALTER TABLE `backoffice_role`
  ADD PRIMARY KEY (`role_id`);

--
-- Indexes for table `banner_information`
--
ALTER TABLE `banner_information`
  ADD PRIMARY KEY (`id`);

--
-- Indexes for table `cart_cancel`
--
ALTER TABLE `cart_cancel`
  ADD PRIMARY KEY (`cancel_id`);

--
-- Indexes for table `cart_delivery`
--
ALTER TABLE `cart_delivery`
  ADD PRIMARY KEY (`delivery_id`);

--
-- Indexes for table `cart_informtion`
--
ALTER TABLE `cart_informtion`
  ADD PRIMARY KEY (`cart_id`),
  ADD KEY `payment_method_id` (`payment_method_id`);

--
-- Indexes for table `cart_items`
--
ALTER TABLE `cart_items`
  ADD PRIMARY KEY (`cart_item_id`),
  ADD KEY `cart_id` (`cart_id`),
  ADD KEY `product_id` (`product_id`),
  ADD KEY `unit_id` (`unit_id`);

--
-- Indexes for table `cart_item_return`
--
ALTER TABLE `cart_item_return`
  ADD PRIMARY KEY (`cart_item_return_id`),
  ADD KEY `cart_id` (`cart_id`),
  ADD KEY `consumer_id` (`login_id`),
  ADD KEY `cart_item_id` (`cart_item_id`),
  ADD KEY `received_by_id` (`received_by_id`);

--
-- Indexes for table `cart_payment_information`
--
ALTER TABLE `cart_payment_information`
  ADD PRIMARY KEY (`payment_id`),
  ADD KEY `cart_payment_information_ibfk_1` (`cart_id`),
  ADD KEY `payment_method_id` (`payment_method_id`);

--
-- Indexes for table `cart_payment_methods`
--
ALTER TABLE `cart_payment_methods`
  ADD PRIMARY KEY (`payment_method_id`);

--
-- Indexes for table `cart_temporary`
--
ALTER TABLE `cart_temporary`
  ADD PRIMARY KEY (`temp_cart_id`),
  ADD KEY `consumer_id` (`consumer_id`);

--
-- Indexes for table `cart_temporary_items`
--
ALTER TABLE `cart_temporary_items`
  ADD PRIMARY KEY (`temp_cart_item_id`),
  ADD KEY `temp_cart_id` (`temp_cart_id`),
  ADD KEY `product_id` (`product_id`) USING BTREE;

--
-- Indexes for table `cart_temporary_payment`
--
ALTER TABLE `cart_temporary_payment`
  ADD PRIMARY KEY (`cart_temporary_payment_id`);

--
-- Indexes for table `consumer_Login`
--
ALTER TABLE `consumer_Login`
  ADD PRIMARY KEY (`login_id`);

--
-- Indexes for table `delivery_status_definition`
--
ALTER TABLE `delivery_status_definition`
  ADD PRIMARY KEY (`delivery_status_id`);

--
-- Indexes for table `final_stock_table`
--
ALTER TABLE `final_stock_table`
  ADD PRIMARY KEY (`stock_id`),
  ADD KEY `product_id` (`product_id`),
  ADD KEY `purchase_id` (`purchase_id`);

--
-- Indexes for table `products`
--
ALTER TABLE `products`
  ADD PRIMARY KEY (`product_id`);

--
-- Indexes for table `product_attribute`
--
ALTER TABLE `product_attribute`
  ADD PRIMARY KEY (`product_attribute_id`),
  ADD KEY `product_id` (`product_id`);

--
-- Indexes for table `product_category`
--
ALTER TABLE `product_category`
  ADD PRIMARY KEY (`category_id`);

--
-- Indexes for table `product_images`
--
ALTER TABLE `product_images`
  ADD PRIMARY KEY (`product_images_id`);

--
-- Indexes for table `purchase_details`
--
ALTER TABLE `purchase_details`
  ADD PRIMARY KEY (`purchase_details_id`),
  ADD KEY `P_Foreign` (`product_id`),
  ADD KEY `Purchase_Info_Foreign_Key` (`purchase_id`),
  ADD KEY `Brand_Foreign_Key` (`brand_id`),
  ADD KEY `unit_fk` (`unit_id`);

--
-- Indexes for table `purchase_info`
--
ALTER TABLE `purchase_info`
  ADD PRIMARY KEY (`purchase_id`),
  ADD KEY `supplier_id` (`supplier_id`);

--
-- Indexes for table `size_definition`
--
ALTER TABLE `size_definition`
  ADD PRIMARY KEY (`size_id`);

--
-- Indexes for table `sub_category_one`
--
ALTER TABLE `sub_category_one`
  ADD PRIMARY KEY (`sc_one_id`),
  ADD KEY `Foreign Key` (`category_id`);

--
-- Indexes for table `unit_definition`
--
ALTER TABLE `unit_definition`
  ADD PRIMARY KEY (`unit_id`);

--
-- AUTO_INCREMENT for dumped tables
--

--
-- AUTO_INCREMENT for table `attribute_definition`
--
ALTER TABLE `attribute_definition`
  MODIFY `attribute_id` int(11) NOT NULL AUTO_INCREMENT, AUTO_INCREMENT=31;

--
-- AUTO_INCREMENT for table `attribute_type_definition`
--
ALTER TABLE `attribute_type_definition`
  MODIFY `attribute_type_id` int(11) NOT NULL AUTO_INCREMENT, AUTO_INCREMENT=24;

--
-- AUTO_INCREMENT for table `backoffice_login`
--
ALTER TABLE `backoffice_login`
  MODIFY `login_id` int(11) NOT NULL AUTO_INCREMENT, AUTO_INCREMENT=10;

--
-- AUTO_INCREMENT for table `backoffice_role`
--
ALTER TABLE `backoffice_role`
  MODIFY `role_id` int(11) NOT NULL AUTO_INCREMENT, AUTO_INCREMENT=8;

--
-- AUTO_INCREMENT for table `banner_information`
--
ALTER TABLE `banner_information`
  MODIFY `id` int(11) NOT NULL AUTO_INCREMENT, AUTO_INCREMENT=3;

--
-- AUTO_INCREMENT for table `cart_cancel`
--
ALTER TABLE `cart_cancel`
  MODIFY `cancel_id` int(11) NOT NULL AUTO_INCREMENT, AUTO_INCREMENT=17;

--
-- AUTO_INCREMENT for table `cart_delivery`
--
ALTER TABLE `cart_delivery`
  MODIFY `delivery_id` int(11) NOT NULL AUTO_INCREMENT, AUTO_INCREMENT=48;

--
-- AUTO_INCREMENT for table `cart_informtion`
--
ALTER TABLE `cart_informtion`
  MODIFY `cart_id` int(11) NOT NULL AUTO_INCREMENT, AUTO_INCREMENT=580;

--
-- AUTO_INCREMENT for table `cart_items`
--
ALTER TABLE `cart_items`
  MODIFY `cart_item_id` int(11) NOT NULL AUTO_INCREMENT, AUTO_INCREMENT=1311;

--
-- AUTO_INCREMENT for table `cart_item_return`
--
ALTER TABLE `cart_item_return`
  MODIFY `cart_item_return_id` int(11) NOT NULL AUTO_INCREMENT, AUTO_INCREMENT=10;

--
-- AUTO_INCREMENT for table `cart_payment_information`
--
ALTER TABLE `cart_payment_information`
  MODIFY `payment_id` int(11) NOT NULL AUTO_INCREMENT;

--
-- AUTO_INCREMENT for table `cart_payment_methods`
--
ALTER TABLE `cart_payment_methods`
  MODIFY `payment_method_id` int(11) NOT NULL AUTO_INCREMENT, AUTO_INCREMENT=4;

--
-- AUTO_INCREMENT for table `cart_temporary`
--
ALTER TABLE `cart_temporary`
  MODIFY `temp_cart_id` int(11) NOT NULL AUTO_INCREMENT, AUTO_INCREMENT=608;

--
-- AUTO_INCREMENT for table `cart_temporary_items`
--
ALTER TABLE `cart_temporary_items`
  MODIFY `temp_cart_item_id` int(11) NOT NULL AUTO_INCREMENT, AUTO_INCREMENT=1457;

--
-- AUTO_INCREMENT for table `cart_temporary_payment`
--
ALTER TABLE `cart_temporary_payment`
  MODIFY `cart_temporary_payment_id` int(11) NOT NULL AUTO_INCREMENT, AUTO_INCREMENT=17;

--
-- AUTO_INCREMENT for table `consumer_Login`
--
ALTER TABLE `consumer_Login`
  MODIFY `login_id` int(11) NOT NULL AUTO_INCREMENT, AUTO_INCREMENT=562;

--
-- AUTO_INCREMENT for table `delivery_status_definition`
--
ALTER TABLE `delivery_status_definition`
  MODIFY `delivery_status_id` int(11) NOT NULL AUTO_INCREMENT, AUTO_INCREMENT=10;

--
-- AUTO_INCREMENT for table `final_stock_table`
--
ALTER TABLE `final_stock_table`
  MODIFY `stock_id` int(11) NOT NULL AUTO_INCREMENT, AUTO_INCREMENT=811;

--
-- AUTO_INCREMENT for table `products`
--
ALTER TABLE `products`
  MODIFY `product_id` int(11) NOT NULL AUTO_INCREMENT, AUTO_INCREMENT=811;

--
-- AUTO_INCREMENT for table `product_attribute`
--
ALTER TABLE `product_attribute`
  MODIFY `product_attribute_id` int(11) NOT NULL AUTO_INCREMENT, AUTO_INCREMENT=414;

--
-- AUTO_INCREMENT for table `product_category`
--
ALTER TABLE `product_category`
  MODIFY `category_id` int(11) NOT NULL AUTO_INCREMENT, AUTO_INCREMENT=11;

--
-- AUTO_INCREMENT for table `product_images`
--
ALTER TABLE `product_images`
  MODIFY `product_images_id` int(11) NOT NULL AUTO_INCREMENT;

--
-- AUTO_INCREMENT for table `purchase_details`
--
ALTER TABLE `purchase_details`
  MODIFY `purchase_details_id` int(11) NOT NULL AUTO_INCREMENT, AUTO_INCREMENT=107;

--
-- AUTO_INCREMENT for table `purchase_info`
--
ALTER TABLE `purchase_info`
  MODIFY `purchase_id` int(11) NOT NULL AUTO_INCREMENT, AUTO_INCREMENT=121;

--
-- AUTO_INCREMENT for table `size_definition`
--
ALTER TABLE `size_definition`
  MODIFY `size_id` int(11) NOT NULL AUTO_INCREMENT, AUTO_INCREMENT=7;

--
-- AUTO_INCREMENT for table `sub_category_one`
--
ALTER TABLE `sub_category_one`
  MODIFY `sc_one_id` int(11) UNSIGNED NOT NULL AUTO_INCREMENT, AUTO_INCREMENT=17;

--
-- AUTO_INCREMENT for table `unit_definition`
--
ALTER TABLE `unit_definition`
  MODIFY `unit_id` int(11) NOT NULL AUTO_INCREMENT, AUTO_INCREMENT=2;

--
-- Constraints for dumped tables
--

--
-- Constraints for table `attribute_definition`
--
ALTER TABLE `attribute_definition`
  ADD CONSTRAINT `attribute_definition_ibfk_1` FOREIGN KEY (`attribute_type_id`) REFERENCES `attribute_type_definition` (`attribute_type_id`);

--
-- Constraints for table `cart_items`
--
ALTER TABLE `cart_items`
  ADD CONSTRAINT `cart_items_ibfk_1` FOREIGN KEY (`cart_id`) REFERENCES `cart_informtion` (`cart_id`) ON DELETE CASCADE ON UPDATE CASCADE,
  ADD CONSTRAINT `cart_items_ibfk_2` FOREIGN KEY (`product_id`) REFERENCES `products` (`product_id`),
  ADD CONSTRAINT `cart_items_ibfk_4` FOREIGN KEY (`unit_id`) REFERENCES `unit_definition` (`unit_id`);

--
-- Constraints for table `cart_item_return`
--
ALTER TABLE `cart_item_return`
  ADD CONSTRAINT `cart_item_return_ibfk_1` FOREIGN KEY (`cart_id`) REFERENCES `cart_informtion` (`cart_id`) ON DELETE CASCADE ON UPDATE CASCADE,
  ADD CONSTRAINT `cart_item_return_ibfk_2` FOREIGN KEY (`login_id`) REFERENCES `consumer_Login` (`login_id`) ON DELETE CASCADE ON UPDATE CASCADE,
  ADD CONSTRAINT `cart_item_return_ibfk_3` FOREIGN KEY (`cart_item_id`) REFERENCES `cart_items` (`cart_item_id`) ON DELETE CASCADE ON UPDATE CASCADE,
  ADD CONSTRAINT `cart_item_return_ibfk_4` FOREIGN KEY (`received_by_id`) REFERENCES `backoffice_login` (`login_id`);

--
-- Constraints for table `cart_payment_information`
--
ALTER TABLE `cart_payment_information`
  ADD CONSTRAINT `cart_payment_information_ibfk_1` FOREIGN KEY (`cart_id`) REFERENCES `cart_informtion` (`cart_id`) ON DELETE CASCADE ON UPDATE CASCADE,
  ADD CONSTRAINT `cart_payment_information_ibfk_2` FOREIGN KEY (`payment_method_id`) REFERENCES `cart_payment_methods` (`payment_method_id`);

--
-- Constraints for table `cart_temporary`
--
ALTER TABLE `cart_temporary`
  ADD CONSTRAINT `cart_temporary_ibfk_1` FOREIGN KEY (`consumer_id`) REFERENCES `consumer_Login` (`login_id`) ON DELETE CASCADE ON UPDATE CASCADE;

--
-- Constraints for table `cart_temporary_items`
--
ALTER TABLE `cart_temporary_items`
  ADD CONSTRAINT `cart_temporary_items_ibfk_1` FOREIGN KEY (`temp_cart_id`) REFERENCES `cart_temporary` (`temp_cart_id`) ON DELETE CASCADE ON UPDATE CASCADE,
  ADD CONSTRAINT `cart_temporary_items_ibfk_2` FOREIGN KEY (`product_id`) REFERENCES `products` (`product_id`);
COMMIT;

/*!40101 SET CHARACTER_SET_CLIENT=@OLD_CHARACTER_SET_CLIENT */;
/*!40101 SET CHARACTER_SET_RESULTS=@OLD_CHARACTER_SET_RESULTS */;
/*!40101 SET COLLATION_CONNECTION=@OLD_COLLATION_CONNECTION */;
